customerID,Churn,MonthlyCharges,tenure,Contract,PaymentMethod,InternetService,churn_score,already_churned
4910-GMJOT,1,94.6,1,Month-to-month,Electronic check,Fiber optic,0.9474112698,True
8058-INTPH,1,79.65,1,Month-to-month,Electronic check,Fiber optic,0.9431671759,True
8149-RSOUN,1,93.85,1,Month-to-month,Electronic check,Fiber optic,0.9430540787,True
7439-DKZTW,0,80.55,1,Month-to-month,Electronic check,Fiber optic,0.9423368238,False
2514-GINMM,1,79.5,1,Month-to-month,Electronic check,Fiber optic,0.9421560014,True
0295-PPHDO,1,95.45,1,Month-to-month,Electronic check,Fiber optic,0.9418818957,True
8603-IJWDN,1,86.6,1,Month-to-month,Electronic check,Fiber optic,0.9407164942,True
5192-EBGOV,1,85.7,1,Month-to-month,Electronic check,Fiber optic,0.9398346258,True
0495-RVCBF,1,79.7,1,Month-to-month,Electronic check,Fiber optic,0.9381115676,True
1069-XAIEM,1,85.05,1,Month-to-month,Electronic check,Fiber optic,0.9376872996,True
4912-PIGUY,0,84.6,1,Month-to-month,Electronic check,Fiber optic,0.9361877784,False
6457-USBER,1,80.8,1,Month-to-month,Electronic check,Fiber optic,0.9356407147,True
2868-MZAGQ,1,79.25,1,Month-to-month,Electronic check,Fiber optic,0.9355351553,True
3722-WPXTK,1,88.35,1,Month-to-month,Electronic check,Fiber optic,0.9352704454,True
7577-SWIFR,0,89.25,1,Month-to-month,Electronic check,Fiber optic,0.9346427239,False
9497-QCMMS,1,93.55,1,Month-to-month,Electronic check,Fiber optic,0.9346033994,True
2004-OCQXK,1,81.95,1,Month-to-month,Electronic check,Fiber optic,0.9341848871,True
5960-WPXQM,1,79.05,1,Month-to-month,Electronic check,Fiber optic,0.9338804363,True
9282-IZGQK,1,85.0,1,Month-to-month,Electronic check,Fiber optic,0.9335373107,True
1761-AEZZR,1,79.55,1,Month-to-month,Electronic check,Fiber optic,0.932580338,True
8740-CRYFY,1,78.95,1,Month-to-month,Electronic check,Fiber optic,0.932515171,True
8375-DKEBR,1,69.6,1,Month-to-month,Electronic check,Fiber optic,0.9319523937,True
5419-JPRRN,1,101.45,1,Month-to-month,Electronic check,Fiber optic,0.9319138277,True
3988-RQIXO,1,91.3,1,Month-to-month,Electronic check,Fiber optic,0.9316295826,True
6502-MJQAE,1,69.6,1,Month-to-month,Electronic check,Fiber optic,0.9313822323,True
2720-WGKHP,1,94.0,2,Month-to-month,Electronic check,Fiber optic,0.9313164709,True
5178-LMXOP,1,95.1,1,Month-to-month,Electronic check,Fiber optic,0.9312573598,True
3551-HUAZH,1,74.4,1,Month-to-month,Electronic check,Fiber optic,0.9311520037,True
9300-AGZNL,1,94.0,1,Month-to-month,Electronic check,Fiber optic,0.9305472825,True
0488-GSLFR,1,69.5,1,Month-to-month,Electronic check,Fiber optic,0.9304063498,True
5539-TMZLF,1,69.75,1,Month-to-month,Electronic check,Fiber optic,0.9303898934,True
9248-OJYKK,1,76.45,1,Month-to-month,Electronic check,Fiber optic,0.9303549071,True
6457-GIRWB,1,69.35,1,Month-to-month,Electronic check,Fiber optic,0.929353385,True
1452-VOQCH,0,75.1,1,Month-to-month,Electronic check,Fiber optic,0.9291119797,False
1833-VGRUM,1,74.2,1,Month-to-month,Electronic check,Fiber optic,0.9290273039,True
9300-RENDD,1,79.95,1,Month-to-month,Electronic check,Fiber optic,0.9288764998,True
6894-LFHLY,1,75.75,1,Month-to-month,Electronic check,Fiber optic,0.928816009,True
5919-TMRGD,1,79.35,1,Month-to-month,Electronic check,Fiber optic,0.9282420229,True
7660-HDPJV,1,69.2,1,Month-to-month,Electronic check,Fiber optic,0.928199698,True
5542-TBBWB,0,69.9,1,Month-to-month,Electronic check,Fiber optic,0.927413372,False
5240-IJOQT,1,74.7,1,Month-to-month,Electronic check,Fiber optic,0.9271451269,True
5834-ASPWA,1,75.45,1,Month-to-month,Electronic check,Fiber optic,0.927080573,True
9603-OAIHC,0,70.05,1,Month-to-month,Electronic check,Fiber optic,0.9269523126,False
6358-LYNGM,1,74.9,1,Month-to-month,Electronic check,Fiber optic,0.9268894622,True
5494-HECPR,1,80.25,1,Month-to-month,Electronic check,Fiber optic,0.9265465066,True
6567-HOOPW,1,79.2,1,Month-to-month,Electronic check,Fiber optic,0.926381918,True
4988-IQIGL,1,75.35,1,Month-to-month,Electronic check,Fiber optic,0.9263818721,True
8580-AECUZ,1,79.1,1,Month-to-month,Electronic check,Fiber optic,0.9262548835,True
3878-AVSOQ,0,71.25,1,Month-to-month,Electronic check,Fiber optic,0.9259932713,False
3158-MOERK,1,96.0,2,Month-to-month,Electronic check,Fiber optic,0.9259696917,True
7851-WZEKY,1,95.15,2,Month-to-month,Electronic check,Fiber optic,0.9255120149,True
4415-IJZTP,1,74.5,1,Month-to-month,Electronic check,Fiber optic,0.9248862263,True
7216-EWTRS,1,100.8,1,Month-to-month,Electronic check,Fiber optic,0.9247337605,True
1820-TQVEV,1,69.55,1,Month-to-month,Electronic check,Fiber optic,0.9247285679,True
5150-ITWWB,0,94.85,3,Month-to-month,Electronic check,Fiber optic,0.9246823512,False
2545-EBUPK,0,84.05,2,Month-to-month,Electronic check,Fiber optic,0.9246050834,False
2609-IAICY,1,77.15,1,Month-to-month,Electronic check,Fiber optic,0.9241430807,True
9605-WGJVW,0,70.2,1,Month-to-month,Electronic check,Fiber optic,0.9241242727,False
1415-YFWLT,1,89.3,1,Month-to-month,Electronic check,Fiber optic,0.9239863267,True
5376-DEQCP,1,70.6,1,Month-to-month,Electronic check,Fiber optic,0.9239809753,True
4826-XTSOH,1,86.05,1,Month-to-month,Electronic check,Fiber optic,0.9231986407,True
2636-ALXXZ,1,69.6,1,Month-to-month,Electronic check,Fiber optic,0.9228864674,True
4510-HIMLV,1,69.8,1,Month-to-month,Electronic check,Fiber optic,0.9227948096,True
4603-JANFB,1,69.85,1,Month-to-month,Electronic check,Fiber optic,0.9227948096,True
4273-MBHYA,0,89.35,1,Month-to-month,Electronic check,Fiber optic,0.9226887187,False
7465-ZZRVX,0,70.35,1,Month-to-month,Electronic check,Fiber optic,0.9225496958,False
5550-VFRLC,1,69.85,1,Month-to-month,Electronic check,Fiber optic,0.9221451944,True
9804-ICWBG,1,69.9,1,Month-to-month,Electronic check,Fiber optic,0.9220315393,True
4614-NUVZD,1,81.1,1,Month-to-month,Electronic check,Fiber optic,0.9208178657,True
3494-JCHRQ,1,70.05,1,Month-to-month,Electronic check,Fiber optic,0.9206898628,True
8473-VUVJN,1,73.65,1,Month-to-month,Electronic check,Fiber optic,0.9202684479,True
1640-PLFMP,0,70.25,1,Month-to-month,Electronic check,Fiber optic,0.9200037306,False
4871-JTKJF,1,69.65,1,Month-to-month,Electronic check,Fiber optic,0.9196623235,True
3068-OMWZA,1,88.8,1,Month-to-month,Electronic check,Fiber optic,0.9190314922,True
6521-YYTYI,1,93.3,1,Month-to-month,Electronic check,Fiber optic,0.9187747351,True
9787-XVQIU,1,75.3,1,Month-to-month,Electronic check,Fiber optic,0.9186533604,True
7206-GZCDC,1,69.25,1,Month-to-month,Electronic check,Fiber optic,0.9178830236,True
7024-OHCCK,1,93.85,2,Month-to-month,Electronic check,Fiber optic,0.9174513618,True
4102-OQUPX,1,74.4,1,Month-to-month,Electronic check,Fiber optic,0.9174474822,True
1031-IIDEO,1,70.85,1,Month-to-month,Electronic check,Fiber optic,0.9169213892,True
2018-QKYGT,0,81.05,1,Month-to-month,Electronic check,Fiber optic,0.9165949109,False
0723-DRCLG,1,74.45,1,Month-to-month,Electronic check,Fiber optic,0.9158197426,True
7274-RTAPZ,1,90.55,1,Month-to-month,Electronic check,Fiber optic,0.9157563436,True
0318-QUUOB,1,80.55,1,Month-to-month,Electronic check,Fiber optic,0.9153009338,True
0328-GRPMV,1,70.1,1,Month-to-month,Electronic check,Fiber optic,0.915206197,True
4702-IOQDC,1,70.1,1,Month-to-month,Electronic check,Fiber optic,0.915206197,True
0021-IKXGC,0,72.1,1,Month-to-month,Electronic check,Fiber optic,0.9147259977,False
7594-RQHXR,1,79.6,1,Month-to-month,Electronic check,Fiber optic,0.9146940562,True
3027-ZTDHO,1,89.9,1,Month-to-month,Electronic check,Fiber optic,0.9143881061,True
5196-SGOAK,1,75.7,1,Month-to-month,Electronic check,Fiber optic,0.913979099,True
7665-TOALD,1,69.6,1,Month-to-month,Electronic check,Fiber optic,0.9133957935,True
1157-BQCUW,1,74.95,1,Month-to-month,Electronic check,Fiber optic,0.9133655303,True
9019-QVLZD,1,79.55,1,Month-to-month,Electronic check,Fiber optic,0.9130229597,True
0970-ETWGE,1,89.55,1,Month-to-month,Electronic check,Fiber optic,0.9129456888,True
1143-NMNQJ,1,85.7,2,Month-to-month,Electronic check,Fiber optic,0.9129246654,True
1455-ESIQH,1,89.1,1,Month-to-month,Electronic check,Fiber optic,0.9129030002,True
6653-CBBOM,1,70.3,1,Month-to-month,Electronic check,Fiber optic,0.9124150651,True
1447-GIQMR,1,69.15,1,Month-to-month,Electronic check,Fiber optic,0.9120906854,True
1941-HOSAM,0,90.1,1,Month-to-month,Electronic check,Fiber optic,0.9119451625,False
8816-VXNZD,1,75.1,1,Month-to-month,Electronic check,Fiber optic,0.911745198,True
9488-HGMJH,1,71.15,1,Month-to-month,Electronic check,Fiber optic,0.9112656825,True
8775-LHDJH,1,90.6,1,Month-to-month,Electronic check,Fiber optic,0.9111809412,True
6230-BSUXY,1,85.0,1,Month-to-month,Electronic check,Fiber optic,0.911066356,True
8000-REIQB,1,69.95,1,Month-to-month,Electronic check,Fiber optic,0.9109115726,True
8644-XLFBW,1,71.65,1,Month-to-month,Electronic check,Fiber optic,0.9109025189,True
7254-IQWOZ,1,69.65,1,Month-to-month,Electronic check,Fiber optic,0.910791813,True
3428-XZMAZ,1,69.35,1,Month-to-month,Electronic check,Fiber optic,0.9106657523,True
9728-FTTVZ,1,69.2,1,Month-to-month,Electronic check,Fiber optic,0.910624033,True
6474-FVJLC,1,86.0,2,Month-to-month,Electronic check,Fiber optic,0.9098751639,True
9057-SIHCH,1,96.6,3,Month-to-month,Electronic check,Fiber optic,0.9095242544,True
6996-KNSML,1,74.9,1,Month-to-month,Electronic check,Fiber optic,0.9095154902,True
1846-XWOQN,1,70.15,1,Month-to-month,Electronic check,Fiber optic,0.9093818834,True
0259-GBZSH,1,85.65,2,Month-to-month,Electronic check,Fiber optic,0.9092647132,True
2034-GDRCN,1,90.4,2,Month-to-month,Electronic check,Fiber optic,0.9089506636,True
3244-DCJWY,1,70.25,1,Month-to-month,Electronic check,Fiber optic,0.9088958015,True
7493-TPUWZ,1,79.15,1,Month-to-month,Electronic check,Fiber optic,0.9088862775,True
5597-GLBUC,1,85.45,1,Month-to-month,Electronic check,Fiber optic,0.908752064,True
2446-PLQVO,1,70.3,1,Month-to-month,Electronic check,Fiber optic,0.9086516608,True
5875-YPQFJ,1,69.9,1,Month-to-month,Electronic check,Fiber optic,0.9084615136,True
8051-HJRLT,1,70.55,1,Month-to-month,Electronic check,Fiber optic,0.9082678162,True
4424-TKOPW,1,93.85,2,Month-to-month,Electronic check,Fiber optic,0.9081538514,True
1628-BIZYP,0,85.0,1,Month-to-month,Electronic check,Fiber optic,0.9076685367,False
2725-KXXWT,1,90.75,1,Month-to-month,Electronic check,Fiber optic,0.9076160141,True
2777-PHDEI,1,78.05,1,Month-to-month,Electronic check,Fiber optic,0.9073242212,True
8062-YBDOE,1,69.65,1,Month-to-month,Electronic check,Fiber optic,0.9066892709,True
8098-LLAZX,1,95.45,4,Month-to-month,Electronic check,Fiber optic,0.9064025617,True
7180-PISOG,1,74.5,1,Month-to-month,Electronic check,Fiber optic,0.906384414,True
1374-DMZUI,1,94.3,4,Month-to-month,Electronic check,Fiber optic,0.9063652028,True
2506-TNFCO,1,69.55,1,Month-to-month,Electronic check,Fiber optic,0.9062621166,True
2202-CUYXZ,1,84.85,1,Month-to-month,Electronic check,Fiber optic,0.9056188566,True
6960-HVYXR,1,76.0,1,Month-to-month,Electronic check,Fiber optic,0.9055446575,True
6023-YEBUP,1,100.95,3,Month-to-month,Electronic check,Fiber optic,0.9053995362,True
9681-OXGVC,1,100.5,5,Month-to-month,Electronic check,Fiber optic,0.9048968449,True
2656-TABEH,1,100.2,4,Month-to-month,Electronic check,Fiber optic,0.9044184546,True
1363-TXLSL,1,70.3,1,Month-to-month,Electronic check,Fiber optic,0.9037127436,True
4822-RVYBB,1,100.6,8,Month-to-month,Electronic check,Fiber optic,0.9036986073,True
6372-RFVNS,1,78.8,1,Month-to-month,Electronic check,Fiber optic,0.9030491223,True
9305-CDSKC,1,99.65,8,Month-to-month,Electronic check,Fiber optic,0.9025089311,True
3049-SOLAY,1,95.2,3,Month-to-month,Electronic check,Fiber optic,0.9023993086,True
0897-FEGMU,1,99.5,11,Month-to-month,Electronic check,Fiber optic,0.902226387,True
4695-WJZUE,1,88.55,2,Month-to-month,Electronic check,Fiber optic,0.9015694614,True
9725-SCPZG,1,90.85,1,Month-to-month,Electronic check,Fiber optic,0.9015491391,True
9124-LHCJQ,1,85.45,1,Month-to-month,Mailed check,Fiber optic,0.9010920601,True
6513-EECDB,1,73.55,1,Month-to-month,Electronic check,Fiber optic,0.898858057,True
0742-NXBGR,1,82.3,1,Month-to-month,Electronic check,Fiber optic,0.8986675259,True
5277-ZLOOR,1,85.55,2,Month-to-month,Electronic check,Fiber optic,0.898605737,True
4550-EVXNY,1,69.65,1,Month-to-month,Electronic check,Fiber optic,0.8985191402,True
2619-WFQWU,1,70.15,1,Month-to-month,Mailed check,Fiber optic,0.8978872615,True
6861-XWTWQ,1,99.25,7,Month-to-month,Electronic check,Fiber optic,0.8973805724,True
8380-PEFPE,1,71.65,1,Month-to-month,Electronic check,Fiber optic,0.8970804313,True
5032-MIYKT,0,70.7,1,Month-to-month,Mailed check,Fiber optic,0.8967897214,False
0564-JJHGS,1,95.5,9,Month-to-month,Electronic check,Fiber optic,0.8967023243,True
5797-APWZC,1,90.6,1,Month-to-month,Electronic check,Fiber optic,0.8965132679,True
2867-UIMSS,1,80.5,1,Month-to-month,Electronic check,Fiber optic,0.8962750874,True
3716-BDVDB,1,69.1,1,Month-to-month,Electronic check,Fiber optic,0.8960833495,True
8372-JUXUI,1,74.35,1,Month-to-month,Electronic check,Fiber optic,0.8958052148,True
5393-RXQSZ,1,79.6,1,Month-to-month,Electronic check,Fiber optic,0.8957875264,True
2446-BEGGB,1,98.25,6,Month-to-month,Electronic check,Fiber optic,0.8956096647,True
0107-YHINA,1,99.75,1,Month-to-month,Electronic check,Fiber optic,0.8955211501,True
7294-TMAOP,1,90.55,1,Month-to-month,Electronic check,Fiber optic,0.8953979926,True
9223-UCPVT,1,94.4,1,Month-to-month,Electronic check,Fiber optic,0.8953516024,True
0697-ZMSWS,1,85.65,4,Month-to-month,Electronic check,Fiber optic,0.8952855523,True
3765-JXVKY,1,74.7,1,Month-to-month,Electronic check,Fiber optic,0.8950536053,True
2262-SLNVK,0,70.1,1,Month-to-month,Electronic check,Fiber optic,0.8949464486,False
9885-CSMWE,1,78.45,1,Month-to-month,Electronic check,Fiber optic,0.8947212041,True
8884-ADFVN,1,101.95,7,Month-to-month,Electronic check,Fiber optic,0.8946282167,True
8161-QYMTT,0,94.1,7,Month-to-month,Electronic check,Fiber optic,0.8939620898,False
1977-STDKI,1,73.0,1,Month-to-month,Electronic check,Fiber optic,0.8936577949,True
7409-KIUTL,1,71.0,1,Month-to-month,Electronic check,Fiber optic,0.8935803694,True
8593-WHYHV,1,85.3,3,Month-to-month,Electronic check,Fiber optic,0.8931664829,True
8258-GSTJK,1,77.0,3,Month-to-month,Electronic check,Fiber optic,0.8923527061,True
9507-EXLTT,1,79.35,1,Month-to-month,Bank transfer (automatic),Fiber optic,0.8917968406,True
2968-SSGAA,1,100.6,10,Month-to-month,Electronic check,Fiber optic,0.8917408489,True
1304-NECVQ,1,78.55,2,Month-to-month,Electronic check,Fiber optic,0.891611994,True
6496-SLWHQ,1,105.0,3,Month-to-month,Electronic check,Fiber optic,0.891433728,True
1285-OKIPP,1,79.9,1,Month-to-month,Electronic check,Fiber optic,0.890244274,True
4806-HIPDW,1,68.95,1,Month-to-month,Electronic check,Fiber optic,0.8901823878,True
4844-JJWUY,1,86.0,1,Month-to-month,Electronic check,Fiber optic,0.8897435264,True
9546-CQJSU,1,91.4,2,Month-to-month,Electronic check,Fiber optic,0.8896442988,True
8775-ERLNB,0,74.3,1,Month-to-month,Electronic check,Fiber optic,0.8894747137,False
4750-ZRXIU,1,84.6,4,Month-to-month,Electronic check,Fiber optic,0.8893836527,True
1915-IOFGU,1,70.5,1,Month-to-month,Electronic check,Fiber optic,0.8892344643,True
8086-OVPWV,1,80.2,2,Month-to-month,Electronic check,Fiber optic,0.8890445895,True
2660-EMUBI,1,95.35,10,Month-to-month,Electronic check,Fiber optic,0.8888104323,True
1455-UGQVH,1,98.5,10,Month-to-month,Electronic check,Fiber optic,0.8886432029,True
1853-UDXBW,1,70.0,1,Month-to-month,Electronic check,Fiber optic,0.8886053584,True
2254-DLXRI,0,79.15,1,Month-to-month,Mailed check,Fiber optic,0.8882579571,False
4529-CKBCL,1,80.2,2,Month-to-month,Electronic check,Fiber optic,0.8882557078,True
0781-LKXBR,1,100.5,9,Month-to-month,Electronic check,Fiber optic,0.8880850032,True
5043-TRZWM,0,75.55,1,Month-to-month,Electronic check,Fiber optic,0.8876908586,False
3318-NMQXL,0,92.0,3,Month-to-month,Electronic check,Fiber optic,0.8872888084,False
2012-NWRPA,1,99.55,11,Month-to-month,Electronic check,Fiber optic,0.8870533192,True
7153-OANIO,1,69.95,1,Month-to-month,Electronic check,Fiber optic,0.8868242486,True
7526-BEZQB,1,96.05,12,Month-to-month,Electronic check,Fiber optic,0.8867850019,True
9878-TNQGW,1,80.95,2,Month-to-month,Electronic check,Fiber optic,0.8861669973,True
0754-UKWQP,1,95.85,2,Month-to-month,Electronic check,Fiber optic,0.8860088557,True
5567-WSELE,1,94.6,3,Month-to-month,Electronic check,Fiber optic,0.8859440393,True
2672-HUYVI,1,91.1,6,Month-to-month,Electronic check,Fiber optic,0.8857899459,True
1981-INRFU,1,79.75,2,Month-to-month,Electronic check,Fiber optic,0.8856430979,True
1400-MMYXY,1,105.9,3,Month-to-month,Electronic check,Fiber optic,0.8854919269,True
3811-VBYBZ,1,99.8,7,Month-to-month,Electronic check,Fiber optic,0.8852594266,True
3006-XIMLN,1,94.2,2,Month-to-month,Bank transfer (automatic),Fiber optic,0.884991097,True
8739-XNIKG,0,84.0,5,Month-to-month,Electronic check,Fiber optic,0.8845755745,False
1448-PWKYE,1,80.0,1,Month-to-month,Electronic check,Fiber optic,0.8842137565,True
2013-SGDXK,1,84.3,1,Month-to-month,Electronic check,Fiber optic,0.8839666588,True
3422-GALYP,0,79.45,2,Month-to-month,Electronic check,Fiber optic,0.8838784748,False
7450-NWRTR,1,99.45,12,Month-to-month,Electronic check,Fiber optic,0.8838316758,True
5299-SJCZT,1,101.55,3,Month-to-month,Bank transfer (automatic),Fiber optic,0.8836092157,True
4927-WWOOZ,0,91.45,2,Month-to-month,Electronic check,Fiber optic,0.8836053749,False
1618-CFHME,1,75.9,2,Month-to-month,Electronic check,Fiber optic,0.883453465,True
3489-HHPFY,0,84.05,2,Month-to-month,Electronic check,Fiber optic,0.8832989928,False
1393-IMKZG,0,95.85,1,Month-to-month,Electronic check,Fiber optic,0.8829219408,False
3387-VATUS,1,94.85,5,Month-to-month,Bank transfer (automatic),Fiber optic,0.8827890726,True
9399-APLBT,1,74.7,1,Month-to-month,Electronic check,Fiber optic,0.8826243051,True
4234-XTNEA,0,79.95,2,Month-to-month,Electronic check,Fiber optic,0.8826121717,False
0511-JTEOY,1,71.1,1,Month-to-month,Mailed check,Fiber optic,0.8824055157,True
8040-MNRTF,0,71.1,1,Month-to-month,Mailed check,Fiber optic,0.8824055157,False
5564-NEMQO,1,75.3,1,Month-to-month,Bank transfer (automatic),Fiber optic,0.8823017862,True
1273-MTETI,1,88.85,4,Month-to-month,Electronic check,Fiber optic,0.8818499295,True
0655-RBDUG,1,98.05,7,Month-to-month,Bank transfer (automatic),Fiber optic,0.8818093136,True
2865-TCHJW,1,89.2,4,Month-to-month,Electronic check,Fiber optic,0.8815793927,True
4274-OWWYO,1,74.35,1,Month-to-month,Electronic check,Fiber optic,0.8813647793,True
3276-HDUEG,1,75.05,1,Month-to-month,Mailed check,Fiber optic,0.8808466221,True
6910-HADCM,1,76.35,1,Month-to-month,Electronic check,Fiber optic,0.8806019781,True
3422-LYEPQ,1,71.0,1,Month-to-month,Electronic check,Fiber optic,0.8803491062,True
7120-RFMVS,1,84.5,1,Month-to-month,Electronic check,Fiber optic,0.8802106269,True
2982-IHMFT,1,74.45,1,Month-to-month,Mailed check,Fiber optic,0.8797698025,True
3049-NDXFL,1,85.8,1,Month-to-month,Mailed check,Fiber optic,0.879736824,True
9894-EZEWG,1,74.3,1,Month-to-month,Credit card (automatic),Fiber optic,0.8797283416,True
7503-ZGUZJ,1,84.65,1,Month-to-month,Mailed check,Fiber optic,0.8797207144,True
9689-PTNPG,1,80.25,2,Month-to-month,Electronic check,Fiber optic,0.8797032227,True
4078-SAYYN,1,100.75,11,Month-to-month,Electronic check,Fiber optic,0.8795378754,True
2462-XIIJB,1,92.5,5,Month-to-month,Electronic check,Fiber optic,0.8791357899,True
5134-IKDAY,1,69.8,1,Month-to-month,Electronic check,Fiber optic,0.8788210137,True
4713-LZDRV,1,79.6,2,Month-to-month,Electronic check,Fiber optic,0.8786470228,True
0196-VULGZ,1,84.35,6,Month-to-month,Electronic check,Fiber optic,0.8785866976,True
8945-GRKHX,1,78.65,1,Month-to-month,Electronic check,Fiber optic,0.8783272696,True
6350-XFYGW,0,94.75,4,Month-to-month,Electronic check,Fiber optic,0.8780051819,False
5054-IEXZT,1,75.35,1,Month-to-month,Electronic check,Fiber optic,0.877666467,True
8309-IEYJD,0,70.6,1,Month-to-month,Mailed check,Fiber optic,0.8774484448,False
6630-UJZMY,0,83.25,4,Month-to-month,Electronic check,Fiber optic,0.8771308271,False
3746-EUBYR,1,74.6,1,Month-to-month,Bank transfer (automatic),Fiber optic,0.8770109243,True
0235-KGSLC,1,85.55,1,Month-to-month,Credit card (automatic),Fiber optic,0.8769308952,True
4951-UKAAQ,1,88.95,4,Month-to-month,Electronic check,Fiber optic,0.8768950425,True
3066-RRJIO,1,69.95,1,Month-to-month,Mailed check,Fiber optic,0.8763554389,True
0679-IDSTG,1,69.25,1,Month-to-month,Electronic check,Fiber optic,0.8762620285,True
3389-YGYAI,1,105.5,8,Month-to-month,Electronic check,Fiber optic,0.8761081956,True
6357-JJPQT,0,80.5,3,Month-to-month,Electronic check,Fiber optic,0.8760949077,False
3177-LASXD,1,71.35,1,Month-to-month,Electronic check,Fiber optic,0.8753628259,True
7943-RQCHR,1,94.75,9,Month-to-month,Electronic check,Fiber optic,0.8752626706,True
4548-SDBKE,1,85.2,5,Month-to-month,Electronic check,Fiber optic,0.8746394212,True
8972-HJWNV,1,84.55,7,Month-to-month,Electronic check,Fiber optic,0.8745236723,True
6857-VWJDT,1,95.65,1,Month-to-month,Mailed check,Fiber optic,0.8745139498,True
2789-HQBOU,0,80.35,3,Month-to-month,Electronic check,Fiber optic,0.8743644045,False
0702-PGIBZ,1,101.7,4,Month-to-month,Electronic check,Fiber optic,0.874290429,True
5167-ZFFMM,1,90.85,1,Month-to-month,Credit card (automatic),Fiber optic,0.8741881442,True
7228-OMTPN,1,88.45,4,Month-to-month,Electronic check,Fiber optic,0.8740829422,True
6892-EZDTG,1,91.65,4,Month-to-month,Electronic check,Fiber optic,0.8740619578,True
7488-MXJIV,1,85.65,4,Month-to-month,Electronic check,Fiber optic,0.8739442732,True
9231-ZJYAM,1,78.85,4,Month-to-month,Electronic check,Fiber optic,0.8737944542,True
2856-HYAPG,1,68.65,1,Month-to-month,Electronic check,Fiber optic,0.8735684772,True
2982-VPSGI,1,94.0,11,Month-to-month,Electronic check,Fiber optic,0.8734267957,True
0637-KVDLV,1,76.5,2,Month-to-month,Electronic check,Fiber optic,0.8733585371,True
0220-EBGCE,1,85.85,2,Month-to-month,Electronic check,Fiber optic,0.8732940489,True
2205-YMZZJ,1,84.8,7,Month-to-month,Electronic check,Fiber optic,0.8732705107,True
0334-GDDSO,1,81.35,3,Month-to-month,Electronic check,Fiber optic,0.873110465,True
3178-FESZO,1,100.25,1,Month-to-month,Credit card (automatic),Fiber optic,0.8730460289,True
7576-OYWBN,1,76.05,3,Month-to-month,Electronic check,Fiber optic,0.8727061864,True
7760-OYPDY,1,80.65,2,Month-to-month,Electronic check,Fiber optic,0.8723450359,True
9611-CTWIH,1,89.45,3,Month-to-month,Electronic check,Fiber optic,0.8722845577,True
0968-GSIKN,1,70.8,1,Month-to-month,Mailed check,Fiber optic,0.8720946694,True
6356-ELRKD,1,95.6,1,Month-to-month,Electronic check,Fiber optic,0.8718594162,True
9940-RHLFB,1,75.3,1,Month-to-month,Electronic check,Fiber optic,0.8716018204,True
4770-UEZOX,0,74.75,2,Month-to-month,Electronic check,Fiber optic,0.871212902,False
8622-ZLFKO,0,90.75,6,Month-to-month,Electronic check,Fiber optic,0.8711287702,False
9840-EFJQB,0,74.35,1,Month-to-month,Electronic check,Fiber optic,0.8711184713,False
4143-OOBWZ,1,81.3,5,Month-to-month,Electronic check,Fiber optic,0.8708792637,True
8183-ONMXC,1,80.75,2,Month-to-month,Electronic check,Fiber optic,0.870668446,True
3727-RJMEO,1,82.85,6,Month-to-month,Electronic check,Fiber optic,0.8705143646,True
1569-TTNYJ,1,78.75,5,Month-to-month,Electronic check,Fiber optic,0.8691303948,True
1624-NALOJ,1,89.8,5,Month-to-month,Electronic check,Fiber optic,0.8690785,True
5835-BEQEU,1,76.95,3,Month-to-month,Electronic check,Fiber optic,0.8688464172,True
5275-SQEIZ,1,80.85,1,Month-to-month,Mailed check,Fiber optic,0.8685803334,True
2642-DTVCO,1,85.05,9,Month-to-month,Electronic check,Fiber optic,0.8685193443,True
4587-VVTOX,1,105.3,6,Month-to-month,Electronic check,Fiber optic,0.8681789025,True
4795-KTRTH,1,81.0,5,Month-to-month,Electronic check,Fiber optic,0.8681651657,True
9317-WZPGV,1,79.75,2,Month-to-month,Bank transfer (automatic),Fiber optic,0.8680201916,True
9957-YODKZ,0,80.8,6,Month-to-month,Electronic check,Fiber optic,0.86783127,False
9444-JTXHZ,1,76.2,1,Month-to-month,Electronic check,Fiber optic,0.8677493203,True
1197-BVMVG,0,74.45,4,Month-to-month,Electronic check,Fiber optic,0.867589914,False
7779-LGOVN,1,86.65,10,Month-to-month,Electronic check,Fiber optic,0.8675058335,True
9025-AOMKI,1,93.55,6,Month-to-month,Bank transfer (automatic),Fiber optic,0.8671158206,True
6856-RAURS,0,74.9,2,Month-to-month,Mailed check,Fiber optic,0.8671070656,False
2454-RPBRZ,1,98.1,12,Month-to-month,Electronic check,Fiber optic,0.8670731463,True
6161-UUUTA,1,79.9,3,Month-to-month,Electronic check,Fiber optic,0.866988833,True
3295-YVUSR,0,72.6,2,Month-to-month,Mailed check,Fiber optic,0.8664421688,False
9985-MWVIX,1,70.15,1,Month-to-month,Mailed check,Fiber optic,0.8663939793,True
7858-GTZSP,0,86.55,12,Month-to-month,Electronic check,Fiber optic,0.8663548314,False
9837-BMCLM,1,78.5,3,Month-to-month,Electronic check,Fiber optic,0.8660201459,True
2024-BASKD,1,74.6,1,Month-to-month,Mailed check,Fiber optic,0.8658433083,True
0404-SWRVG,1,74.4,3,Month-to-month,Electronic check,Fiber optic,0.8655059277,True
8780-IXSTS,1,90.1,6,Month-to-month,Electronic check,Fiber optic,0.8651457472,True
3643-AHCFP,1,95.6,7,Month-to-month,Bank transfer (automatic),Fiber optic,0.8648271742,True
8443-ZRDBZ,1,76.05,4,Month-to-month,Electronic check,Fiber optic,0.8645886614,True
7548-SEPYI,1,96.25,5,Month-to-month,Electronic check,Fiber optic,0.8641221527,True
3462-BJQQA,0,89.75,6,Month-to-month,Electronic check,Fiber optic,0.8639767954,False
7330-WZLNC,1,90.8,5,Month-to-month,Electronic check,Fiber optic,0.8639521036,True
8357-EQXFO,1,95.35,7,Month-to-month,Electronic check,Fiber optic,0.8639013215,True
4228-ZGYUW,1,90.05,4,Month-to-month,Electronic check,Fiber optic,0.8637373352,True
9965-YOKZB,1,83.85,9,Month-to-month,Electronic check,Fiber optic,0.8637275817,True
3902-FOIGH,1,101.35,12,Month-to-month,Electronic check,Fiber optic,0.8636266987,True
7074-IEVOJ,1,79.4,3,Month-to-month,Electronic check,Fiber optic,0.8635996364,True
7817-BOQPW,1,75.55,2,Month-to-month,Electronic check,Fiber optic,0.8635067177,True
4847-TAJYI,0,89.35,6,Month-to-month,Electronic check,Fiber optic,0.8634140648,False
2180-DXNEG,1,96.0,12,Month-to-month,Electronic check,Fiber optic,0.8632586684,True
0137-OCGAB,1,80.2,1,Month-to-month,Mailed check,Fiber optic,0.8628939679,True
3045-XETSH,1,94.85,10,Month-to-month,Electronic check,Fiber optic,0.8626900304,True
7314-OXENN,1,82.0,2,Month-to-month,Electronic check,Fiber optic,0.8623934428,True
3320-VEOYC,0,95.6,14,Month-to-month,Electronic check,Fiber optic,0.8623448701,False
4090-KPJIP,0,74.95,3,Month-to-month,Electronic check,Fiber optic,0.8622741411,False
3707-GNWHM,1,74.25,1,Month-to-month,Mailed check,Fiber optic,0.8620967018,True
9134-CEQMF,1,89.5,7,Month-to-month,Electronic check,Fiber optic,0.8619550626,True
4759-TRPLW,1,70.4,1,Month-to-month,Electronic check,Fiber optic,0.8618715095,True
6618-RYATB,1,79.55,1,Month-to-month,Mailed check,Fiber optic,0.8618123628,True
5186-SAMNZ,1,69.5,1,Month-to-month,Bank transfer (automatic),Fiber optic,0.8617781587,True
6688-UZPWD,1,102.0,11,Month-to-month,Electronic check,Fiber optic,0.8615831587,True
2215-ZAFGX,0,85.5,9,Month-to-month,Electronic check,Fiber optic,0.8614956838,False
6328-ZPBGN,1,95.15,11,Month-to-month,Bank transfer (automatic),Fiber optic,0.8614947297,True
4952-YSOGZ,1,85.95,4,Month-to-month,Electronic check,Fiber optic,0.8614759469,True
6108-OQZDQ,1,97.95,4,Month-to-month,Electronic check,Fiber optic,0.8614716916,True
4140-MUHUG,1,86.85,3,Month-to-month,Electronic check,Fiber optic,0.8614433949,True
4806-KEXQR,1,79.9,4,Month-to-month,Electronic check,Fiber optic,0.8609220505,True
6229-LSCKB,0,79.7,6,Month-to-month,Electronic check,Fiber optic,0.8609108739,False
6407-UTSLV,0,83.8,2,Month-to-month,Bank transfer (automatic),Fiber optic,0.8607493474,False
8414-MYSHR,1,91.4,5,Month-to-month,Electronic check,Fiber optic,0.8607224532,True
2959-MJHIC,1,80.35,4,Month-to-month,Electronic check,Fiber optic,0.8605420341,True
9944-HKVVB,1,95.1,3,Month-to-month,Electronic check,Fiber optic,0.8604263451,True
1320-HTRDR,1,75.5,3,Month-to-month,Electronic check,Fiber optic,0.8603757789,True
2645-QTLMB,1,94.25,7,Month-to-month,Electronic check,Fiber optic,0.8603239215,True
4626-GYCZP,1,93.85,7,Month-to-month,Electronic check,Fiber optic,0.8598422468,True
3319-DWOEP,1,95.75,6,Month-to-month,Electronic check,Fiber optic,0.8598421425,True
4581-SSPWD,1,75.8,3,Month-to-month,Electronic check,Fiber optic,0.8597635831,True
2880-FPNAE,0,74.2,2,Month-to-month,Electronic check,Fiber optic,0.8596187006,False
6086-ESGRL,1,80.15,1,Month-to-month,Credit card (automatic),Fiber optic,0.8593982181,True
7595-EUIVN,1,75.8,1,Month-to-month,Electronic check,Fiber optic,0.8591886181,True
7341-LXCAF,1,74.65,4,Month-to-month,Electronic check,Fiber optic,0.858918658,True
3097-NQYSN,1,86.85,2,Month-to-month,Mailed check,Fiber optic,0.8586576457,True
1724-BQUHA,1,89.5,5,Month-to-month,Electronic check,Fiber optic,0.85845553,True
4192-GORJT,1,94.45,5,Month-to-month,Electronic check,Fiber optic,0.8582713878,True
0390-DCFDQ,1,70.45,1,Month-to-month,Mailed check,Fiber optic,0.8582671032,True
8058-JMEQO,1,84.45,9,Month-to-month,Electronic check,Fiber optic,0.858245025,True
3519-ZKXGG,1,75.85,3,Month-to-month,Electronic check,Fiber optic,0.8580614096,True
3721-CNEYS,1,70.95,2,Month-to-month,Electronic check,Fiber optic,0.8578080903,True
3776-EKTKM,1,36.45,1,Month-to-month,Electronic check,DSL,0.8575146067,True
4395-PZMSN,0,85.55,5,Month-to-month,Electronic check,Fiber optic,0.8573517292,False
5383-MMTWC,1,84.0,8,Month-to-month,Electronic check,Fiber optic,0.8571706972,True
5052-PNLOS,1,105.35,3,Month-to-month,Bank transfer (automatic),Fiber optic,0.8570365671,True
7908-QCBCA,1,69.4,1,Month-to-month,Mailed check,Fiber optic,0.8569661105,True
7563-BIUPC,1,80.6,5,Month-to-month,Electronic check,Fiber optic,0.8569627229,True
4086-YQSNZ,1,80.4,3,Month-to-month,Electronic check,Fiber optic,0.8569031702,True
0023-HGHWL,1,25.1,1,Month-to-month,Electronic check,DSL,0.8568094835,True
7398-SKNQZ,0,94.9,3,Month-to-month,Electronic check,Fiber optic,0.8566972349,False
0231-LXVAP,1,75.9,1,Month-to-month,Electronic check,Fiber optic,0.8566747988,True
9290-SHCMB,0,96.85,13,Month-to-month,Electronic check,Fiber optic,0.8565311869,False
3793-MMFUH,1,95.05,13,Month-to-month,Electronic check,Fiber optic,0.8562162385,True
4112-LUEIZ,1,89.5,10,Month-to-month,Electronic check,Fiber optic,0.8559932256,True
4060-LDNLU,0,96.2,7,Month-to-month,Electronic check,Fiber optic,0.855896829,False
9061-TIHDA,1,95.25,13,Month-to-month,Electronic check,Fiber optic,0.8558726638,True
1960-UYCNN,0,95.25,10,Month-to-month,Electronic check,Fiber optic,0.8558356399,False
5561-NWEVX,1,79.2,2,Month-to-month,Electronic check,Fiber optic,0.8556440042,True
4342-HENTK,1,70.65,2,Month-to-month,Electronic check,Fiber optic,0.8555895162,True
5565-FILXA,1,96.15,16,Month-to-month,Electronic check,Fiber optic,0.8555532652,True
0094-OIFMO,1,95.0,11,Month-to-month,Electronic check,Fiber optic,0.8555472661,True
9185-TQCVP,1,85.15,14,Month-to-month,Electronic check,Fiber optic,0.8555066215,True
5380-AFSSK,1,93.9,5,Month-to-month,Mailed check,Fiber optic,0.8553349949,True
4210-QFJMF,1,79.15,4,Month-to-month,Electronic check,Fiber optic,0.8547752151,True
5644-PDMZC,1,89.5,2,Month-to-month,Electronic check,Fiber optic,0.8547053981,True
0195-IESCP,1,85.25,10,Month-to-month,Electronic check,Fiber optic,0.8546765544,True
9451-LPGOO,1,86.8,7,Month-to-month,Electronic check,Fiber optic,0.854635385,True
7823-JSOAG,0,74.5,3,Month-to-month,Electronic check,Fiber optic,0.8544080663,False
6969-MVBAI,0,90.1,9,Month-to-month,Electronic check,Fiber optic,0.8542589894,False
3398-FSHON,1,91.3,12,Month-to-month,Electronic check,Fiber optic,0.8542511895,True
0508-OOLTO,0,71.65,2,Month-to-month,Electronic check,Fiber optic,0.854190904,False
3871-IKPYH,1,69.1,1,Month-to-month,Electronic check,Fiber optic,0.8540117087,True
0722-TROQR,1,74.9,4,Month-to-month,Electronic check,Fiber optic,0.8539723733,True
6941-PMGEP,1,80.0,5,Month-to-month,Electronic check,Fiber optic,0.8537550024,True
0151-ONTOV,1,70.9,1,Month-to-month,Mailed check,Fiber optic,0.8537194964,True
1925-TIBLE,1,86.5,7,Month-to-month,Electronic check,Fiber optic,0.8536180196,True
7249-WBIYX,1,85.6,10,Month-to-month,Electronic check,Fiber optic,0.8535633199,True
2990-HWIML,1,89.5,6,Month-to-month,Electronic check,Fiber optic,0.8533766146,True
2612-RRIDN,1,81.0,4,Month-to-month,Electronic check,Fiber optic,0.8532727826,True
1678-FYZOW,1,79.4,3,Month-to-month,Electronic check,Fiber optic,0.8532591528,True
8168-UQWWF,1,97.85,11,Month-to-month,Bank transfer (automatic),Fiber optic,0.8527078504,True
4110-PFEUZ,1,69.55,1,Month-to-month,Mailed check,Fiber optic,0.8521467859,True
3198-VELRD,1,84.75,3,Month-to-month,Bank transfer (automatic),Fiber optic,0.8521222647,True
7198-GLXTC,1,79.0,2,Month-to-month,Electronic check,Fiber optic,0.8517835053,True
9306-CPCBC,1,74.25,3,Month-to-month,Electronic check,Fiber optic,0.8517331198,True
4501-EQDRN,1,69.7,1,Month-to-month,Bank transfer (automatic),Fiber optic,0.8515941165,True
1450-GALXR,1,98.5,10,Month-to-month,Electronic check,Fiber optic,0.8512844764,True
2737-YNGYW,1,80.55,2,Month-to-month,Electronic check,Fiber optic,0.8512131714,True
1084-UQCHV,1,69.75,1,Month-to-month,Bank transfer (automatic),Fiber optic,0.8504889756,True
7365-BVCJH,0,24.4,1,Month-to-month,Electronic check,DSL,0.850105787,False
9094-AZPHK,0,100.15,15,Month-to-month,Electronic check,Fiber optic,0.8498705672,False
5583-SXDAG,1,70.0,1,Month-to-month,Electronic check,Fiber optic,0.8497761016,True
9617-INGJY,0,70.6,1,Month-to-month,Mailed check,Fiber optic,0.849772329,False
0680-DFNNY,1,101.1,15,Month-to-month,Electronic check,Fiber optic,0.8497693882,True
6979-ZNSFF,1,87.05,8,Month-to-month,Electronic check,Fiber optic,0.8497089786,True
4115-NZRKS,0,89.15,7,Month-to-month,Electronic check,Fiber optic,0.8494380413,False
2897-DOVND,0,69.8,2,Month-to-month,Electronic check,Fiber optic,0.8493828037,False
3191-CSNMG,0,80.7,3,Month-to-month,Electronic check,Fiber optic,0.8489002626,False
0519-XUZJU,1,70.75,1,Month-to-month,Mailed check,Fiber optic,0.8487098625,True
2027-FECZV,1,106.7,12,Month-to-month,Electronic check,Fiber optic,0.8486747858,True
5519-NPHVG,1,94.2,12,Month-to-month,Electronic check,Fiber optic,0.8486502532,True
1579-KLYDT,1,90.45,7,Month-to-month,Electronic check,Fiber optic,0.8485647408,True
0684-AOSIH,1,95.0,1,Month-to-month,Electronic check,Fiber optic,0.847964978,True
0325-XBFAC,1,94.7,8,Month-to-month,Electronic check,Fiber optic,0.8477979871,True
4145-UQXUQ,1,92.1,8,Month-to-month,Electronic check,Fiber optic,0.8476894946,True
4929-XIHVW,0,95.5,2,Month-to-month,Credit card (automatic),Fiber optic,0.8475401519,False
2265-CYWIV,1,99.6,4,Month-to-month,Electronic check,Fiber optic,0.8470871474,True
9717-QEBGU,0,70.3,2,Month-to-month,Electronic check,Fiber optic,0.8468593254,False
6416-TVAIH,1,68.5,1,Month-to-month,Electronic check,Fiber optic,0.8468431737,True
0880-TKATG,1,101.15,4,Month-to-month,Electronic check,Fiber optic,0.8468220637,True
1086-LXKFY,1,69.1,1,Month-to-month,Mailed check,Fiber optic,0.8465522855,True
0841-NULXI,1,35.55,1,Month-to-month,Electronic check,DSL,0.8464021544,True
3091-FYHKI,1,35.45,1,Month-to-month,Electronic check,DSL,0.8464021544,True
2952-QAYZF,1,85.3,5,Month-to-month,Electronic check,Fiber optic,0.8462842019,True
4749-OJKQU,0,75.65,4,Month-to-month,Electronic check,Fiber optic,0.8461643393,False
9221-OTIVJ,1,104.85,14,Month-to-month,Electronic check,Fiber optic,0.846152896,True
7235-NXZCP,1,74.85,2,Month-to-month,Mailed check,Fiber optic,0.8460222057,True
6877-TJMBR,1,84.8,1,Month-to-month,Electronic check,Fiber optic,0.8458712102,True
6140-QNRQQ,1,71.55,1,Month-to-month,Mailed check,Fiber optic,0.8456529113,True
8042-JVNFH,1,71.35,1,Month-to-month,Mailed check,Fiber optic,0.8456529113,True
1768-ZAIFU,1,25.2,1,Month-to-month,Electronic check,DSL,0.8456102534,True
0495-ZBNGW,1,79.9,5,Month-to-month,Bank transfer (automatic),Fiber optic,0.8452338413,True
8779-QRDMV,1,39.65,1,Month-to-month,Electronic check,DSL,0.8452111795,True
9334-GWGOW,0,74.85,7,Month-to-month,Electronic check,Fiber optic,0.8449954927,False
8752-STIVR,1,79.0,4,Month-to-month,Electronic check,Fiber optic,0.8447620474,True
1062-LHZOD,1,69.9,1,Month-to-month,Mailed check,Fiber optic,0.844525038,True
6918-UMQCG,0,80.2,5,Month-to-month,Electronic check,Fiber optic,0.8443984914,False
4445-ZJNMU,0,99.3,9,Month-to-month,Credit card (automatic),Fiber optic,0.8441475786,False
9897-KXHCM,1,80.3,3,Month-to-month,Electronic check,Fiber optic,0.8440585658,True
2612-RANWT,1,100.15,12,Month-to-month,Bank transfer (automatic),Fiber optic,0.8435833935,True
1122-JWTJW,1,70.65,1,Month-to-month,Mailed check,Fiber optic,0.8434166325,True
0515-YPMCW,1,70.45,1,Month-to-month,Mailed check,Fiber optic,0.8428750317,True
2920-RNCEZ,0,69.95,1,Month-to-month,Credit card (automatic),Fiber optic,0.8427701311,False
8382-SHQEH,1,84.9,8,Month-to-month,Electronic check,Fiber optic,0.8427557302,True
3370-HXOPH,0,76.1,3,Month-to-month,Electronic check,Fiber optic,0.8425433071,False
0011-IGKFF,1,98.0,13,Month-to-month,Electronic check,Fiber optic,0.8424476579,True
5348-CAGXB,0,89.55,12,Month-to-month,Electronic check,Fiber optic,0.8421914053,False
8821-XNHVZ,1,80.05,1,Month-to-month,Mailed check,Fiber optic,0.8418538711,True
6786-OBWQR,0,80.85,5,Month-to-month,Electronic check,Fiber optic,0.8418341387,False
2074-GKOWZ,1,89.55,2,Month-to-month,Bank transfer (automatic),Fiber optic,0.8417686219,True
8337-UPOAQ,1,89.8,10,Month-to-month,Electronic check,Fiber optic,0.8415241536,True
1173-XZPYF,0,89.2,11,Month-to-month,Electronic check,Fiber optic,0.8414924687,False
5349-IECLD,1,94.95,2,Month-to-month,Electronic check,Fiber optic,0.841464001,True
5229-PRWKT,1,86.55,8,Month-to-month,Electronic check,Fiber optic,0.8413465675,True
1564-NTYXF,1,82.0,13,Month-to-month,Electronic check,Fiber optic,0.8413122404,True
3296-SILRA,1,76.4,1,Month-to-month,Mailed check,Fiber optic,0.8412076153,True
3621-CEOVK,1,100.2,14,Month-to-month,Electronic check,Fiber optic,0.8411372492,True
7693-LCKZL,1,80.15,5,Month-to-month,Electronic check,Fiber optic,0.8408345745,True
5868-YWPDW,1,84.2,6,Month-to-month,Electronic check,Fiber optic,0.840741754,True
8687-BAFGU,0,74.0,1,Month-to-month,Electronic check,Fiber optic,0.8404817223,False
7234-FECYN,1,101.35,8,Month-to-month,Electronic check,Fiber optic,0.8404362219,True
2516-VQRRV,1,75.45,2,Month-to-month,Mailed check,Fiber optic,0.8404337424,True
3801-HMYNL,1,89.15,1,Month-to-month,Mailed check,Fiber optic,0.8403294862,True
2260-USTRB,1,70.2,2,Month-to-month,Bank transfer (automatic),Fiber optic,0.8402804293,True
6772-KSATR,1,81.7,1,Month-to-month,Electronic check,Fiber optic,0.8398175104,True
2691-NZETQ,1,85.35,9,Month-to-month,Electronic check,Fiber optic,0.8396694876,True
4884-ZTHVF,0,87.1,8,Month-to-month,Electronic check,Fiber optic,0.8394478267,False
5159-YFPKQ,1,75.8,2,Month-to-month,Electronic check,Fiber optic,0.8394090892,True
3138-BKYAV,1,85.35,6,Month-to-month,Electronic check,Fiber optic,0.8383949622,True
2984-AFWNC,0,95.4,3,Month-to-month,Electronic check,Fiber optic,0.8382675779,False
2468-SJFLM,0,74.3,1,Month-to-month,Mailed check,Fiber optic,0.8382243179,False
8087-LGYHQ,0,94.05,9,Month-to-month,Electronic check,Fiber optic,0.837817422,False
3606-TWKGI,1,106.9,13,Month-to-month,Electronic check,Fiber optic,0.8377155804,True
1980-KXVPM,1,75.05,3,Month-to-month,Credit card (automatic),Fiber optic,0.837686396,True
1075-BGWOH,1,98.75,16,Month-to-month,Electronic check,Fiber optic,0.8373672603,True
8242-SOQUO,0,84.7,5,Month-to-month,Electronic check,Fiber optic,0.8372422069,False
5399-ZIMKF,0,74.65,5,Month-to-month,Electronic check,Fiber optic,0.8367289032,False
8083-YTZES,1,74.35,4,Month-to-month,Electronic check,Fiber optic,0.836668317,True
9237-HQITU,1,70.7,2,Month-to-month,Electronic check,Fiber optic,0.836624424,True
0187-QSXOE,0,89.0,7,Month-to-month,Electronic check,Fiber optic,0.8366155111,False
5956-VKDTT,1,74.35,5,Month-to-month,Electronic check,Fiber optic,0.8366107954,True
9747-DDZOS,1,73.5,1,Month-to-month,Bank transfer (automatic),Fiber optic,0.8363831196,True
5419-CONWX,1,99.8,4,Month-to-month,Credit card (automatic),Fiber optic,0.8362235044,True
8943-URTMR,1,79.65,2,Month-to-month,Mailed check,Fiber optic,0.8361728106,True
2761-OCIAX,1,74.7,2,Month-to-month,Electronic check,Fiber optic,0.8358594679,True
1389-CXMLU,1,91.05,3,Month-to-month,Electronic check,Fiber optic,0.8356927712,True
5276-KQWHG,1,69.6,2,Month-to-month,Electronic check,Fiber optic,0.8356010025,True
6734-GMPVK,0,105.3,5,Month-to-month,Electronic check,Fiber optic,0.8355436382,False
7994-UYIVZ,0,85.65,8,Month-to-month,Bank transfer (automatic),Fiber optic,0.8355016578,False
3420-YJLQT,0,79.55,2,Month-to-month,Electronic check,Fiber optic,0.8351493147,False
1567-DSCIC,1,94.0,8,Month-to-month,Electronic check,Fiber optic,0.8350809184,True
9850-OWRHQ,1,74.1,3,Month-to-month,Credit card (automatic),Fiber optic,0.8348132374,True
1184-PJVDB,1,79.95,10,Month-to-month,Electronic check,Fiber optic,0.8341629226,True
7225-CBZPL,0,94.8,17,Month-to-month,Electronic check,Fiber optic,0.8340749057,False
5889-LFOLL,1,84.6,13,Month-to-month,Electronic check,Fiber optic,0.833917388,True
2672-DZUOY,1,25.15,1,Month-to-month,Electronic check,DSL,0.8337001827,True
6615-NGGZJ,1,100.55,14,Month-to-month,Electronic check,Fiber optic,0.8336153558,True
9172-ANCRX,1,98.7,10,Month-to-month,Electronic check,Fiber optic,0.8334740683,True
3473-XIIIT,1,100.0,16,Month-to-month,Electronic check,Fiber optic,0.8332969663,True
5884-GCYMI,1,69.4,1,Month-to-month,Mailed check,Fiber optic,0.8332815635,True
8107-KNCIM,0,75.1,14,Month-to-month,Electronic check,Fiber optic,0.8332796346,False
7209-JCUDS,1,94.9,10,Month-to-month,Electronic check,Fiber optic,0.8331667744,True
0685-MLYYM,1,70.75,2,Month-to-month,Electronic check,Fiber optic,0.8331058868,True
1965-AKTSX,1,78.95,14,Month-to-month,Electronic check,Fiber optic,0.8330214046,True
6110-OHIHY,1,79.25,3,Month-to-month,Electronic check,Fiber optic,0.8330119235,True
7181-BQYBV,1,102.45,1,Month-to-month,Electronic check,Fiber optic,0.8324546787,True
2276-YDAVZ,1,75.1,3,Month-to-month,Credit card (automatic),Fiber optic,0.8324473998,True
3074-GQWYX,1,75.9,5,Month-to-month,Bank transfer (automatic),Fiber optic,0.8323076843,True
1200-TUZHR,0,85.2,8,Month-to-month,Electronic check,Fiber optic,0.8322138451,False
1866-OBPNR,0,74.6,1,Month-to-month,Credit card (automatic),Fiber optic,0.832146566,False
9330-IJWIO,1,100.35,13,Month-to-month,Electronic check,Fiber optic,0.8321262342,True
5442-UTCVD,1,91.85,3,Month-to-month,Electronic check,Fiber optic,0.832060284,True
7668-XCFYV,0,92.55,17,Month-to-month,Electronic check,Fiber optic,0.8315376379,False
8245-UMPYT,1,96.4,16,Month-to-month,Electronic check,Fiber optic,0.8311779515,True
5804-LEPIM,1,70.35,2,Month-to-month,Electronic check,Fiber optic,0.831025178,True
5168-MSWXT,0,94.75,8,Month-to-month,Electronic check,Fiber optic,0.8309314201,False
0455-XFASS,0,69.55,3,Month-to-month,Electronic check,Fiber optic,0.8306403631,False
2026-TGDHM,1,79.3,7,Month-to-month,Electronic check,Fiber optic,0.8303928471,True
2055-PDADH,1,70.4,3,Month-to-month,Electronic check,Fiber optic,0.8303108009,True
8185-UPYBR,1,75.5,6,Month-to-month,Electronic check,Fiber optic,0.8303004576,True
9050-IKDZA,0,81.5,2,Month-to-month,Mailed check,Fiber optic,0.8301666244,False
2472-OVKUP,1,91.0,6,Month-to-month,Electronic check,Fiber optic,0.8300472924,True
7321-VGNKU,0,70.35,2,Month-to-month,Electronic check,Fiber optic,0.8298774981,False
4285-GYRQC,1,86.25,7,Month-to-month,Electronic check,Fiber optic,0.8298348964,True
5095-AESKG,1,91.5,3,Month-to-month,Credit card (automatic),Fiber optic,0.8296904965,True
4559-UWIHT,0,82.65,14,Month-to-month,Electronic check,Fiber optic,0.8296344762,False
5318-IXUZF,1,87.15,2,Month-to-month,Bank transfer (automatic),Fiber optic,0.8293706717,True
4132-KALRO,0,100.85,4,Month-to-month,Mailed check,Fiber optic,0.829246849,False
4813-HQMGZ,0,90.25,8,Month-to-month,Electronic check,Fiber optic,0.8291496187,False
2688-BHGOG,0,79.55,9,Month-to-month,Electronic check,Fiber optic,0.829045546,False
5429-LWCMV,0,89.15,12,Month-to-month,Electronic check,Fiber optic,0.8287813383,False
5570-PTWEH,1,75.15,3,Month-to-month,Credit card (automatic),Fiber optic,0.8287373339,True
1508-DFXCU,0,81.45,12,Month-to-month,Electronic check,Fiber optic,0.8286916714,False
7903-CMPEY,1,80.3,1,Month-to-month,Electronic check,Fiber optic,0.8285208732,True
1875-QIVME,1,104.4,2,Month-to-month,Electronic check,Fiber optic,0.8282600018,True
6683-VLCTZ,1,98.55,20,Month-to-month,Electronic check,Fiber optic,0.8279474918,True
7005-CCBKV,1,84.4,6,Month-to-month,Electronic check,Fiber optic,0.8278270618,True
7245-NIIWQ,0,69.85,3,Month-to-month,Electronic check,Fiber optic,0.8274999413,False
9846-GKXAS,1,90.8,9,Month-to-month,Bank transfer (automatic),Fiber optic,0.8269517395,True
5940-AHUHD,1,70.6,1,Month-to-month,Mailed check,Fiber optic,0.8268277515,True
5445-UTODQ,1,81.1,7,Month-to-month,Electronic check,Fiber optic,0.8267831571,True
7508-MYBOG,1,86.1,14,Month-to-month,Electronic check,Fiber optic,0.8264459182,True
9799-CAYJJ,0,69.3,2,Month-to-month,Electronic check,Fiber optic,0.8259989082,False
8361-LTMKD,1,74.4,4,Month-to-month,Mailed check,Fiber optic,0.8258704709,True
2929-ERCFZ,1,94.2,8,Month-to-month,Electronic check,Fiber optic,0.825464577,True
2876-GZYZC,0,85.95,13,Month-to-month,Electronic check,Fiber optic,0.8254005288,False
1195-OIYEJ,1,91.1,13,Month-to-month,Electronic check,Fiber optic,0.8251511744,True
8931-GJJIQ,1,83.3,9,Month-to-month,Electronic check,Fiber optic,0.8249569866,True
0812-WUPTB,1,70.85,1,Month-to-month,Mailed check,Fiber optic,0.8247242961,True
6015-VVHHE,1,83.15,5,Month-to-month,Credit card (automatic),Fiber optic,0.8246164952,True
0916-QOFDP,0,95.8,14,Month-to-month,Electronic check,Fiber optic,0.8242087417,False
8734-DKSTZ,0,85.95,10,Month-to-month,Electronic check,Fiber optic,0.8242007088,False
0822-GAVAP,1,34.7,2,Month-to-month,Electronic check,DSL,0.8240263614,True
3452-GWUIN,0,94.95,19,Month-to-month,Electronic check,Fiber optic,0.8238254504,False
7273-TEFQD,1,41.15,3,Month-to-month,Electronic check,DSL,0.823815138,True
8413-VONUO,1,95.65,2,Month-to-month,Electronic check,Fiber optic,0.8237698142,True
9809-IMGCQ,1,96.7,22,Month-to-month,Electronic check,Fiber optic,0.8234888735,True
5685-IIXLY,1,83.6,5,Month-to-month,Electronic check,Fiber optic,0.8234094693,True
3585-ISXZP,1,95.65,8,Month-to-month,Bank transfer (automatic),Fiber optic,0.8233248209,True
5293-WXJAK,1,104.05,11,Month-to-month,Bank transfer (automatic),Fiber optic,0.823098317,True
2077-MPJQO,0,75.4,7,Month-to-month,Electronic check,Fiber optic,0.8229584399,False
2379-ENZGV,1,84.85,6,Month-to-month,Electronic check,Fiber optic,0.8229389462,True
6689-TCZHQ,1,78.95,5,Month-to-month,Electronic check,Fiber optic,0.82284255,True
8808-ELEHO,1,81.25,8,Month-to-month,Electronic check,Fiber optic,0.8228153572,True
8111-RKSPX,1,72.2,4,Month-to-month,Bank transfer (automatic),Fiber optic,0.8227691286,True
4854-CIDCF,0,73.85,3,Month-to-month,Electronic check,Fiber optic,0.8227687716,False
0306-JAELE,1,96.1,5,Month-to-month,Electronic check,Fiber optic,0.8227481843,True
7394-LWLYN,0,70.15,2,Month-to-month,Electronic check,Fiber optic,0.8223218428,False
8800-JOOCF,0,84.05,12,Month-to-month,Electronic check,Fiber optic,0.8222164234,False
4566-NECEV,0,96.55,5,Month-to-month,Electronic check,Fiber optic,0.8221468881,False
6424-ELEYH,1,74.75,3,Month-to-month,Credit card (automatic),Fiber optic,0.8220718574,True
2424-WVHPL,0,74.7,1,Month-to-month,Electronic check,Fiber optic,0.8216709224,False
0236-HFWSV,1,93.35,15,Month-to-month,Electronic check,Fiber optic,0.8214935307,True
5883-GTGVD,1,99.95,19,Month-to-month,Electronic check,Fiber optic,0.8206558587,True
2657-VPXTA,0,88.85,10,Month-to-month,Electronic check,Fiber optic,0.8203246307,False
2868-SNELZ,1,80.6,2,Month-to-month,Mailed check,Fiber optic,0.8199497587,True
8714-CTZJW,0,82.85,4,Month-to-month,Credit card (automatic),Fiber optic,0.8194982259,False
2674-MIAHT,0,80.3,4,Month-to-month,Mailed check,Fiber optic,0.8192069292,False
6437-UKHMV,1,79.7,7,Month-to-month,Electronic check,Fiber optic,0.8189933167,True
7938-OUHIO,1,98.7,3,Month-to-month,Electronic check,Fiber optic,0.8188025966,True
2737-WFVYW,1,45.25,2,Month-to-month,Electronic check,DSL,0.8184757706,True
7145-FEJWU,0,105.3,12,Month-to-month,Electronic check,Fiber optic,0.8181975281,False
1731-TVIUK,1,93.5,4,Month-to-month,Electronic check,Fiber optic,0.8179495719,True
9643-AVVWI,0,80.0,3,Month-to-month,Electronic check,Fiber optic,0.8177410386,False
7394-FKDNK,1,89.45,9,Month-to-month,Electronic check,Fiber optic,0.8175973119,True
7638-QVMVY,1,79.0,7,Month-to-month,Electronic check,Fiber optic,0.8175117964,True
7613-LLQFO,1,84.45,12,Month-to-month,Electronic check,Fiber optic,0.8174799364,True
3372-KWFBM,1,86.6,16,Month-to-month,Electronic check,Fiber optic,0.8174553275,True
1602-IJQQE,1,75.35,4,Month-to-month,Electronic check,Fiber optic,0.8172157332,True
3217-FZDMN,1,94.45,8,Month-to-month,Credit card (automatic),Fiber optic,0.8170052827,True
9274-CNFMO,1,74.95,4,Month-to-month,Electronic check,Fiber optic,0.8168695036,True
3750-CKVKH,1,67.75,2,Month-to-month,Electronic check,Fiber optic,0.8168319049,True
8510-AWCXC,1,100.8,13,Month-to-month,Electronic check,Fiber optic,0.8167237249,True
3411-WLRSQ,0,74.6,3,Month-to-month,Bank transfer (automatic),Fiber optic,0.8167182752,False
6583-KQJLK,0,94.65,15,Month-to-month,Electronic check,Fiber optic,0.8167026562,False
5729-KLZAR,1,80.85,4,Month-to-month,Electronic check,Fiber optic,0.8164634357,True
3106-ULWFW,1,85.2,8,Month-to-month,Credit card (automatic),Fiber optic,0.8161316278,True
0375-HVGXO,1,34.7,1,Month-to-month,Electronic check,DSL,0.815680086,True
1334-FJSVR,1,24.25,1,Month-to-month,Electronic check,DSL,0.8153485039,True
9921-ZVRHG,1,80.45,14,Month-to-month,Electronic check,Fiber optic,0.815194255,True
9402-ORRAH,0,91.5,15,Month-to-month,Electronic check,Fiber optic,0.8151277531,False
6275-YDUVO,1,86.2,2,Month-to-month,Mailed check,Fiber optic,0.8144307191,True
0345-HKJVM,1,89.3,6,Month-to-month,Electronic check,Fiber optic,0.8141804667,True
4597-NUCQV,1,101.25,24,Month-to-month,Electronic check,Fiber optic,0.8140966309,True
2123-AGEEN,0,84.35,7,Month-to-month,Electronic check,Fiber optic,0.8133428659,False
4482-EWFMI,0,69.7,2,Month-to-month,Electronic check,Fiber optic,0.8129829898,False
2754-SDJRD,0,100.15,8,Month-to-month,Credit card (automatic),Fiber optic,0.8128736662,False
7392-YYPYJ,0,100.65,22,Month-to-month,Electronic check,Fiber optic,0.8126183018,False
3030-YDNRM,0,74.85,8,Month-to-month,Electronic check,Fiber optic,0.8125542244,False
6000-APYLU,1,80.8,9,Month-to-month,Electronic check,Fiber optic,0.8124297844,True
0219-YTZUE,1,84.8,4,Month-to-month,Bank transfer (automatic),Fiber optic,0.8124175993,True
4706-AXVKM,1,84.8,11,Month-to-month,Credit card (automatic),Fiber optic,0.8123600607,True
7598-UAASY,1,76.4,2,Month-to-month,Electronic check,Fiber optic,0.812185814,True
5698-BQJOH,1,94.4,9,Month-to-month,Electronic check,Fiber optic,0.8119537758,True
5760-IFJOZ,0,107.95,3,Month-to-month,Mailed check,Fiber optic,0.8119301137,False
7044-YAACC,0,70.2,4,Month-to-month,Electronic check,Fiber optic,0.8119042055,False
4633-MKHYU,0,88.4,9,Month-to-month,Mailed check,Fiber optic,0.811785721,False
5956-YHHRX,0,104.35,21,Month-to-month,Electronic check,Fiber optic,0.811623811,False
5288-AHOUP,0,78.5,11,Month-to-month,Electronic check,Fiber optic,0.8114711957,False
0871-URUWO,1,102.25,13,Month-to-month,Credit card (automatic),Fiber optic,0.8114069951,True
6986-IXNDM,0,92.9,14,Month-to-month,Electronic check,Fiber optic,0.8109539291,False
7363-QTBIW,0,79.75,9,Month-to-month,Electronic check,Fiber optic,0.8109328305,False
2862-PFNIK,0,24.7,1,Month-to-month,Electronic check,DSL,0.8107966214,False
6326-MTTXK,1,100.85,8,Month-to-month,Electronic check,Fiber optic,0.8105761271,True
0722-SVSFK,0,100.4,7,Month-to-month,Electronic check,Fiber optic,0.8103053794,False
6215-NQCPY,0,99.7,15,Month-to-month,Electronic check,Fiber optic,0.8102976873,False
5299-RULOA,1,100.25,10,Month-to-month,Electronic check,Fiber optic,0.8102952609,True
0365-BZUWY,0,102.55,17,Month-to-month,Electronic check,Fiber optic,0.8102020594,False
4450-DLLMH,0,71.3,2,Month-to-month,Credit card (automatic),Fiber optic,0.8100213195,False
3834-XUIFC,1,85.2,7,Month-to-month,Mailed check,Fiber optic,0.8099391412,True
4514-GFCFI,1,84.75,16,Month-to-month,Electronic check,Fiber optic,0.8098655135,True
0746-JTRFU,1,25.05,2,Month-to-month,Electronic check,DSL,0.8095596602,True
3663-MITLP,1,101.25,15,Month-to-month,Electronic check,Fiber optic,0.8094409189,True
8010-EZLOU,1,80.2,15,Month-to-month,Electronic check,Fiber optic,0.8094355045,True
6376-GAHQE,1,77.85,4,Month-to-month,Electronic check,Fiber optic,0.8094297353,True
6680-WKXRZ,1,74.4,3,Month-to-month,Bank transfer (automatic),Fiber optic,0.8090983509,True
2905-KFQUV,0,70.4,2,Month-to-month,Credit card (automatic),Fiber optic,0.8089511579,False
6892-XPFPU,1,104.25,24,Month-to-month,Electronic check,Fiber optic,0.8089162722,True
7384-GHBPI,1,35.15,3,Month-to-month,Electronic check,DSL,0.8088258789,True
4735-ASGMA,1,98.35,26,Month-to-month,Electronic check,Fiber optic,0.8086401646,True
6210-KBBPI,1,99.45,9,Month-to-month,Credit card (automatic),Fiber optic,0.8085140757,True
5378-IKEEG,1,35.75,1,Month-to-month,Electronic check,DSL,0.8084416926,True
2154-KVJFF,1,79.75,15,Month-to-month,Electronic check,Fiber optic,0.8084352148,True
8348-HFYIV,1,49.25,2,Month-to-month,Electronic check,DSL,0.8078384347,True
0925-VYDLG,1,75.25,3,Month-to-month,Electronic check,Fiber optic,0.8077476373,True
7571-YXDAD,1,74.9,2,Month-to-month,Credit card (automatic),Fiber optic,0.8076589274,True
3841-CONLJ,0,35.0,1,Month-to-month,Electronic check,DSL,0.807535204,False
6060-DRTNL,1,84.85,5,Month-to-month,Mailed check,Fiber optic,0.8075117342,True
3338-CVVEH,0,94.55,12,Month-to-month,Electronic check,Fiber optic,0.8074884957,False
0923-PNFUB,1,83.75,3,Month-to-month,Electronic check,Fiber optic,0.8074824414,True
8313-NDOIA,0,104.15,24,Month-to-month,Electronic check,Fiber optic,0.8074298705,False
6432-TWQLB,1,85.4,5,Month-to-month,Electronic check,Fiber optic,0.8072538963,True
4021-RQSNY,1,98.5,29,Month-to-month,Electronic check,Fiber optic,0.807211712,True
2038-OEQZH,0,86.05,4,Month-to-month,Electronic check,Fiber optic,0.8072040585,False
9696-RMYBA,0,80.1,5,Month-to-month,Mailed check,Fiber optic,0.8069906428,False
0689-NKYLF,1,83.2,13,Month-to-month,Electronic check,Fiber optic,0.806538548,True
8835-VSDSE,1,70.7,2,Month-to-month,Electronic check,Fiber optic,0.8064966055,True
3717-OEAUQ,0,70.7,2,Month-to-month,Mailed check,Fiber optic,0.8060128903,False
7479-NITWS,1,89.35,7,Month-to-month,Credit card (automatic),Fiber optic,0.8059688132,True
6851-WEFYX,0,100.8,35,Month-to-month,Electronic check,Fiber optic,0.8059223492,False
7156-MHUGY,1,90.5,13,Month-to-month,Electronic check,Fiber optic,0.8058065393,True
4373-VVHQL,0,44.75,1,Month-to-month,Electronic check,DSL,0.8057591554,False
1342-JPNKI,1,86.05,10,Month-to-month,Bank transfer (automatic),Fiber optic,0.8057213644,True
2919-HBCJO,1,76.65,4,Month-to-month,Bank transfer (automatic),Fiber optic,0.8057119835,True
3096-GKWEB,0,94.75,18,Month-to-month,Electronic check,Fiber optic,0.8056695417,False
1626-ERCMM,1,94.55,20,Month-to-month,Electronic check,Fiber optic,0.8056657789,True
6221-AVQYL,1,73.25,2,Month-to-month,Credit card (automatic),Fiber optic,0.8056208747,True
3001-UNBTL,0,103.95,29,Month-to-month,Electronic check,Fiber optic,0.8051633699,False
7130-VTEWQ,1,75.75,8,Month-to-month,Electronic check,Fiber optic,0.8051213377,True
3317-VLGQT,0,78.1,14,Month-to-month,Electronic check,Fiber optic,0.8050360367,False
7218-HKQFK,1,94.2,2,Month-to-month,Electronic check,Fiber optic,0.8049953469,True
0224-RLWWD,0,44.3,2,Month-to-month,Electronic check,DSL,0.8049051513,False
2754-VDLTR,1,95.2,10,Month-to-month,Electronic check,Fiber optic,0.8048570813,True
2430-USGXP,1,101.05,24,Month-to-month,Electronic check,Fiber optic,0.8047906241,True
7495-OOKFY,1,80.65,8,Month-to-month,Credit card (automatic),Fiber optic,0.8046419293,True
5382-SOYZL,0,95.1,22,Month-to-month,Electronic check,Fiber optic,0.8045261521,False
0432-CAJZV,0,90.7,3,Month-to-month,Mailed check,Fiber optic,0.8043207891,False
6137-NICCO,0,94.05,6,Month-to-month,Mailed check,Fiber optic,0.8042794546,False
9314-IJWSQ,0,84.8,14,Month-to-month,Electronic check,Fiber optic,0.8039303631,False
0947-IDHRQ,1,80.3,7,Month-to-month,Mailed check,Fiber optic,0.8036452996,True
3797-FKOGQ,0,86.2,11,Month-to-month,Electronic check,Fiber optic,0.8035575631,False
9741-YLNTD,0,87.95,6,Month-to-month,Bank transfer (automatic),Fiber optic,0.803398091,False
0644-OQMDK,0,70.65,4,Month-to-month,Electronic check,Fiber optic,0.8032478433,False
4822-NGOCH,1,84.45,13,Month-to-month,Electronic check,Fiber optic,0.8032155979,True
6435-SRWBJ,0,82.75,5,Month-to-month,Electronic check,Fiber optic,0.8032146529,False
0928-JMXNP,0,29.9,4,Month-to-month,Electronic check,DSL,0.8030483521,False
3186-BAXNB,1,91.7,1,Month-to-month,Electronic check,Fiber optic,0.8030456362,True
5937-EORGB,0,96.5,15,Month-to-month,Electronic check,Fiber optic,0.8026717316,False
4059-IIEBK,0,78.55,7,Month-to-month,Bank transfer (automatic),Fiber optic,0.802522749,False
9547-ITEFG,0,102.6,9,Month-to-month,Credit card (automatic),Fiber optic,0.8023657593,False
3249-ZPQRG,1,78.45,4,Month-to-month,Electronic check,Fiber optic,0.8022970428,True
8861-HGGKB,1,86.45,10,Month-to-month,Electronic check,Fiber optic,0.8022369958,True
4439-JMPMT,1,85.75,5,Month-to-month,Electronic check,Fiber optic,0.802218504,True
1746-TGTWV,0,75.35,1,Month-to-month,Credit card (automatic),Fiber optic,0.8021735885,False
5091-HFAZW,0,91.15,2,Month-to-month,Electronic check,Fiber optic,0.8020353529,False
8699-ASUFO,1,74.4,7,Month-to-month,Mailed check,Fiber optic,0.8018727136,True
7854-FOKSF,1,35.9,1,Month-to-month,Electronic check,DSL,0.801790762,True
1565-RHDJD,1,84.05,4,Month-to-month,Bank transfer (automatic),Fiber optic,0.8016765474,True
6198-ZFIOJ,0,75.6,5,Month-to-month,Electronic check,Fiber optic,0.8016651989,False
7426-RHZGU,0,95.9,9,Month-to-month,Bank transfer (automatic),Fiber optic,0.801661474,False
9250-WYPLL,1,75.55,5,Month-to-month,Electronic check,Fiber optic,0.8016413907,True
3874-EQOEP,1,95.0,7,Month-to-month,Mailed check,Fiber optic,0.8015884435,True
8650-RHRKE,1,29.65,4,Month-to-month,Electronic check,DSL,0.8015514621,True
2845-HSJCY,1,87.25,14,Month-to-month,Electronic check,Fiber optic,0.8011940361,True
3376-BMGFE,1,70.9,4,Month-to-month,Bank transfer (automatic),Fiber optic,0.8011631511,True
7079-QRCBC,1,98.75,24,Month-to-month,Electronic check,Fiber optic,0.8009143936,True
5357-TZHPP,1,84.4,9,Month-to-month,Credit card (automatic),Fiber optic,0.8006594522,True
9095-HFAFX,1,81.0,5,Month-to-month,Credit card (automatic),Fiber optic,0.8005753824,True
5569-KGJHX,1,85.35,9,Month-to-month,Bank transfer (automatic),Fiber optic,0.8003575876,True
8225-BTJAU,1,79.25,10,Month-to-month,Electronic check,Fiber optic,0.8000040454,True
8625-AZYZY,1,104.65,24,Month-to-month,Electronic check,Fiber optic,0.7999404453,True
0872-NXJYS,1,79.55,9,Month-to-month,Electronic check,Fiber optic,0.7998510376,True
1704-NRWYE,1,80.85,9,Month-to-month,Electronic check,Fiber optic,0.7998169175,True
1658-BYGOY,1,95.45,18,Month-to-month,Electronic check,Fiber optic,0.7996714964,True
7295-JOMMD,1,98.1,4,Month-to-month,Bank transfer (automatic),Fiber optic,0.7993949365,True
6005-OBZPH,1,89.15,26,Month-to-month,Electronic check,Fiber optic,0.7993411424,True
4229-CZMLL,1,74.9,6,Month-to-month,Electronic check,Fiber optic,0.7992660705,True
7517-LDMPS,0,84.6,12,Month-to-month,Electronic check,Fiber optic,0.7988023382,False
8118-LSUEL,1,106.4,23,Month-to-month,Electronic check,Fiber optic,0.7987825839,True
6100-QQHEB,1,92.55,17,Month-to-month,Electronic check,Fiber optic,0.7986199984,True
3677-IYRBF,1,30.4,2,Month-to-month,Electronic check,DSL,0.7985774661,True
1010-DIAUQ,1,96.5,5,Month-to-month,Bank transfer (automatic),Fiber optic,0.7985240103,True
0727-IWKVK,1,79.9,9,Month-to-month,Electronic check,Fiber optic,0.7984759409,True
3393-FMZPV,1,100.25,25,Month-to-month,Electronic check,Fiber optic,0.7983961438,True
0840-DFEZH,0,75.35,7,Month-to-month,Electronic check,Fiber optic,0.7983364636,False
0302-JOIVN,1,101.15,8,Month-to-month,Electronic check,Fiber optic,0.7982029546,True
7932-WPTDS,1,24.8,1,Month-to-month,Electronic check,DSL,0.7980716237,True
1465-VINDH,1,102.1,10,Month-to-month,Credit card (automatic),Fiber optic,0.7979505079,True
2369-UAPKZ,1,104.1,5,Month-to-month,Mailed check,Fiber optic,0.7978952304,True
8642-GVWRF,1,79.7,2,Month-to-month,Bank transfer (automatic),Fiber optic,0.7977601736,True
1078-TDCRN,0,30.75,3,Month-to-month,Electronic check,DSL,0.7976678085,False
6127-ISGTU,1,84.95,16,Month-to-month,Electronic check,Fiber optic,0.7976217213,True
2984-MIIZL,1,74.8,4,Month-to-month,Bank transfer (automatic),Fiber optic,0.7975328393,True
1251-STYSZ,0,80.25,4,Month-to-month,Electronic check,Fiber optic,0.7974498054,False
0168-XZKBB,0,86.85,19,Month-to-month,Electronic check,Fiber optic,0.797209719,False
6077-BDPXA,0,70.15,3,Month-to-month,Electronic check,Fiber optic,0.797027196,False
4585-HETAI,1,73.75,4,Month-to-month,Electronic check,Fiber optic,0.7967174095,True
5520-FVEWJ,1,84.5,12,Month-to-month,Electronic check,Fiber optic,0.7965472471,True
6702-OHFWR,1,43.3,1,Month-to-month,Electronic check,DSL,0.7965352288,True
9391-EOYLI,1,80.45,12,Month-to-month,Electronic check,Fiber optic,0.7963804998,True
0013-EXCHZ,1,83.9,3,Month-to-month,Mailed check,Fiber optic,0.7959454839,True
8705-WZCYL,0,44.8,1,Month-to-month,Electronic check,DSL,0.7957496138,False
0004-TLHLJ,1,73.9,4,Month-to-month,Electronic check,Fiber optic,0.7956451096,True
5701-YVSVF,0,82.9,11,Month-to-month,Electronic check,Fiber optic,0.7956052222,False
9734-YWGEX,1,98.3,9,Month-to-month,Credit card (automatic),Fiber optic,0.795575244,True
5995-SNNEW,0,104.45,23,Month-to-month,Electronic check,Fiber optic,0.7955711807,False
2800-VEQXM,0,74.75,3,Month-to-month,Mailed check,Fiber optic,0.7954228,False
2962-XPMCQ,1,45.15,2,Month-to-month,Electronic check,DSL,0.7952984548,True
6127-IYJOZ,0,45.85,1,Month-to-month,Mailed check,DSL,0.7952284655,False
4290-BSXUX,1,79.65,3,Month-to-month,Bank transfer (automatic),Fiber optic,0.7951798216,True
0674-EYYZV,0,54.65,1,Month-to-month,Electronic check,DSL,0.7949409628,False
5712-PTIWW,1,79.85,2,Month-to-month,Electronic check,Fiber optic,0.7949404347,True
1379-FRVEB,0,91.0,15,Month-to-month,Electronic check,Fiber optic,0.794933311,False
3797-VTIDR,1,23.45,1,Month-to-month,Electronic check,DSL,0.7948800594,True
9633-XQABV,0,70.25,3,Month-to-month,Electronic check,Fiber optic,0.7945054977,False
3855-ONCAR,0,78.9,4,Month-to-month,Mailed check,Fiber optic,0.7943803549,False
5501-TVMGM,0,55.25,1,Month-to-month,Electronic check,DSL,0.7942934569,False
0378-TOVMS,1,85.8,3,Month-to-month,Electronic check,Fiber optic,0.7942740046,True
5119-NZPTV,0,70.1,2,Month-to-month,Electronic check,Fiber optic,0.7941511612,False
0940-OUQEC,1,80.7,10,Month-to-month,Bank transfer (automatic),Fiber optic,0.7941027073,True
5442-BHQNG,0,70.35,2,Month-to-month,Electronic check,Fiber optic,0.7937744849,False
9408-SSNVZ,1,70.15,4,Month-to-month,Electronic check,Fiber optic,0.7935656552,True
3247-ZVOUO,1,85.55,10,Month-to-month,Electronic check,Fiber optic,0.7935512769,True
7538-GWHML,1,69.65,2,Month-to-month,Electronic check,Fiber optic,0.7935498002,True
7780-OTDSO,1,99.4,18,Month-to-month,Electronic check,Fiber optic,0.7935116248,True
7590-VHVEG,0,29.85,1,Month-to-month,Electronic check,DSL,0.7934744887,False
6166-ILMNY,1,69.75,2,Month-to-month,Bank transfer (automatic),Fiber optic,0.793188267,True
8132-YPVBX,0,85.95,6,Month-to-month,Mailed check,Fiber optic,0.7931139378,False
9367-WXLCH,1,84.5,8,Month-to-month,Bank transfer (automatic),Fiber optic,0.792964603,True
8999-BOHSE,1,89.7,11,Month-to-month,Bank transfer (automatic),Fiber optic,0.7926164356,True
6168-WFVVF,1,70.3,3,Month-to-month,Electronic check,Fiber optic,0.7925661583,True
8266-VBFQL,0,90.4,4,Month-to-month,Electronic check,Fiber optic,0.7920606524,False
7278-CKDNC,0,80.5,24,Month-to-month,Electronic check,Fiber optic,0.7919938823,False
0225-ZORZP,0,84.3,3,Month-to-month,Electronic check,Fiber optic,0.7919073072,False
6860-YRJZP,0,74.05,9,Month-to-month,Electronic check,Fiber optic,0.79176278,False
4512-ZUIYL,1,70.0,2,Month-to-month,Bank transfer (automatic),Fiber optic,0.791699712,True
7831-QGOXH,1,85.2,18,Month-to-month,Electronic check,Fiber optic,0.7915346967,True
8873-GLDMH,0,73.85,6,Month-to-month,Mailed check,Fiber optic,0.7912412871,False
5405-ZMYXQ,0,74.6,8,Month-to-month,Credit card (automatic),Fiber optic,0.7912269033,False
8992-JQYUN,1,50.35,1,Month-to-month,Electronic check,DSL,0.7911605728,True
3063-QFSZL,1,55.4,1,Month-to-month,Electronic check,DSL,0.7911161275,True
5117-IFGPS,0,84.3,29,Month-to-month,Electronic check,Fiber optic,0.7910487175,False
2485-ITVKB,1,35.1,2,Month-to-month,Electronic check,DSL,0.7910451635,True
6128-CZOMY,1,45.65,1,Month-to-month,Electronic check,DSL,0.7910252744,True
0928-XUTSN,0,80.5,13,Month-to-month,Electronic check,Fiber optic,0.7908243744,False
6993-OHLXR,1,68.95,2,Month-to-month,Electronic check,Fiber optic,0.790652566,True
3254-YRILK,1,88.2,19,Month-to-month,Electronic check,Fiber optic,0.7904027448,True
0329-GTIAJ,1,97.9,3,Month-to-month,Electronic check,Fiber optic,0.7903874515,True
4815-GBTCD,0,25.15,4,Month-to-month,Electronic check,DSL,0.7899907772,False
5599-HVLTW,0,80.35,14,Month-to-month,Bank transfer (automatic),Fiber optic,0.7898567964,False
5366-IJEQJ,1,88.7,20,Month-to-month,Electronic check,Fiber optic,0.7895583203,True
4298-OYIFC,0,103.45,15,Month-to-month,Electronic check,Fiber optic,0.7894006865,False
2983-ZANRP,1,73.55,2,Month-to-month,Bank transfer (automatic),Fiber optic,0.7893078153,True
3908-BLSYF,1,83.9,6,Month-to-month,Electronic check,Fiber optic,0.789227561,True
8443-WVPSS,1,99.85,10,Month-to-month,Electronic check,Fiber optic,0.7890428868,True
7379-POKDZ,1,70.3,3,Month-to-month,Electronic check,Fiber optic,0.7888346207,True
5216-WASFJ,0,84.85,31,Month-to-month,Electronic check,Fiber optic,0.7888029056,False
9606-PBKBQ,1,85.0,32,Month-to-month,Electronic check,Fiber optic,0.7886830851,True
5949-XIKAE,1,83.55,8,Month-to-month,Electronic check,Fiber optic,0.7886534572,True
2272-QAGFO,1,74.3,14,Month-to-month,Electronic check,Fiber optic,0.788595494,True
4277-PVRAN,1,80.1,8,Month-to-month,Bank transfer (automatic),Fiber optic,0.7881280027,True
9093-FPDLG,0,94.2,11,Month-to-month,Electronic check,Fiber optic,0.7877061708,False
3488-PGMQJ,1,74.5,8,Month-to-month,Electronic check,Fiber optic,0.787642635,True
0258-NOKBL,0,90.4,3,Month-to-month,Electronic check,Fiber optic,0.7875869315,False
2608-BHKFN,1,70.05,4,Month-to-month,Credit card (automatic),Fiber optic,0.7875171763,True
9227-LUNBG,1,24.6,1,Month-to-month,Electronic check,DSL,0.7873305737,True
0506-LVNGN,1,75.55,5,Month-to-month,Credit card (automatic),Fiber optic,0.7872205875,True
3496-LFSZU,0,70.5,4,Month-to-month,Electronic check,Fiber optic,0.7871597336,False
8035-PWSEV,0,89.25,6,Month-to-month,Electronic check,Fiber optic,0.7869482908,False
5138-WVKYJ,1,98.55,10,Month-to-month,Electronic check,Fiber optic,0.7867787109,True
7928-VJYAB,0,90.6,11,Month-to-month,Electronic check,Fiber optic,0.7865819776,False
9565-DJPIB,1,89.6,4,Month-to-month,Mailed check,Fiber optic,0.7865474431,True
6608-QQLVK,1,50.5,1,Month-to-month,Electronic check,DSL,0.7865119935,True
1496-GGSUK,1,25.7,1,Month-to-month,Mailed check,DSL,0.7862526106,True
3754-DXMRT,1,44.15,2,Month-to-month,Electronic check,DSL,0.7860266997,True
1751-NCDLI,0,98.85,46,Month-to-month,Electronic check,Fiber optic,0.7860252644,False
7625-XCQRH,1,76.5,11,Month-to-month,Electronic check,Fiber optic,0.7860211763,True
7402-EYFXX,0,93.6,26,Month-to-month,Electronic check,Fiber optic,0.7859565152,False
4816-JBHOV,1,44.7,2,Month-to-month,Electronic check,DSL,0.7858860831,True
4094-NSEDU,1,94.25,21,Month-to-month,Electronic check,Fiber optic,0.7858587119,True
0581-BXBUB,0,72.75,4,Month-to-month,Electronic check,Fiber optic,0.7858246642,False
7242-QZLXF,1,25.3,1,Month-to-month,Electronic check,DSL,0.7858157264,True
8519-IMDHU,1,85.6,15,Month-to-month,Bank transfer (automatic),Fiber optic,0.785377413,True
5928-QLDHB,0,76.25,9,Month-to-month,Electronic check,Fiber optic,0.7852027379,False
4853-OITSN,0,89.15,5,Month-to-month,Electronic check,Fiber optic,0.7851257608,False
4301-VVZKA,0,75.4,16,Month-to-month,Electronic check,Fiber optic,0.7851084379,False
1689-YQBYY,0,76.6,12,Month-to-month,Electronic check,Fiber optic,0.7850329386,False
9102-IAYHT,1,85.45,17,Month-to-month,Electronic check,Fiber optic,0.7850206814,True
4236-UJPWO,0,24.5,2,Month-to-month,Electronic check,DSL,0.784707728,False
6705-LXORM,0,70.05,5,Month-to-month,Electronic check,Fiber optic,0.7846627225,False
8481-YYXWG,1,89.35,5,Month-to-month,Electronic check,Fiber optic,0.7846298513,True
9514-JDSKI,1,40.2,1,Month-to-month,Electronic check,DSL,0.7844668314,True
8676-TRMJS,1,75.0,3,Month-to-month,Mailed check,Fiber optic,0.7844120916,True
6496-JDSSB,0,80.0,8,Month-to-month,Bank transfer (automatic),Fiber optic,0.7843698715,False
9947-OTFQU,1,74.4,15,Month-to-month,Electronic check,Fiber optic,0.7842363314,True
0248-IPDFW,0,50.1,1,Month-to-month,Electronic check,DSL,0.784021055,False
0616-ATFGB,1,25.05,1,Month-to-month,Electronic check,DSL,0.783956135,True
4029-HPFVY,0,70.3,3,Month-to-month,Mailed check,Fiber optic,0.78388498,False
5482-PLVPE,1,24.35,2,Month-to-month,Electronic check,DSL,0.7834421595,True
6087-MVHJH,1,88.45,16,Month-to-month,Electronic check,Fiber optic,0.7833091486,True
6390-DSAZX,1,73.6,1,Month-to-month,Mailed check,Fiber optic,0.783292312,True
1740-CSDJP,1,35.25,1,Month-to-month,Bank transfer (automatic),DSL,0.7832818124,True
9840-DVNDC,1,80.5,6,Month-to-month,Credit card (automatic),Fiber optic,0.7832138974,True
9685-WKZGT,1,74.95,14,Month-to-month,Electronic check,Fiber optic,0.7831735598,True
0388-EOPEX,1,74.4,2,Month-to-month,Electronic check,Fiber optic,0.7831047979,True
6519-CFDBX,0,45.4,2,Month-to-month,Electronic check,DSL,0.7830726157,False
9588-OZDMQ,0,45.0,2,Month-to-month,Electronic check,DSL,0.7830403423,False
5947-SGKCL,0,105.35,15,Month-to-month,Bank transfer (automatic),Fiber optic,0.7828528781,False
8064-RAVOH,0,49.85,1,Month-to-month,Electronic check,DSL,0.7827747648,False
0612-RTZZA,1,25.25,1,Month-to-month,Electronic check,DSL,0.7825595768,True
7767-UXAGJ,1,50.45,1,Month-to-month,Electronic check,DSL,0.7824524546,True
5935-FCCNB,0,94.2,17,Month-to-month,Electronic check,Fiber optic,0.7823228445,False
0330-IVZHA,1,69.95,5,Month-to-month,Electronic check,Fiber optic,0.7821691893,True
6645-MXQJT,0,97.1,2,Month-to-month,Electronic check,Fiber optic,0.78205193,False
3966-HRMZA,0,75.05,3,Month-to-month,Mailed check,Fiber optic,0.7819645614,False
6185-TASNN,0,46.3,1,Month-to-month,Electronic check,DSL,0.781825795,False
6267-DCFFZ,0,90.05,30,Month-to-month,Electronic check,Fiber optic,0.7817639233,False
2135-RXIHG,1,45.65,1,Month-to-month,Electronic check,DSL,0.7816860527,True
0023-XUOPT,1,94.1,13,Month-to-month,Electronic check,Fiber optic,0.7815728587,True
4283-FUTGF,1,79.85,19,Month-to-month,Electronic check,Fiber optic,0.7812897094,True
5832-XKAES,1,69.8,2,Month-to-month,Credit card (automatic),Fiber optic,0.781188179,True
8875-AKBYH,0,84.35,20,Month-to-month,Electronic check,Fiber optic,0.7807896385,False
1024-GUALD,1,24.8,1,Month-to-month,Electronic check,DSL,0.780590337,True
9253-QXKBE,1,94.45,29,Month-to-month,Electronic check,Fiber optic,0.7802479948,True
1219-NNDDO,0,76.85,9,Month-to-month,Electronic check,Fiber optic,0.7801363664,False
3143-JQEGI,1,88.35,13,Month-to-month,Electronic check,Fiber optic,0.7800634983,True
9360-OMDZZ,0,94.1,24,Month-to-month,Electronic check,Fiber optic,0.7799426772,False
4636-QRJKY,1,80.5,6,Month-to-month,Electronic check,Fiber optic,0.7798349789,True
2187-PKZAY,0,79.95,12,Month-to-month,Bank transfer (automatic),Fiber optic,0.7798109467,False
6821-BUXUX,1,96.65,13,Month-to-month,Electronic check,Fiber optic,0.7797017469,True
4367-NHWMM,0,24.9,1,Month-to-month,Mailed check,DSL,0.7796245736,False
2080-GKCWQ,0,74.95,2,Month-to-month,Electronic check,Fiber optic,0.779468439,False
1024-VRZHF,1,74.95,11,Month-to-month,Electronic check,Fiber optic,0.7794614137,True
7326-RIGQZ,0,69.8,6,Month-to-month,Electronic check,Fiber optic,0.7792588412,False
6711-FLDFB,1,74.9,7,Month-to-month,Electronic check,Fiber optic,0.7790182706,True
8617-ENBDS,0,73.6,3,Month-to-month,Credit card (automatic),Fiber optic,0.7789537619,False
7028-DVOIQ,1,99.05,35,Month-to-month,Electronic check,Fiber optic,0.7784748813,True
6595-YGXIT,1,88.95,25,Month-to-month,Electronic check,Fiber optic,0.7784550343,True
5628-FCGYG,0,84.1,21,Month-to-month,Electronic check,Fiber optic,0.7779343741,False
6101-IMRMM,1,94.5,6,Month-to-month,Mailed check,Fiber optic,0.7778180087,True
3629-ZNKXA,0,101.8,17,Month-to-month,Electronic check,Fiber optic,0.7778177088,False
7786-WBJYI,1,77.95,4,Month-to-month,Bank transfer (automatic),Fiber optic,0.7776254109,True
9874-QLCLH,1,104.2,17,Month-to-month,Electronic check,Fiber optic,0.7774951863,True
4706-DGAHW,0,45.2,1,Month-to-month,Electronic check,DSL,0.7774710869,False
8080-DDEMJ,1,45.1,1,Month-to-month,Electronic check,DSL,0.7774710869,True
3957-LXOLK,1,106.15,28,Month-to-month,Electronic check,Fiber optic,0.7774405198,True
2082-CEFLT,1,45.6,1,Month-to-month,Electronic check,DSL,0.7773982526,True
8937-RDTHP,1,84.6,1,Month-to-month,Mailed check,Fiber optic,0.7773510575,True
1571-SAVHK,1,99.95,12,Month-to-month,Mailed check,Fiber optic,0.7773172089,True
9822-OAOVB,0,55.45,1,Month-to-month,Electronic check,DSL,0.7772300789,False
6956-SMUCM,1,99.0,3,Month-to-month,Credit card (automatic),Fiber optic,0.777220331,True
7615-ESMYF,1,44.6,2,Month-to-month,Electronic check,DSL,0.7771989239,True
3583-EKAPL,1,55.0,1,Month-to-month,Electronic check,DSL,0.7771318434,True
1475-VWVDO,0,74.9,7,Month-to-month,Electronic check,Fiber optic,0.7770613851,False
3904-UKFRE,0,80.1,4,Month-to-month,Electronic check,Fiber optic,0.7768715018,False
8111-SLLHI,1,105.65,39,Month-to-month,Electronic check,Fiber optic,0.7767003887,True
2985-FMWYF,0,93.5,23,Month-to-month,Electronic check,Fiber optic,0.7765913282,False
2439-LYPMQ,0,102.6,38,Month-to-month,Electronic check,Fiber optic,0.7764879347,False
5480-HPRRX,1,25.3,3,Month-to-month,Electronic check,DSL,0.7764369557,True
3440-JPSCL,1,99.95,6,Month-to-month,Mailed check,Fiber optic,0.7763540448,True
4547-KQRTM,1,80.05,10,Month-to-month,Bank transfer (automatic),Fiber optic,0.776292742,True
4631-OACRM,1,79.4,15,Month-to-month,Electronic check,Fiber optic,0.7759653059,True
7089-IVVAZ,1,103.35,8,Month-to-month,Bank transfer (automatic),Fiber optic,0.7758566535,True
2959-FENLU,0,85.3,9,Month-to-month,Credit card (automatic),Fiber optic,0.7758401866,False
4629-NRXKX,1,70.4,2,Month-to-month,Electronic check,Fiber optic,0.7756877193,True
5590-BYNII,1,100.75,22,Month-to-month,Electronic check,Fiber optic,0.7754466743,True
2568-BRGYX,1,70.2,4,Month-to-month,Electronic check,Fiber optic,0.775383865,True
2740-TVLFN,0,50.15,1,Month-to-month,Electronic check,DSL,0.7752767095,False
0793-TWELN,0,80.15,4,Month-to-month,Electronic check,Fiber optic,0.7751301091,False
4030-VPZBD,1,30.9,2,Month-to-month,Electronic check,DSL,0.7750324929,True
3566-HJGPK,0,45.55,1,Month-to-month,Mailed check,DSL,0.7749503677,False
6923-JHPMP,0,80.45,2,Month-to-month,Electronic check,Fiber optic,0.7747592893,False
4236-XPXAV,1,99.15,5,Month-to-month,Mailed check,Fiber optic,0.7746323593,True
5609-CEBID,1,94.1,20,Month-to-month,Electronic check,Fiber optic,0.7744067593,True
5133-POWUA,0,45.8,1,Month-to-month,Mailed check,DSL,0.7740616534,False
0135-NMXAP,1,89.75,12,Month-to-month,Bank transfer (automatic),Fiber optic,0.7740027875,True
9436-ZBZCT,1,89.95,14,Month-to-month,Electronic check,Fiber optic,0.7738659593,True
4763-PGDPO,1,70.4,4,Month-to-month,Electronic check,Fiber optic,0.773864053,True
8118-TJAFG,0,101.5,9,Month-to-month,Electronic check,Fiber optic,0.7737153155,False
0661-XEYAN,1,25.8,1,Month-to-month,Mailed check,DSL,0.7734188901,True
2815-CPTUL,1,70.25,5,Month-to-month,Mailed check,Fiber optic,0.7731437167,True
0196-JTUQI,0,75.2,9,Month-to-month,Credit card (automatic),Fiber optic,0.7730836969,False
7912-SYRQT,1,75.1,7,Month-to-month,Bank transfer (automatic),Fiber optic,0.7730807818,True
4817-QRJSX,1,81.0,10,Month-to-month,Credit card (automatic),Fiber optic,0.7730076294,True
3992-YWPKO,1,109.9,6,Month-to-month,Credit card (automatic),Fiber optic,0.7729836673,True
5909-ECHUI,1,56.25,1,Month-to-month,Electronic check,DSL,0.7729072533,True
3926-CUQZX,1,45.1,1,Month-to-month,Bank transfer (automatic),DSL,0.7728209719,True
9398-MMQTO,0,74.45,3,Month-to-month,Credit card (automatic),Fiber optic,0.7728034648,False
7379-FNIUJ,0,100.2,2,Month-to-month,Electronic check,Fiber optic,0.7726575726,False
2135-DQWAQ,0,85.3,5,Month-to-month,Mailed check,Fiber optic,0.7725793314,False
4237-RLAQD,1,45.85,1,Month-to-month,Mailed check,DSL,0.7723318242,True
6959-UWKHF,1,42.9,1,Month-to-month,Electronic check,DSL,0.7722194117,True
2754-XBHTB,1,77.65,9,Month-to-month,Bank transfer (automatic),Fiber optic,0.772205106,True
1866-RZZQS,1,98.4,41,Month-to-month,Electronic check,Fiber optic,0.7720766462,True
4855-SNKMY,1,44.1,1,Month-to-month,Electronic check,DSL,0.7719966077,True
4729-XKASR,1,24.75,1,Month-to-month,Electronic check,DSL,0.7715673095,True
8868-WOZGU,1,105.7,28,Month-to-month,Electronic check,Fiber optic,0.7715169954,True
9576-ANLXO,1,69.55,3,Month-to-month,Bank transfer (automatic),Fiber optic,0.7712756302,True
0576-WNXXC,1,95.55,27,Month-to-month,Electronic check,Fiber optic,0.7710015238,True
9773-PEQBZ,0,79.85,10,Month-to-month,Electronic check,Fiber optic,0.7709853525,False
8541-QVFKM,0,73.5,8,Month-to-month,Electronic check,Fiber optic,0.7708950444,False
3199-XGZCY,0,75.25,8,Month-to-month,Electronic check,Fiber optic,0.7707949726,False
0875-CABNR,1,84.6,10,Month-to-month,Credit card (automatic),Fiber optic,0.7705537797,True
8120-JDCAM,0,69.55,4,Month-to-month,Mailed check,Fiber optic,0.7705126664,False
5183-SNMJQ,0,95.1,10,Month-to-month,Credit card (automatic),Fiber optic,0.7703830473,False
9430-FRQOC,1,87.1,4,Month-to-month,Mailed check,Fiber optic,0.770204564,True
0709-TVGUR,1,74.55,9,Month-to-month,Electronic check,Fiber optic,0.7701128735,True
6543-XRMYR,1,99.7,30,Month-to-month,Electronic check,Fiber optic,0.7700578658,True
2397-BRLOM,1,80.45,8,Month-to-month,Credit card (automatic),Fiber optic,0.7700534175,True
2495-INZWQ,1,44.55,4,Month-to-month,Electronic check,DSL,0.7699631619,True
8433-WXGNA,1,75.7,2,Month-to-month,Electronic check,Fiber optic,0.7699357583,True
3223-WZWJM,1,83.95,26,Month-to-month,Electronic check,Fiber optic,0.7696236409,True
3427-GGZZI,0,89.1,19,Month-to-month,Electronic check,Fiber optic,0.7695059809,False
4123-DVHPH,0,88.05,9,Month-to-month,Electronic check,Fiber optic,0.7694117877,False
8720-RQSBJ,0,44.0,1,Month-to-month,Electronic check,DSL,0.7692921077,False
7969-AULMZ,1,97.35,21,Month-to-month,Electronic check,Fiber optic,0.7691736087,True
3798-EPWRR,0,43.95,2,Month-to-month,Electronic check,DSL,0.7691239722,False
0480-BIXDE,0,96.8,19,Month-to-month,Electronic check,Fiber optic,0.7686622902,False
7952-OBOYL,0,89.85,3,Month-to-month,Mailed check,Fiber optic,0.7686076937,False
2325-NBPZG,0,74.55,3,Month-to-month,Electronic check,Fiber optic,0.7684142805,False
2275-RBYQS,0,45.4,1,Month-to-month,Mailed check,DSL,0.7683846333,False
5968-VXZLG,0,46.6,2,Month-to-month,Bank transfer (automatic),DSL,0.7683078222,False
3916-NRPAP,0,85.7,3,Month-to-month,Credit card (automatic),Fiber optic,0.7682697274,False
6899-PPEEA,1,96.55,37,Month-to-month,Electronic check,Fiber optic,0.7681264472,True
1907-UBQFC,1,72.85,10,Month-to-month,Electronic check,Fiber optic,0.7677613262,True
6339-YPSAH,0,73.8,9,Month-to-month,Electronic check,Fiber optic,0.7677183662,False
8922-LIEGH,1,89.7,25,Month-to-month,Electronic check,Fiber optic,0.7674810536,True
0876-WDUUZ,1,85.4,5,Month-to-month,Credit card (automatic),Fiber optic,0.7674476116,True
8950-MTZNV,0,44.95,1,Month-to-month,Mailed check,DSL,0.7673504826,False
1077-HUUJM,0,71.05,7,Month-to-month,Electronic check,Fiber optic,0.7673000495,False
3223-DWFIO,0,69.35,4,Month-to-month,Electronic check,Fiber optic,0.7672625586,False
5228-EXCET,1,80.85,13,Month-to-month,Electronic check,Fiber optic,0.7672624564,True
2592-SEIFQ,1,24.75,3,Month-to-month,Electronic check,DSL,0.7672456094,True
8739-WWKDU,1,89.5,25,Month-to-month,Electronic check,Fiber optic,0.7670475259,True
4521-YEEHE,0,88.85,18,Month-to-month,Electronic check,Fiber optic,0.7670380196,False
8854-CCVSQ,1,80.65,18,Month-to-month,Electronic check,Fiber optic,0.7669952484,True
4137-BTIKL,0,90.75,2,Month-to-month,Mailed check,Fiber optic,0.7669607599,False
7354-OIJLX,0,75.85,9,Month-to-month,Electronic check,Fiber optic,0.7668588202,False
8263-JQAIK,1,24.45,2,Month-to-month,Mailed check,DSL,0.7668025884,True
8063-GBATB,1,85.25,27,Month-to-month,Electronic check,Fiber optic,0.7667580673,True
2081-VEYEH,0,107.95,3,Month-to-month,Electronic check,Fiber optic,0.7665571812,False
1254-IZEYF,1,99.95,31,Month-to-month,Electronic check,Fiber optic,0.7665539425,True
4572-DVCGN,1,80.25,10,Month-to-month,Bank transfer (automatic),Fiber optic,0.7665490812,True
2903-YYTBW,0,44.55,1,Month-to-month,Electronic check,DSL,0.7664140186,False
5077-DXTCG,1,45.3,1,Month-to-month,Electronic check,DSL,0.7663137482,True
3292-PBZEJ,0,111.4,11,Month-to-month,Electronic check,Fiber optic,0.7661832162,False
5339-PXDVH,0,90.65,4,Month-to-month,Electronic check,Fiber optic,0.7659232179,False
3627-FHKBK,1,75.3,1,Month-to-month,Mailed check,Fiber optic,0.7657460313,True
8325-QRPZR,0,75.15,7,Month-to-month,Electronic check,Fiber optic,0.7657065255,False
5649-ANRML,1,95.1,2,Month-to-month,Credit card (automatic),Fiber optic,0.7655810026,True
5271-DBYSJ,0,79.15,11,Month-to-month,Credit card (automatic),Fiber optic,0.7654786101,False
6906-ANDWJ,1,74.9,15,Month-to-month,Bank transfer (automatic),Fiber optic,0.7651314097,True
2951-QOQTK,1,80.8,4,Month-to-month,Credit card (automatic),Fiber optic,0.7650974439,True
5261-QSHQM,1,24.45,4,Month-to-month,Electronic check,DSL,0.7650648856,True
4958-XCBDQ,1,101.4,35,Month-to-month,Electronic check,Fiber optic,0.76500922,True
8337-MSSXB,1,86.3,14,Month-to-month,Electronic check,Fiber optic,0.7649673908,True
9752-ZNQUT,0,48.6,1,Month-to-month,Electronic check,DSL,0.7647667781,False
2114-MGINA,1,89.8,14,Month-to-month,Mailed check,Fiber optic,0.7647167919,True
4195-NZGTA,0,25.25,1,Month-to-month,Electronic check,DSL,0.7645693663,False
7861-UVUFT,1,84.3,15,Month-to-month,Electronic check,Fiber optic,0.7644420245,True
1522-VVDMG,1,89.75,7,Month-to-month,Electronic check,Fiber optic,0.7639243024,True
3538-WZPHD,1,29.6,3,Month-to-month,Electronic check,DSL,0.763854456,True
7568-PODML,1,45.3,1,Month-to-month,Mailed check,DSL,0.7635597936,True
4361-JEIVL,1,44.4,1,Month-to-month,Electronic check,DSL,0.7634791094,True
7054-LGEQW,1,45.95,1,Month-to-month,Mailed check,DSL,0.7633852152,True
6198-RTPMF,0,92.6,17,Month-to-month,Electronic check,Fiber optic,0.762886394,False
8417-FMLZI,1,83.55,6,Month-to-month,Credit card (automatic),Fiber optic,0.7627499788,True
6330-JKLPC,1,80.5,11,Month-to-month,Bank transfer (automatic),Fiber optic,0.7624980342,True
8993-PHFWD,1,25.25,3,Month-to-month,Electronic check,DSL,0.7620080321,True
3644-QXEHN,0,97.0,13,Month-to-month,Electronic check,Fiber optic,0.7619717348,False
2386-LAHRK,1,53.5,1,Month-to-month,Mailed check,DSL,0.7619094258,True
5976-JCJRH,1,70.3,10,Month-to-month,Electronic check,Fiber optic,0.7618607874,True
7206-PQBBZ,0,70.2,11,Month-to-month,Electronic check,Fiber optic,0.7616210428,False
1262-OPMFY,1,75.75,9,Month-to-month,Bank transfer (automatic),Fiber optic,0.7613282314,True
4749-VFKVB,1,50.1,1,Month-to-month,Mailed check,DSL,0.7607929936,True
8878-HMWBV,1,49.15,3,Month-to-month,Electronic check,DSL,0.7607905388,True
2799-ARNLO,0,69.35,5,Month-to-month,Electronic check,Fiber optic,0.7607896094,False
5747-PMBSQ,1,92.5,10,Month-to-month,Mailed check,Fiber optic,0.7605412649,True
1478-VPOAD,0,43.8,1,Month-to-month,Electronic check,DSL,0.7604577963,False
3420-ZDBMA,0,71.45,5,Month-to-month,Mailed check,Fiber optic,0.7602626752,False
0082-LDZUE,0,44.3,1,Month-to-month,Mailed check,DSL,0.7602442998,False
9992-RRAMN,1,85.1,22,Month-to-month,Electronic check,Fiber optic,0.760239694,True
0772-GYEQQ,1,88.35,3,Month-to-month,Mailed check,Fiber optic,0.7602220955,True
6347-DCUIK,1,74.15,10,Month-to-month,Mailed check,Fiber optic,0.7602067272,True
3914-FDRHP,0,86.25,9,Month-to-month,Electronic check,Fiber optic,0.7601108922,False
2107-FBPTK,0,104.1,30,Month-to-month,Electronic check,Fiber optic,0.7599680061,False
5652-MSDEY,0,75.75,10,Month-to-month,Mailed check,Fiber optic,0.7599583026,False
2103-ZRXFN,0,50.75,1,Month-to-month,Mailed check,DSL,0.7599418402,False
6047-YHPVI,1,69.7,5,Month-to-month,Electronic check,Fiber optic,0.7596105739,True
8063-RJYNF,1,94.25,16,Month-to-month,Electronic check,Fiber optic,0.7592916964,True
9121-PHQSR,0,85.05,16,Month-to-month,Credit card (automatic),Fiber optic,0.7591578264,False
3278-FSIXX,0,45.25,2,Month-to-month,Mailed check,DSL,0.7590492564,False
2058-DCJBE,1,69.75,5,Month-to-month,Electronic check,Fiber optic,0.7587941915,True
2845-AFFTX,1,99.8,41,Month-to-month,Electronic check,Fiber optic,0.7587756174,True
9638-JIQYA,0,24.9,2,Month-to-month,Credit card (automatic),DSL,0.7586642141,False
9274-UARKJ,0,83.2,15,Month-to-month,Bank transfer (automatic),Fiber optic,0.7583750402,False
6818-DJXAA,0,91.1,10,Month-to-month,Electronic check,Fiber optic,0.7583265157,False
0848-ZGQIJ,0,94.65,16,Month-to-month,Bank transfer (automatic),Fiber optic,0.7582628874,False
0018-NYROU,0,68.95,5,Month-to-month,Electronic check,Fiber optic,0.7581213643,False
3671-SHRSP,1,80.6,4,Month-to-month,Mailed check,Fiber optic,0.7579477677,True
7410-YTJIK,1,75.45,7,Month-to-month,Mailed check,Fiber optic,0.7579459253,True
7587-RZNME,1,43.3,3,Month-to-month,Electronic check,DSL,0.7579072006,True
4317-VTEOA,1,50.75,1,Month-to-month,Electronic check,DSL,0.7578305393,True
8695-ARGXZ,0,75.55,34,Month-to-month,Electronic check,Fiber optic,0.7578059101,False
8445-DNBAE,0,50.05,1,Month-to-month,Electronic check,DSL,0.75780198,False
9117-SHLZX,1,45.7,1,Month-to-month,Mailed check,DSL,0.7571944795,True
0887-HJGAR,1,45.7,1,Month-to-month,Mailed check,DSL,0.7571944795,True
6029-WTIPC,1,101.1,37,Month-to-month,Electronic check,Fiber optic,0.7571679621,True
9828-AOQLM,1,45.7,1,Month-to-month,Electronic check,DSL,0.7571202544,True
7537-RBWEA,0,25.15,1,Month-to-month,Mailed check,DSL,0.7570537692,False
3744-ZRRDZ,1,82.35,21,Month-to-month,Electronic check,Fiber optic,0.7569013751,True
1589-AGTLK,1,45.35,3,Month-to-month,Electronic check,DSL,0.7565767769,True
0122-OAHPZ,1,73.85,7,Month-to-month,Electronic check,Fiber optic,0.7565099016,True
6719-OXYBR,0,85.3,15,Month-to-month,Electronic check,Fiber optic,0.7564851409,False
5022-KVDQT,0,81.3,27,Month-to-month,Electronic check,Fiber optic,0.7564751889,False
7315-WYOAW,0,100.75,13,Month-to-month,Electronic check,Fiber optic,0.7564553183,False
9734-UYXQI,1,49.4,2,Month-to-month,Electronic check,DSL,0.7562510005,True
8981-FJGLA,0,78.0,11,Month-to-month,Mailed check,Fiber optic,0.7560569087,False
1728-BQDMA,0,44.45,2,Month-to-month,Electronic check,DSL,0.7560140612,False
8903-WMRNW,0,101.75,15,Month-to-month,Electronic check,Fiber optic,0.7559259297,False
4822-YCXMX,1,84.8,25,Month-to-month,Electronic check,Fiber optic,0.7556644038,True
7142-HVGBG,1,103.0,43,Month-to-month,Electronic check,Fiber optic,0.7555932089,True
5519-YLDGW,1,103.9,21,Month-to-month,Electronic check,Fiber optic,0.7555531667,True
9208-OLGAQ,0,84.95,18,Month-to-month,Electronic check,Fiber optic,0.7554327212,False
2656-FMOKZ,1,74.45,15,Month-to-month,Mailed check,Fiber optic,0.7551882207,True
1976-CFOCS,1,46.0,1,Month-to-month,Electronic check,DSL,0.7550319972,True
4351-QLCSU,1,55.0,1,Month-to-month,Credit card (automatic),DSL,0.7546727893,True
9919-KNPOO,0,94.3,21,Month-to-month,Electronic check,Fiber optic,0.7546565162,False
5940-NFXKV,1,83.65,19,Month-to-month,Electronic check,Fiber optic,0.7546302216,True
9912-GVSEQ,1,93.85,26,Month-to-month,Electronic check,Fiber optic,0.7542785213,True
0322-CHQRU,1,45.35,2,Month-to-month,Electronic check,DSL,0.7542736861,True
1112-CUNAO,1,89.85,15,Month-to-month,Electronic check,Fiber optic,0.7542726403,True
4910-AQFFX,1,79.35,9,Month-to-month,Bank transfer (automatic),Fiber optic,0.7540624953,True
6298-QDFNH,1,79.35,22,Month-to-month,Electronic check,Fiber optic,0.7538930704,True
6582-OIVSP,0,45.3,1,Month-to-month,Mailed check,DSL,0.7538731564,False
1226-IENZN,0,78.75,16,Month-to-month,Electronic check,Fiber optic,0.7537312171,False
2018-PZKMU,0,103.1,9,Month-to-month,Electronic check,Fiber optic,0.7537054981,False
3518-PZXZQ,0,55.3,1,Month-to-month,Mailed check,DSL,0.7535723364,False
8270-RKSAP,0,70.5,9,Month-to-month,Electronic check,Fiber optic,0.753472182,False
3318-OSATS,1,95.45,35,Month-to-month,Electronic check,Fiber optic,0.753436761,True
9189-JWSHV,1,93.55,24,Month-to-month,Electronic check,Fiber optic,0.7534361772,True
6507-ZJSUR,0,90.45,23,Month-to-month,Electronic check,Fiber optic,0.7533707206,False
9389-ACWBI,0,69.95,5,Month-to-month,Credit card (automatic),Fiber optic,0.7533670076,False
4385-GZQXV,1,94.45,16,Month-to-month,Electronic check,Fiber optic,0.7531176831,True
5879-SESNB,0,75.25,11,Month-to-month,Electronic check,Fiber optic,0.7529844639,False
8903-XEBGX,0,55.3,2,Month-to-month,Electronic check,DSL,0.7529657491,False
5552-ZNFSJ,1,45.3,1,Month-to-month,Electronic check,DSL,0.7529095343,True
1963-SVUCV,1,45.3,1,Month-to-month,Electronic check,DSL,0.7529095343,True
5244-IRFIH,1,94.5,33,Month-to-month,Electronic check,Fiber optic,0.7527633478,True
4369-HTUIF,1,85.15,6,Month-to-month,Bank transfer (automatic),Fiber optic,0.7526304223,True
9191-MYQKX,1,75.15,7,Month-to-month,Bank transfer (automatic),Fiber optic,0.7524971798,True
6331-EWIEB,1,85.25,20,Month-to-month,Electronic check,Fiber optic,0.7524971494,True
4817-VYYWS,1,100.2,30,Month-to-month,Electronic check,Fiber optic,0.7523086271,True
3096-IZETN,1,78.1,12,Month-to-month,Bank transfer (automatic),Fiber optic,0.7522159317,True
9054-FOWNV,0,88.75,22,Month-to-month,Electronic check,Fiber optic,0.752088077,False
1268-ASBGA,1,85.35,16,Month-to-month,Credit card (automatic),Fiber optic,0.7518883568,True
5955-ERIHD,1,94.7,18,Month-to-month,Electronic check,Fiber optic,0.7516832376,True
7252-NTGSS,0,45.15,1,Month-to-month,Mailed check,DSL,0.7516374295,False
9560-ARGQJ,1,81.0,16,Month-to-month,Electronic check,Fiber optic,0.7516335555,True
1766-GKNMI,0,84.9,29,Month-to-month,Electronic check,Fiber optic,0.7513732639,False
4480-QQRHC,0,74.05,8,Month-to-month,Bank transfer (automatic),Fiber optic,0.7512931103,False
5673-FSSMF,1,60.15,1,Month-to-month,Electronic check,DSL,0.7511441887,True
8280-MQRQN,1,50.45,1,Month-to-month,Mailed check,DSL,0.7510024625,True
7703-ZEKEF,1,81.0,23,Month-to-month,Electronic check,Fiber optic,0.7509968256,True
4505-EXZHB,1,74.4,6,Month-to-month,Electronic check,Fiber optic,0.750847045,True
0529-ONKER,1,75.65,15,Month-to-month,Electronic check,Fiber optic,0.7507796463,True
8710-YGLWG,0,44.9,1,Month-to-month,Mailed check,DSL,0.750569168,False
4929-BSTRX,1,53.55,1,Month-to-month,Mailed check,DSL,0.7504943764,True
9572-WUKSB,0,29.9,3,Month-to-month,Electronic check,DSL,0.7504548745,False
8397-MVTAZ,1,100.05,34,Month-to-month,Electronic check,Fiber optic,0.7504064233,True
8844-TONUD,1,96.65,13,Month-to-month,Mailed check,Fiber optic,0.7503420734,True
9743-DQKQW,0,25.1,3,Month-to-month,Electronic check,DSL,0.7501490643,False
5600-KTXFM,0,69.95,2,Month-to-month,Mailed check,Fiber optic,0.7499522858,False
8180-AKMJV,0,44.55,1,Month-to-month,Credit card (automatic),DSL,0.7499184425,False
9214-EKVXR,0,44.0,1,Month-to-month,Mailed check,DSL,0.7498420654,False
7072-MBHEV,0,78.1,11,Month-to-month,Credit card (automatic),Fiber optic,0.7498260597,False
3130-ICDUP,0,80.55,2,Month-to-month,Credit card (automatic),Fiber optic,0.7495109094,False
8224-DWCKX,0,73.3,12,Month-to-month,Credit card (automatic),Fiber optic,0.7491781826,False
2809-ZMYOQ,0,101.35,32,Month-to-month,Electronic check,Fiber optic,0.7489951618,False
7442-YGZFK,0,49.8,1,Month-to-month,Credit card (automatic),DSL,0.7489224374,False
7825-GKXMW,1,45.8,1,Month-to-month,Electronic check,DSL,0.7489125304,True
3550-SAHFP,1,83.35,33,Month-to-month,Electronic check,Fiber optic,0.7488538986,True
3753-TSEMP,1,88.15,15,Month-to-month,Electronic check,Fiber optic,0.7488459192,True
3672-YITQD,1,84.1,36,Month-to-month,Electronic check,Fiber optic,0.7487278337,True
3703-VAVCL,1,90.0,2,Month-to-month,Credit card (automatic),Fiber optic,0.7485237188,True
9494-MRNYX,0,75.05,10,Month-to-month,Electronic check,Fiber optic,0.7485079977,False
1513-XNPPH,1,89.4,12,Month-to-month,Electronic check,Fiber optic,0.7484151157,True
8104-OSKWT,0,79.8,12,Month-to-month,Electronic check,Fiber optic,0.7481394144,False
7783-YKGDV,1,99.7,12,Month-to-month,Bank transfer (automatic),Fiber optic,0.7481337545,True
2792-LSHWX,0,83.4,1,Month-to-month,Mailed check,Fiber optic,0.7475953741,False
4074-SJFFA,1,54.75,1,Month-to-month,Mailed check,DSL,0.7474438695,True
1658-TJVOA,0,74.1,6,Month-to-month,Electronic check,Fiber optic,0.747382066,False
1666-JXLKU,0,100.05,37,Month-to-month,Electronic check,Fiber optic,0.7472351035,False
5028-GZLDO,1,70.7,2,Month-to-month,Credit card (automatic),Fiber optic,0.7471664583,True
2831-EBWRN,0,45.9,4,Month-to-month,Electronic check,DSL,0.7470786055,False
4587-NUKOX,1,79.1,3,Month-to-month,Electronic check,Fiber optic,0.747001794,True
7065-YUNRY,1,45.3,1,Month-to-month,Mailed check,DSL,0.7469466537,True
5692-FPTAH,1,45.4,1,Month-to-month,Mailed check,DSL,0.7469466537,True
6204-IEUXJ,1,80.1,3,Month-to-month,Credit card (automatic),Fiber optic,0.7467674518,True
5365-LLFYV,0,45.85,2,Month-to-month,Mailed check,DSL,0.7466837338,False
8374-XGEJJ,1,101.0,43,Month-to-month,Electronic check,Fiber optic,0.7466551689,True
7802-EFKNY,1,24.95,5,Month-to-month,Electronic check,DSL,0.7465258663,True
4983-CCWMC,0,69.6,3,Month-to-month,Mailed check,Fiber optic,0.7464567658,False
5989-PGKJB,0,86.25,16,Month-to-month,Electronic check,Fiber optic,0.7464181051,False
2528-HFYZX,1,76.45,17,Month-to-month,Electronic check,Fiber optic,0.7462053684,True
5960-MVTUK,0,29.75,3,Month-to-month,Electronic check,DSL,0.7461706648,False
1867-BDVFH,1,74.35,11,Month-to-month,Electronic check,Fiber optic,0.7458736204,True
5923-GXUOC,1,104.4,10,Month-to-month,Electronic check,Fiber optic,0.7458185825,True
9244-ZVAPM,0,45.6,1,Month-to-month,Mailed check,DSL,0.7457711014,False
1236-WFCDV,1,90.45,14,Month-to-month,Credit card (automatic),Fiber optic,0.7457249038,True
2357-COQEK,1,103.3,28,Month-to-month,Electronic check,Fiber optic,0.7455002374,True
7359-PTSXY,1,45.75,1,Month-to-month,Electronic check,DSL,0.7454625856,True
2371-JQHZZ,0,93.0,24,Month-to-month,Electronic check,Fiber optic,0.7453408868,False
1660-HSOOQ,1,49.65,1,Month-to-month,Mailed check,DSL,0.745335876,True
8356-WUAOJ,0,45.0,1,Month-to-month,Electronic check,DSL,0.7453200077,False
3070-DVEYC,1,73.75,7,Month-to-month,Mailed check,Fiber optic,0.7452337602,True
8634-MPHTR,1,100.05,47,Month-to-month,Electronic check,Fiber optic,0.7449197491,True
1536-HBSWP,0,49.9,1,Month-to-month,Electronic check,DSL,0.7448977933,False
5696-QURRL,1,45.05,1,Month-to-month,Mailed check,DSL,0.7446610324,True
9692-TUSXH,1,96.05,18,Month-to-month,Electronic check,Fiber optic,0.7444156421,True
5022-JNQEQ,0,75.85,9,Month-to-month,Electronic check,Fiber optic,0.7443330784,False
4741-WWJQZ,0,80.15,2,Month-to-month,Electronic check,Fiber optic,0.7443146515,False
2774-LVQUS,1,83.05,15,Month-to-month,Electronic check,Fiber optic,0.7442130139,True
4846-WHAFZ,1,76.5,37,Month-to-month,Electronic check,Fiber optic,0.7441763142,True
5219-YIPTK,1,104.4,33,Month-to-month,Electronic check,Fiber optic,0.7440610348,True
9506-UXUSK,0,70.15,13,Month-to-month,Electronic check,Fiber optic,0.743929667,False
0315-LVCRK,0,84.8,11,Month-to-month,Electronic check,Fiber optic,0.7439209161,False
9851-QXEEQ,1,104.7,41,Month-to-month,Electronic check,Fiber optic,0.7437454,True
4349-GFQHK,1,54.35,1,Month-to-month,Electronic check,DSL,0.7437062538,True
7018-WBJNK,0,78.3,13,Month-to-month,Credit card (automatic),Fiber optic,0.7436898127,False
4536-PLEQY,0,85.05,12,Month-to-month,Credit card (automatic),Fiber optic,0.743528849,False
7714-YXSMB,0,100.5,26,Month-to-month,Bank transfer (automatic),Fiber optic,0.7427258048,False
4847-QNOKA,1,44.9,1,Month-to-month,Bank transfer (automatic),DSL,0.7425709987,True
2460-NGXBJ,0,75.2,11,Month-to-month,Credit card (automatic),Fiber optic,0.7425400331,False
5914-DVBWJ,1,85.45,18,Month-to-month,Electronic check,Fiber optic,0.7424373111,True
5934-RMPOV,0,84.75,22,Month-to-month,Electronic check,Fiber optic,0.7424321035,False
1771-OADNZ,1,95.9,29,Month-to-month,Electronic check,Fiber optic,0.7421699046,True
2235-DWLJU,0,44.4,6,Month-to-month,Electronic check,DSL,0.7421434287,False
4919-MOAVT,1,69.65,3,Month-to-month,Electronic check,Fiber optic,0.7420552464,True
7729-JTEEC,0,44.5,2,Month-to-month,Electronic check,DSL,0.741547448,False
7663-RGWBC,1,44.15,1,Month-to-month,Mailed check,DSL,0.7414478464,True
2482-CZGBB,1,70.0,10,Month-to-month,Electronic check,Fiber optic,0.7413945904,True
1309-BXVOQ,1,106.1,21,Month-to-month,Electronic check,Fiber optic,0.7412834646,True
8182-BJDSI,1,89.95,28,Month-to-month,Electronic check,Fiber optic,0.7404169709,True
2057-ZBLPD,1,86.5,21,Month-to-month,Electronic check,Fiber optic,0.7403984029,True
9058-CBREO,1,50.55,1,Month-to-month,Mailed check,DSL,0.7403942476,True
5655-JSMZM,1,96.2,49,Month-to-month,Electronic check,Fiber optic,0.7402592473,True
0067-DKWBL,1,49.25,2,Month-to-month,Electronic check,DSL,0.7401498468,True
2672-OJQZP,0,44.75,1,Month-to-month,Mailed check,DSL,0.7399845285,False
5692-ICXLW,0,90.7,31,Month-to-month,Electronic check,Fiber optic,0.7399569152,False
2833-SLKDQ,1,45.05,1,Month-to-month,Mailed check,DSL,0.7399341241,True
8017-LXHFA,1,94.75,23,Month-to-month,Electronic check,Fiber optic,0.7396452216,True
6034-YMTOB,0,75.65,5,Month-to-month,Mailed check,Fiber optic,0.7394658344,False
5233-AOZUF,0,74.95,29,Month-to-month,Electronic check,Fiber optic,0.7394054297,False
3703-KBKZP,0,74.45,16,Month-to-month,Bank transfer (automatic),Fiber optic,0.7393835248,False
8065-YKXKD,1,74.75,10,Month-to-month,Electronic check,Fiber optic,0.7392234535,True
7748-UMTRK,0,101.3,30,Month-to-month,Electronic check,Fiber optic,0.7391559969,False
4537-DKTAL,0,45.55,2,Month-to-month,Electronic check,DSL,0.7391500797,False
9637-EIHEQ,1,50.8,1,Month-to-month,Electronic check,DSL,0.7391437559,True
5103-MHMHY,1,45.95,1,Month-to-month,Mailed check,DSL,0.7387490013,True
3588-WSTTJ,0,99.05,35,Month-to-month,Electronic check,Fiber optic,0.7387363316,False
5380-WJKOV,1,106.35,34,Month-to-month,Electronic check,Fiber optic,0.7385309322,True
6175-IRFIT,0,78.75,5,Month-to-month,Mailed check,Fiber optic,0.7383383309,False
3961-SXAXY,0,44.05,1,Month-to-month,Bank transfer (automatic),DSL,0.7383361915,False
6379-RXJRQ,1,70.1,10,Month-to-month,Electronic check,Fiber optic,0.738105362,True
9992-UJOEL,0,50.3,2,Month-to-month,Mailed check,DSL,0.7380941171,False
3165-HDOEW,1,45.85,1,Month-to-month,Mailed check,DSL,0.7378354814,True
4433-JCGCG,1,101.0,46,Month-to-month,Electronic check,Fiber optic,0.7376584257,True
4193-ORFCL,1,45.1,1,Month-to-month,Mailed check,DSL,0.7375063989,True
6400-BWQKW,1,79.05,6,Month-to-month,Electronic check,Fiber optic,0.7372363649,True
2840-XANRC,1,93.15,24,Month-to-month,Electronic check,Fiber optic,0.736918183,True
1428-GTBJJ,1,74.55,11,Month-to-month,Electronic check,Fiber optic,0.7368431294,True
0570-BFQHT,0,80.55,9,Month-to-month,Electronic check,Fiber optic,0.7367854335,False
1942-OQFRW,0,44.0,1,Month-to-month,Electronic check,DSL,0.7366380732,False
3990-QYKBE,1,92.5,37,Month-to-month,Electronic check,Fiber optic,0.7366176259,True
4299-SIMNS,0,81.15,9,Month-to-month,Electronic check,Fiber optic,0.7362698431,False
1196-AMORA,1,73.6,7,Month-to-month,Electronic check,Fiber optic,0.7361653854,True
6551-GNYDG,0,80.9,14,Month-to-month,Bank transfer (automatic),Fiber optic,0.736063768,False
4315-MURBD,1,98.9,12,Month-to-month,Bank transfer (automatic),Fiber optic,0.7360346024,True
3334-CTHOL,1,49.95,1,Month-to-month,Bank transfer (automatic),DSL,0.7360202718,True
4598-XLKNJ,1,98.5,25,Month-to-month,Electronic check,Fiber optic,0.7360189709,True
8696-JKZNU,1,76.25,37,Month-to-month,Electronic check,Fiber optic,0.7359662133,True
0420-HLGXF,0,99.75,39,Month-to-month,Electronic check,Fiber optic,0.7359661147,False
0524-IAVZO,1,85.0,30,Month-to-month,Electronic check,Fiber optic,0.7356248595,True
5442-XSDCW,1,79.5,11,Month-to-month,Bank transfer (automatic),Fiber optic,0.7356228798,True
7480-QNVZJ,1,95.7,50,Month-to-month,Electronic check,Fiber optic,0.7355817145,True
4039-HEUNW,1,96.5,36,Month-to-month,Electronic check,Fiber optic,0.7354800174,True
0139-IVFJG,0,90.35,2,Month-to-month,Electronic check,Fiber optic,0.7354670068,False
7901-HXJVA,0,76.45,14,Month-to-month,Electronic check,Fiber optic,0.7354175976,False
5047-LHVLY,1,50.15,1,Month-to-month,Mailed check,DSL,0.7354056156,True
9647-ERGBE,1,100.05,30,Month-to-month,Electronic check,Fiber optic,0.7351531738,True
5760-FXFVO,0,78.95,6,Month-to-month,Electronic check,Fiber optic,0.7351418042,False
0378-NHQXU,1,88.25,17,Month-to-month,Electronic check,Fiber optic,0.7350287743,True
7377-DMMRI,1,47.8,2,Month-to-month,Electronic check,DSL,0.7347451595,True
0988-JRWWP,0,54.2,3,Month-to-month,Electronic check,DSL,0.7346495596,False
6692-UDPJC,1,91.65,14,Month-to-month,Electronic check,Fiber optic,0.7346138894,True
8290-YWKHZ,1,93.2,32,Month-to-month,Electronic check,Fiber optic,0.7345778732,True
7321-PKUYW,1,90.15,11,Month-to-month,Electronic check,Fiber optic,0.7345268552,True
4282-YMKNA,1,74.75,9,Month-to-month,Electronic check,Fiber optic,0.7344491856,True
1016-DJTSV,0,69.7,8,Month-to-month,Electronic check,Fiber optic,0.7342635239,False
7389-KBFIT,0,30.25,2,Month-to-month,Mailed check,DSL,0.7342252196,False
2665-NPTGL,0,98.1,26,Month-to-month,Bank transfer (automatic),Fiber optic,0.7341399926,False
7675-OZCZG,1,45.0,3,Month-to-month,Electronic check,DSL,0.7340937202,True
1918-ZBFQJ,1,79.25,13,Month-to-month,Electronic check,Fiber optic,0.7340303044,True
1406-PUQVY,0,49.9,1,Month-to-month,Electronic check,DSL,0.7339240699,False
6595-COKXZ,1,44.45,1,Month-to-month,Mailed check,DSL,0.7339068259,True
3891-PUQOD,1,59.2,1,Month-to-month,Electronic check,DSL,0.7336386538,True
8665-UTDHZ,1,30.2,1,Month-to-month,Electronic check,DSL,0.7336079011,True
6032-IGALN,1,25.1,1,Month-to-month,Mailed check,DSL,0.7334661143,True
8486-AYEQH,0,76.05,31,Month-to-month,Electronic check,Fiber optic,0.7332756616,False
8709-KRDVL,0,100.0,33,Month-to-month,Electronic check,Fiber optic,0.7332503162,False
5650-YLIBA,0,81.15,31,Month-to-month,Electronic check,Fiber optic,0.7330852613,False
4919-IKATY,1,84.5,5,Month-to-month,Electronic check,Fiber optic,0.7327373512,True
9631-XEYKE,0,50.4,3,Month-to-month,Bank transfer (automatic),DSL,0.7326792968,False
1845-ZLLIG,0,50.15,1,Month-to-month,Mailed check,DSL,0.7324439916,False
3748-FVMZZ,0,40.05,4,Month-to-month,Electronic check,DSL,0.7321678472,False
3716-UVSPD,0,49.3,1,Month-to-month,Electronic check,DSL,0.7317631187,False
1895-QTKDO,0,43.95,1,Month-to-month,Credit card (automatic),DSL,0.7317299033,False
2362-IBOOY,1,84.75,36,Month-to-month,Electronic check,Fiber optic,0.7315122867,True
4184-TJFAN,1,88.3,3,Month-to-month,Mailed check,Fiber optic,0.7313178775,True
4583-PARNH,0,91.55,16,Month-to-month,Electronic check,Fiber optic,0.7311862278,False
8485-GJCDN,1,69.05,5,Month-to-month,Mailed check,Fiber optic,0.7310007226,True
4727-MCYZG,0,55.55,1,Month-to-month,Mailed check,DSL,0.7307752241,False
3877-JRJIP,1,59.85,1,Month-to-month,Electronic check,DSL,0.7306674872,True
2372-HWUHI,1,44.35,2,Month-to-month,Electronic check,DSL,0.7305658935,True
4612-SSVHJ,0,81.45,20,Month-to-month,Electronic check,Fiber optic,0.7305648647,False
4373-MAVJG,1,90.9,14,Month-to-month,Bank transfer (automatic),Fiber optic,0.7304888308,True
6116-RFVHN,0,100.45,34,Month-to-month,Electronic check,Fiber optic,0.7304755597,False
6629-CZTTH,1,55.7,1,Month-to-month,Mailed check,DSL,0.7303032603,True
9620-ENEJV,0,70.55,6,Month-to-month,Credit card (automatic),Fiber optic,0.7299846691,False
0447-RXSGD,0,99.65,24,Month-to-month,Bank transfer (automatic),Fiber optic,0.7297439767,False
4816-LXZYW,1,79.15,23,Month-to-month,Electronic check,Fiber optic,0.7296491261,True
0439-IFYUN,0,74.7,18,Month-to-month,Electronic check,Fiber optic,0.7294994187,False
7841-TZDMQ,1,46.0,2,Month-to-month,Credit card (automatic),DSL,0.7294933575,True
4291-SHSBH,0,69.55,7,Month-to-month,Electronic check,Fiber optic,0.7293493202,False
7534-BFESC,1,76.1,24,Month-to-month,Electronic check,Fiber optic,0.7293225748,True
0396-YCHWO,0,95.4,36,Month-to-month,Electronic check,Fiber optic,0.729258568,False
3640-PHQXK,1,89.9,31,Month-to-month,Electronic check,Fiber optic,0.7292436956,True
3365-SAIGS,0,83.55,17,Month-to-month,Electronic check,Fiber optic,0.7289011122,False
2685-SREOM,1,89.1,25,Month-to-month,Electronic check,Fiber optic,0.7287052678,True
6650-VJONK,0,43.85,1,Month-to-month,Bank transfer (automatic),DSL,0.7286767029,False
5522-JBWMO,0,44.0,1,Month-to-month,Electronic check,DSL,0.7286720341,False
3453-RTHJQ,0,69.1,6,Month-to-month,Electronic check,Fiber optic,0.7284452362,False
7853-OETYL,0,29.05,4,Month-to-month,Electronic check,DSL,0.7284166573,False
9465-RWMXL,1,78.9,32,Month-to-month,Electronic check,Fiber optic,0.7282495254,True
9279-CJEOJ,0,95.4,21,Month-to-month,Bank transfer (automatic),Fiber optic,0.7282467428,False
4678-DVQEO,1,52.2,1,Month-to-month,Electronic check,DSL,0.7278949324,True
7020-OZKXZ,0,75.5,9,Month-to-month,Credit card (automatic),Fiber optic,0.7276825786,False
7890-VYYWG,1,36.45,3,Month-to-month,Mailed check,DSL,0.727680005,True
5364-EVNIB,1,79.8,13,Month-to-month,Electronic check,Fiber optic,0.7275230158,True
1092-GANHU,1,76.65,17,Month-to-month,Electronic check,Fiber optic,0.7272744327,True
4289-DTDKW,1,101.3,40,Month-to-month,Electronic check,Fiber optic,0.7271584288,True
1104-TNLZA,0,105.8,28,Month-to-month,Electronic check,Fiber optic,0.7270494451,False
4223-WOZCM,0,49.95,2,Month-to-month,Mailed check,DSL,0.7270423347,False
2082-OJVTK,1,89.2,29,Month-to-month,Electronic check,Fiber optic,0.7269678635,True
2025-JKFWI,1,99.0,13,Month-to-month,Mailed check,Fiber optic,0.7269568209,True
6876-ADESB,1,48.95,1,Month-to-month,Electronic check,DSL,0.726900772,True
5896-NPFWW,1,50.15,3,Month-to-month,Electronic check,DSL,0.7268689192,True
9763-PDTKK,1,94.4,4,Month-to-month,Bank transfer (automatic),Fiber optic,0.7268681462,True
8819-IMISP,0,80.45,31,Month-to-month,Electronic check,Fiber optic,0.7267802281,False
6637-KYRCV,0,30.5,5,Month-to-month,Electronic check,DSL,0.7263044763,False
1471-GIQKQ,0,49.95,1,Month-to-month,Electronic check,DSL,0.7262337496,False
0027-KWYKW,0,83.75,23,Month-to-month,Electronic check,Fiber optic,0.7262247329,False
8837-VVWLQ,1,84.95,8,Month-to-month,Electronic check,Fiber optic,0.7261749239,True
7508-SMHXL,0,89.0,15,Month-to-month,Credit card (automatic),Fiber optic,0.7259377829,False
4201-JMNGR,1,55.8,1,Month-to-month,Electronic check,DSL,0.7259039696,True
0125-LZQXK,1,101.35,15,Month-to-month,Electronic check,Fiber optic,0.725582992,True
6982-SSHFK,1,44.4,1,Month-to-month,Mailed check,DSL,0.7253912646,True
4546-FOKWR,0,74.75,16,Month-to-month,Credit card (automatic),Fiber optic,0.7253551878,False
1792-UXAFY,1,89.15,17,Month-to-month,Electronic check,Fiber optic,0.7253462965,True
1612-EOHDH,1,45.15,1,Month-to-month,Electronic check,DSL,0.72516056,True
9136-ALYBR,1,24.45,1,Month-to-month,Mailed check,DSL,0.7250341688,True
1335-NTIUC,0,24.95,9,Month-to-month,Electronic check,DSL,0.7249749474,False
8584-KMVXD,0,75.6,8,Month-to-month,Electronic check,Fiber optic,0.7248471381,False
1319-YLZJG,0,84.6,12,Month-to-month,Electronic check,Fiber optic,0.7247933929,False
7881-EVUAD,1,42.6,2,Month-to-month,Electronic check,DSL,0.7247075329,True
7603-USHJS,1,73.75,12,Month-to-month,Credit card (automatic),Fiber optic,0.7244940478,True
9355-NPPFS,0,78.8,26,Month-to-month,Electronic check,Fiber optic,0.7243434198,False
3413-BMNZE,0,45.25,1,Month-to-month,Bank transfer (automatic),DSL,0.7242883599,False
9801-GDWGV,1,103.45,39,Month-to-month,Electronic check,Fiber optic,0.7241243886,True
1723-HKXJQ,1,101.75,42,Month-to-month,Electronic check,Fiber optic,0.7240119952,True
9432-VOFYX,0,70.8,17,Month-to-month,Electronic check,Fiber optic,0.7237112314,False
3317-HRTNN,1,45.7,5,Month-to-month,Electronic check,DSL,0.7233125227,True
6833-JMZYP,0,94.0,15,Month-to-month,Credit card (automatic),Fiber optic,0.7233093648,False
9895-VFOXH,0,24.4,1,Month-to-month,Mailed check,DSL,0.7231645031,False
8128-YVJRG,1,79.65,7,Month-to-month,Mailed check,Fiber optic,0.7231091119,True
5842-POCOP,1,88.9,5,Month-to-month,Mailed check,Fiber optic,0.7230500868,True
3050-GBUSH,0,34.8,3,Month-to-month,Credit card (automatic),DSL,0.7230122596,False
2344-JMOGN,1,94.85,9,Month-to-month,Mailed check,Fiber optic,0.7229782707,True
7029-RPUAV,1,100.45,17,Month-to-month,Credit card (automatic),Fiber optic,0.7228876335,True
3737-GCSPV,1,96.2,11,Month-to-month,Credit card (automatic),Fiber optic,0.722767322,True
8990-ZXLSU,0,69.05,9,Month-to-month,Electronic check,Fiber optic,0.722449591,False
8286-AFUYI,0,47.95,1,Month-to-month,Electronic check,DSL,0.7224162802,False
2832-KJCRD,0,103.65,38,Month-to-month,Electronic check,Fiber optic,0.7223367224,False
0147-ESWWR,0,101.25,39,Month-to-month,Electronic check,Fiber optic,0.7218369063,False
9283-LZQOH,1,74.4,13,Month-to-month,Credit card (automatic),Fiber optic,0.7217760054,True
6366-ZGQGL,1,24.8,1,Month-to-month,Bank transfer (automatic),DSL,0.7217373339,True
8212-DJRCH,0,90.35,5,Month-to-month,Mailed check,Fiber optic,0.7215902287,False
8020-BWHYL,1,75.3,15,Month-to-month,Credit card (automatic),Fiber optic,0.7215492903,True
9796-BPKIW,0,69.95,8,Month-to-month,Credit card (automatic),Fiber optic,0.7215393181,False
1730-ZMAME,0,79.5,32,Month-to-month,Electronic check,Fiber optic,0.7213726277,False
9600-NAXZN,1,101.4,43,Month-to-month,Electronic check,Fiber optic,0.7211120374,True
0818-OCPZO,1,81.45,27,Month-to-month,Electronic check,Fiber optic,0.7210207126,True
6242-MBHPK,0,95.1,23,Month-to-month,Electronic check,Fiber optic,0.7205701046,False
6145-NNPNO,0,44.15,1,Month-to-month,Bank transfer (automatic),DSL,0.7204413425,False
4065-JJAVA,0,49.5,1,Month-to-month,Electronic check,DSL,0.7203551806,False
3085-QUOZK,1,43.95,1,Month-to-month,Mailed check,DSL,0.7203339624,True
4671-LXRDQ,1,45.0,2,Month-to-month,Mailed check,DSL,0.7199654025,True
3669-OYSJI,1,46.2,1,Month-to-month,Credit card (automatic),DSL,0.719732079,True
0434-CSFON,0,100.5,47,Month-to-month,Electronic check,Fiber optic,0.7195535545,False
0952-KMEEH,1,98.15,13,Month-to-month,Mailed check,Fiber optic,0.7193234728,True
3597-MVHJT,0,95.6,27,Month-to-month,Bank transfer (automatic),Fiber optic,0.7192146268,False
4208-UFFGW,1,44.95,2,Month-to-month,Mailed check,DSL,0.7186672688,True
9415-DPEWS,1,88.35,18,Month-to-month,Electronic check,Fiber optic,0.7185890953,True
3097-NNSPB,1,49.05,2,Month-to-month,Credit card (automatic),DSL,0.718573634,True
7801-KICAO,0,74.15,18,Month-to-month,Electronic check,Fiber optic,0.7185377947,False
0265-EDXBD,1,74.9,32,Month-to-month,Electronic check,Fiber optic,0.7185332699,True
0133-BMFZO,1,86.25,2,Month-to-month,Electronic check,Fiber optic,0.7185329087,True
9625-QSTYE,1,81.15,13,Month-to-month,Electronic check,Fiber optic,0.7182304372,True
6393-WRYZE,1,97.65,34,Month-to-month,Electronic check,Fiber optic,0.7181823243,True
5027-QPKTE,1,69.35,7,Month-to-month,Electronic check,Fiber optic,0.7181677392,True
8276-MQBYC,1,97.8,51,Month-to-month,Electronic check,Fiber optic,0.717345952,True
0221-WMXNQ,0,75.35,4,Month-to-month,Electronic check,Fiber optic,0.7172528638,False
2694-CIUMO,0,79.55,12,Month-to-month,Credit card (automatic),Fiber optic,0.7169896749,False
8818-DOPVL,0,104.45,46,Month-to-month,Electronic check,Fiber optic,0.7169850709,False
6235-VDHOM,1,28.45,5,Month-to-month,Electronic check,DSL,0.7168658406,True
7312-XSBAT,0,49.75,1,Month-to-month,Electronic check,DSL,0.7167642471,False
4441-NIHPT,1,74.3,13,Month-to-month,Electronic check,Fiber optic,0.7166894141,True
3235-ETOOB,1,74.5,8,Month-to-month,Electronic check,Fiber optic,0.7166154983,True
4146-SVFUD,0,44.6,1,Month-to-month,Mailed check,DSL,0.7162497302,False
0674-DGMAQ,0,93.5,32,Month-to-month,Electronic check,Fiber optic,0.7162348554,False
1260-TTRXI,1,54.3,4,Month-to-month,Electronic check,DSL,0.7160359142,True
7754-IXRMC,0,45.35,1,Month-to-month,Mailed check,DSL,0.7159839935,False
2575-GFSOE,1,69.0,7,Month-to-month,Electronic check,Fiber optic,0.7159387195,True
6502-HCJTI,1,94.7,7,Month-to-month,Credit card (automatic),Fiber optic,0.7159386597,True
2722-JMONI,1,49.55,1,Month-to-month,Electronic check,DSL,0.7157938484,True
4154-AQUGT,1,89.05,13,Month-to-month,Bank transfer (automatic),Fiber optic,0.7157295795,True
2969-QWUBZ,0,51.4,2,Month-to-month,Electronic check,DSL,0.715540381,False
6907-FLBER,0,54.3,1,Month-to-month,Electronic check,DSL,0.7155021865,False
4412-YLTKF,1,78.05,27,Month-to-month,Electronic check,Fiber optic,0.7154931632,True
0620-DLSLK,0,81.9,13,Month-to-month,Mailed check,Fiber optic,0.7153906695,False
9172-JITSM,1,90.8,26,Month-to-month,Electronic check,Fiber optic,0.7153520793,True
4959-JOSRX,1,44.6,2,Month-to-month,Credit card (automatic),DSL,0.7150208909,True
2504-DSHIH,0,86.8,23,Month-to-month,Electronic check,Fiber optic,0.7147346921,False
2800-QQUSO,0,100.3,42,Month-to-month,Electronic check,Fiber optic,0.7146863991,False
3439-GVUSX,0,24.4,1,Month-to-month,Mailed check,DSL,0.7146403946,False
4009-ALQFH,1,99.5,25,Month-to-month,Electronic check,Fiber optic,0.7145989986,True
8167-GJLRN,0,30.4,3,Month-to-month,Electronic check,DSL,0.7139535299,False
5605-IYGFG,0,69.85,7,Month-to-month,Bank transfer (automatic),Fiber optic,0.7139503105,False
2359-KMGLI,1,80.25,24,Month-to-month,Electronic check,Fiber optic,0.7138390624,True
3384-CTMSF,0,104.1,47,Month-to-month,Electronic check,Fiber optic,0.7136704219,False
2209-XADXF,0,25.25,1,Month-to-month,Bank transfer (automatic),DSL,0.7134788007,False
4062-HBMOS,0,103.05,52,Month-to-month,Electronic check,Fiber optic,0.7134663488,False
9658-WYUFB,1,94.4,17,Month-to-month,Electronic check,Fiber optic,0.7132920986,True
0817-HSUSE,0,75.5,1,Month-to-month,Electronic check,DSL,0.7126389916,False
5141-ZUVBH,0,93.0,9,Month-to-month,Bank transfer (automatic),Fiber optic,0.7121479377,False
2080-CAZNM,0,104.4,41,Month-to-month,Electronic check,Fiber optic,0.7121153057,False
2979-SXESE,1,94.4,17,Month-to-month,Electronic check,Fiber optic,0.7120063948,True
3329-WDIOK,1,50.6,3,Month-to-month,Electronic check,DSL,0.7107736753,True
6088-BXMRG,0,98.85,32,Month-to-month,Electronic check,Fiber optic,0.7103842436,False
0623-GDISB,0,48.45,1,Month-to-month,Bank transfer (automatic),DSL,0.7101460659,False
1212-GLHMD,0,86.05,3,Month-to-month,Mailed check,Fiber optic,0.7098941824,False
3088-LHEFH,0,79.0,11,Month-to-month,Bank transfer (automatic),Fiber optic,0.7098714556,False
0265-PSUAE,0,100.7,16,Month-to-month,Bank transfer (automatic),Fiber optic,0.7097661358,False
6559-PDZLR,0,98.65,26,Month-to-month,Electronic check,Fiber optic,0.7096952087,False
9420-LOJKX,1,99.1,15,Month-to-month,Credit card (automatic),Fiber optic,0.7095715107,True
9885-AIBVB,0,85.8,29,Month-to-month,Electronic check,Fiber optic,0.709214939,False
5606-AMZBO,0,78.15,10,Month-to-month,Credit card (automatic),Fiber optic,0.7091841312,False
6656-JWRQX,0,30.55,1,Month-to-month,Mailed check,DSL,0.7091659835,False
1624-WOIWJ,1,84.7,10,Month-to-month,Mailed check,Fiber optic,0.7091050067,True
0411-EZJZE,0,60.25,3,Month-to-month,Electronic check,DSL,0.7090900031,False
4686-UXDML,0,99.85,21,Month-to-month,Credit card (automatic),Fiber optic,0.708853674,False
1641-RQDAY,0,100.4,32,Month-to-month,Electronic check,Fiber optic,0.708837987,False
3565-UNOCC,1,99.05,29,Month-to-month,Bank transfer (automatic),Fiber optic,0.708646864,True
0374-IOEGQ,0,44.6,3,Month-to-month,Electronic check,DSL,0.7084901904,False
0637-YLETY,1,95.6,16,Month-to-month,Credit card (automatic),Fiber optic,0.708350008,True
3956-MGXOG,0,80.6,28,Month-to-month,Electronic check,Fiber optic,0.7079612031,False
6352-TWCAU,1,86.45,35,Month-to-month,Electronic check,Fiber optic,0.7079110928,True
6260-ONULR,0,62.8,1,Month-to-month,Mailed check,DSL,0.7078150118,False
8637-XJIVR,1,78.95,12,Month-to-month,Electronic check,Fiber optic,0.7078042025,True
3999-QGRJH,1,69.7,8,Month-to-month,Electronic check,Fiber optic,0.7075407035,True
6712-OAWRH,1,91.25,26,Month-to-month,Electronic check,Fiber optic,0.7074594843,True
5931-FLJJF,1,70.1,7,Month-to-month,Mailed check,Fiber optic,0.707452459,True
9889-TMAHG,1,100.3,8,Month-to-month,Credit card (automatic),Fiber optic,0.7073685475,True
2507-QZPQS,0,95.7,15,Month-to-month,Electronic check,Fiber optic,0.7072494497,False
7339-POGZN,0,50.7,4,Month-to-month,Electronic check,DSL,0.7070836069,False
0654-HMSHN,1,104.4,21,Month-to-month,Electronic check,Fiber optic,0.7070102447,True
0947-MUGVO,1,73.65,20,Month-to-month,Electronic check,Fiber optic,0.7064240548,True
0362-ZBZWJ,1,84.9,36,Month-to-month,Electronic check,Fiber optic,0.7063527527,True
4818-QIUFN,1,79.15,20,Month-to-month,Electronic check,Fiber optic,0.7063125759,True
6651-AZVTJ,1,99.8,49,Month-to-month,Electronic check,Fiber optic,0.7062794497,True
5226-NOZFC,0,85.75,26,Month-to-month,Electronic check,Fiber optic,0.7061843993,False
6458-CYIDZ,0,80.7,5,Month-to-month,Electronic check,Fiber optic,0.7061611463,False
2506-CLAKW,1,98.15,6,Month-to-month,Bank transfer (automatic),Fiber optic,0.705854239,True
2916-BQZLN,0,84.75,19,Month-to-month,Electronic check,Fiber optic,0.7057352736,False
9133-AYJZG,0,98.7,23,Month-to-month,Credit card (automatic),Fiber optic,0.7054887003,False
3071-VBYPO,0,89.85,3,Month-to-month,Electronic check,Fiber optic,0.7053048884,False
1583-IHQZE,1,112.95,12,Month-to-month,Mailed check,Fiber optic,0.7052750053,True
2718-GAXQD,1,46.0,4,Month-to-month,Electronic check,DSL,0.7052505594,True
6048-QBXKL,0,56.55,2,Month-to-month,Credit card (automatic),DSL,0.7050685736,False
0112-QAWRZ,0,90.8,16,Month-to-month,Bank transfer (automatic),Fiber optic,0.7050649367,False
9903-LYSAB,0,73.15,18,Month-to-month,Electronic check,Fiber optic,0.7050287953,False
0093-EXYQL,0,91.55,40,Month-to-month,Electronic check,Fiber optic,0.7048909869,False
7892-POOKP,1,104.8,28,Month-to-month,Electronic check,Fiber optic,0.7045406941,True
6338-AVWCY,1,40.15,3,Month-to-month,Mailed check,DSL,0.7044236765,True
1307-ATKGB,0,89.55,24,Month-to-month,Electronic check,Fiber optic,0.7043184663,False
9907-SWKKF,1,25.05,1,Month-to-month,Mailed check,DSL,0.7042587188,True
9540-JYROE,1,70.1,8,Month-to-month,Mailed check,Fiber optic,0.7041412335,True
8012-SOUDQ,0,90.25,43,Month-to-month,Electronic check,Fiber optic,0.7041147045,False
3374-LXDEV,1,89.4,13,Month-to-month,Electronic check,Fiber optic,0.7040932593,True
8364-TRMMK,1,50.65,3,Month-to-month,Mailed check,DSL,0.7039447908,True
2842-JTCCU,1,46.05,2,Month-to-month,Bank transfer (automatic),DSL,0.70379884,True
2636-OHFMN,1,48.55,4,Month-to-month,Electronic check,DSL,0.7036681746,True
3352-ALMCK,0,102.65,40,Month-to-month,Mailed check,Fiber optic,0.7036164592,False
1636-NTNCO,0,50.95,4,Month-to-month,Credit card (automatic),DSL,0.7032950805,False
9779-DPNEJ,0,80.15,22,Month-to-month,Electronic check,Fiber optic,0.7032836921,False
3002-WQZWT,0,74.2,29,Month-to-month,Electronic check,Fiber optic,0.7032817381,False
3969-GYXEL,0,76.4,11,Month-to-month,Electronic check,Fiber optic,0.7032385067,False
7901-TBKJX,0,101.05,56,Month-to-month,Electronic check,Fiber optic,0.7025615804,False
5857-TYBCJ,0,89.2,44,Month-to-month,Electronic check,Fiber optic,0.7025585667,False
8393-DLHGA,1,95.9,25,Month-to-month,Electronic check,Fiber optic,0.7023326615,True
0899-LIIBW,0,100.85,34,Month-to-month,Electronic check,Fiber optic,0.7023110386,False
7623-TRNQN,1,49.9,1,Month-to-month,Mailed check,DSL,0.7022251498,True
6103-BOCOU,0,80.7,26,Month-to-month,Electronic check,Fiber optic,0.7020003179,False
3312-ZWLGF,0,79.3,29,Month-to-month,Electronic check,Fiber optic,0.7019987584,False
7892-QVYKW,0,85.6,23,Month-to-month,Electronic check,Fiber optic,0.7018849522,False
4325-NFSKC,1,90.6,19,Month-to-month,Electronic check,Fiber optic,0.7018621744,True
6413-XKKPU,1,89.4,17,Month-to-month,Electronic check,Fiber optic,0.7018355386,True
4547-LYTDD,1,72.65,16,Month-to-month,Electronic check,Fiber optic,0.7014876708,True
1989-PRJHP,1,75.5,27,Month-to-month,Electronic check,Fiber optic,0.7014677643,True
2232-DMLXU,1,55.2,1,Month-to-month,Mailed check,DSL,0.7012252049,True
6317-YPKDH,1,29.95,1,Month-to-month,Bank transfer (automatic),DSL,0.7011913212,True
2189-WWOEW,1,85.9,15,Month-to-month,Bank transfer (automatic),Fiber optic,0.7010950228,True
8778-LMWTJ,0,74.85,9,Month-to-month,Electronic check,Fiber optic,0.7009609567,False
5019-GQVCR,0,84.85,43,Month-to-month,Electronic check,Fiber optic,0.7009421208,False
5858-EAFCZ,0,44.45,1,Month-to-month,Mailed check,DSL,0.700749361,False
5650-VDUDS,1,24.25,4,Month-to-month,Mailed check,DSL,0.7006772392,True
6467-CHFZW,1,99.35,47,Month-to-month,Electronic check,Fiber optic,0.7006485916,True
0650-BWOZN,0,73.55,18,Month-to-month,Electronic check,Fiber optic,0.7005286902,False
8676-OOQEJ,0,30.5,4,Month-to-month,Electronic check,DSL,0.7004204398,False
6212-ATMLK,0,95.7,50,Month-to-month,Electronic check,Fiber optic,0.7000800251,False
7296-PIXQY,0,70.2,14,Month-to-month,Electronic check,Fiber optic,0.7000565403,False
8059-UDZFY,0,105.35,33,Month-to-month,Bank transfer (automatic),Fiber optic,0.6997565378,False
4690-PKDQG,0,95.55,42,Month-to-month,Electronic check,Fiber optic,0.6996723052,False
9524-EGPJC,1,90.1,18,Month-to-month,Electronic check,Fiber optic,0.6995403874,True
6557-BZXLQ,0,69.65,16,Month-to-month,Electronic check,Fiber optic,0.6995141196,False
7593-XFKDI,1,46.3,1,Month-to-month,Mailed check,DSL,0.6993670468,True
5868-CZJDR,1,31.35,1,Month-to-month,Mailed check,DSL,0.6992634717,True
0491-KAPQG,0,73.7,21,Month-to-month,Electronic check,Fiber optic,0.6990979302,False
2696-NARTR,1,73.85,11,Month-to-month,Electronic check,Fiber optic,0.6990909583,True
6032-KRXXO,1,90.25,30,Month-to-month,Electronic check,Fiber optic,0.6989512115,True
1346-UFHAX,0,80.0,13,Month-to-month,Credit card (automatic),Fiber optic,0.6989304297,False
6319-IEJWJ,1,90.2,20,Month-to-month,Electronic check,Fiber optic,0.6988871801,True
0886-QGENL,1,101.25,27,Month-to-month,Electronic check,Fiber optic,0.698827525,True
5351-QESIO,0,24.2,1,Month-to-month,Mailed check,DSL,0.6987237934,False
3934-HXCFZ,1,99.25,23,Month-to-month,Electronic check,Fiber optic,0.6983295042,True
6778-YSNIH,0,59.0,2,Month-to-month,Electronic check,DSL,0.6980045288,False
0939-YAPAF,1,100.25,35,Month-to-month,Electronic check,Fiber optic,0.6979831416,True
4873-ILOLJ,1,90.35,24,Month-to-month,Electronic check,Fiber optic,0.697713483,True
6905-NIQIN,1,50.65,1,Month-to-month,Mailed check,DSL,0.6976505546,True
5167-GBFRE,1,25.2,4,Month-to-month,Bank transfer (automatic),DSL,0.6973557108,True
4013-TLDHQ,1,78.25,19,Month-to-month,Electronic check,Fiber optic,0.6969508904,True
9058-MJLZC,0,94.6,24,Month-to-month,Electronic check,Fiber optic,0.696861338,False
0958-YHXGP,0,69.9,7,Month-to-month,Mailed check,Fiber optic,0.6966454431,False
1816-FLZDK,0,29.15,1,Month-to-month,Mailed check,DSL,0.6963741505,False
2207-NHRJK,1,50.8,1,Month-to-month,Electronic check,DSL,0.6962598759,True
9518-XXBXE,0,75.3,10,Month-to-month,Electronic check,Fiber optic,0.696184917,False
3315-TOTBP,1,76.0,15,Month-to-month,Mailed check,Fiber optic,0.6960655336,True
2398-YPMUR,1,70.15,13,Month-to-month,Electronic check,Fiber optic,0.6960118764,True
3751-KTZEL,1,35.05,1,Month-to-month,Mailed check,DSL,0.6958610284,True
1597-LHYNC,1,95.0,26,Month-to-month,Electronic check,Fiber optic,0.695524418,True
9714-EDSUC,0,94.9,4,Month-to-month,Mailed check,Fiber optic,0.6950921844,False
0771-WLCLA,0,112.95,16,Month-to-month,Electronic check,Fiber optic,0.6948409517,False
6158-HDPXZ,0,25.35,1,Month-to-month,Mailed check,DSL,0.6946092698,False
5175-AOBHI,1,46.0,4,Month-to-month,Mailed check,DSL,0.694587964,True
9661-MHUMO,1,49.25,1,Month-to-month,Credit card (automatic),DSL,0.6944775577,True
3951-NJCVI,0,95.05,42,Month-to-month,Electronic check,Fiber optic,0.6943819403,False
4128-ETESU,0,99.7,47,Month-to-month,Electronic check,Fiber optic,0.694377842,False
8544-GOQSH,0,80.05,14,Month-to-month,Credit card (automatic),Fiber optic,0.6940971316,False
9824-BEMCV,1,69.0,17,Month-to-month,Electronic check,Fiber optic,0.6937836396,True
2070-FNEXE,1,76.45,7,Month-to-month,Bank transfer (automatic),Fiber optic,0.693778527,True
0975-VOOVL,0,29.2,3,Month-to-month,Mailed check,DSL,0.6937201555,False
4998-IKFSE,0,100.45,30,Month-to-month,Electronic check,Fiber optic,0.6933676281,False
8800-ZKRFW,0,107.5,30,Month-to-month,Electronic check,Fiber optic,0.6933060524,False
2603-HVKCG,0,101.4,31,Month-to-month,Electronic check,Fiber optic,0.6932395782,False
8260-NGFNY,1,25.2,1,Month-to-month,Mailed check,DSL,0.6930793324,True
7511-YMXVQ,1,45.4,9,Month-to-month,Electronic check,DSL,0.6924767543,True
7250-EQKIY,1,50.45,1,Month-to-month,Mailed check,DSL,0.6920199843,True
9552-TGUZV,0,75.0,8,Month-to-month,Mailed check,Fiber optic,0.6918017962,False
9851-KIELU,1,110.1,10,Month-to-month,Electronic check,Fiber optic,0.6917731626,True
6142-VSJQO,1,44.35,1,Month-to-month,Bank transfer (automatic),DSL,0.6917621493,True
7586-ZATGZ,0,84.9,40,Month-to-month,Electronic check,Fiber optic,0.6914061062,False
6402-ZFPPI,1,102.8,25,Month-to-month,Mailed check,Fiber optic,0.6910173625,True
7562-GSUHK,1,93.2,16,Month-to-month,Credit card (automatic),Fiber optic,0.6908711339,True
1777-JYQPJ,0,24.3,2,Month-to-month,Mailed check,DSL,0.6907807533,False
3755-JBMNH,1,71.8,16,Month-to-month,Bank transfer (automatic),Fiber optic,0.6907041854,True
9732-KPKBW,1,53.95,1,Month-to-month,Electronic check,DSL,0.6906641906,True
2719-BDAQO,1,93.85,17,Month-to-month,Electronic check,Fiber optic,0.6906242988,True
3677-TNKIO,1,71.0,14,Month-to-month,Credit card (automatic),Fiber optic,0.6904951888,True
9529-OFXHY,0,87.75,15,Month-to-month,Bank transfer (automatic),Fiber optic,0.6904062492,False
5215-LNLDJ,0,24.7,7,Month-to-month,Electronic check,DSL,0.6903706496,False
5908-QMGOE,1,74.2,15,Month-to-month,Credit card (automatic),Fiber optic,0.6902280227,True
5453-AXEPF,0,80.5,17,Month-to-month,Bank transfer (automatic),Fiber optic,0.6900880223,False
5108-ADXWO,1,73.5,11,Month-to-month,Electronic check,Fiber optic,0.6900645578,True
0337-CNPZE,1,106.3,41,Month-to-month,Electronic check,Fiber optic,0.6899283653,True
5630-IXDXV,0,106.35,47,Month-to-month,Electronic check,Fiber optic,0.6896104666,False
2955-BJZHG,1,80.85,17,Month-to-month,Electronic check,Fiber optic,0.6895290786,True
7794-JASDG,0,50.75,1,Month-to-month,Mailed check,DSL,0.6893528814,False
9190-MFJLN,1,95.9,19,Month-to-month,Credit card (automatic),Fiber optic,0.6893331855,True
0415-MOSGF,1,44.4,1,Month-to-month,Mailed check,DSL,0.6892749071,True
2692-BUCFV,0,101.45,29,Month-to-month,Bank transfer (automatic),Fiber optic,0.6892488007,False
6877-LGWXO,1,78.55,18,Month-to-month,Electronic check,Fiber optic,0.688981987,True
0082-OQIQY,0,94.2,29,Month-to-month,Electronic check,Fiber optic,0.6889605734,False
5669-SRAIP,1,39.5,5,Month-to-month,Electronic check,DSL,0.6889053855,True
1902-XBTFB,1,89.4,22,Month-to-month,Electronic check,Fiber optic,0.6888455075,True
2626-URJFX,1,50.9,4,Month-to-month,Electronic check,DSL,0.6888017526,True
3995-WFCSM,0,60.85,2,Month-to-month,Electronic check,DSL,0.6887465939,False
0927-LCSMG,1,74.65,7,Month-to-month,Mailed check,Fiber optic,0.688663874,True
2501-XWWTZ,0,70.2,11,Month-to-month,Electronic check,Fiber optic,0.688482214,False
3858-VOBET,1,74.95,23,Month-to-month,Electronic check,Fiber optic,0.6884202778,True
1785-BPHTP,0,85.45,28,Month-to-month,Electronic check,Fiber optic,0.6882779473,False
2956-GGUCQ,1,78.85,24,Month-to-month,Electronic check,Fiber optic,0.6881062635,True
7137-RYLPP,1,85.7,37,Month-to-month,Electronic check,Fiber optic,0.6879679004,True
5980-NOPLP,1,96.1,44,Month-to-month,Electronic check,Fiber optic,0.6877662021,True
6416-YJTTB,0,79.5,11,Month-to-month,Bank transfer (automatic),Fiber optic,0.6876915129,False
2568-OIADY,1,99.5,37,Month-to-month,Electronic check,Fiber optic,0.6872186209,True
6178-KFNHS,1,78.3,12,Month-to-month,Electronic check,Fiber optic,0.6871027479,True
6692-YQHXC,0,69.95,16,Month-to-month,Credit card (automatic),Fiber optic,0.6870817249,False
1754-GKYPY,0,89.75,22,Month-to-month,Bank transfer (automatic),Fiber optic,0.6870542014,False
2637-FKFSY,0,46.1,3,Month-to-month,Mailed check,DSL,0.6870537611,False
3577-AMVUX,0,55.05,1,Month-to-month,Mailed check,DSL,0.6870258517,False
9940-HPQPG,1,91.75,9,Month-to-month,Bank transfer (automatic),Fiber optic,0.6868782546,True
5999-LCXAO,0,29.9,1,Month-to-month,Mailed check,DSL,0.6867665453,False
6311-UEUME,1,78.9,29,Month-to-month,Electronic check,Fiber optic,0.6867337359,True
7852-LECYP,0,93.8,13,Month-to-month,Credit card (automatic),Fiber optic,0.6867070192,False
2607-FBDFF,0,49.0,1,Month-to-month,Credit card (automatic),DSL,0.6864005768,False
2860-RANUS,1,85.8,20,Month-to-month,Credit card (automatic),Fiber optic,0.6863994559,True
9365-SRSZE,0,70.55,27,Month-to-month,Electronic check,Fiber optic,0.6861512995,False
6888-SBYAI,0,50.7,1,Month-to-month,Mailed check,DSL,0.686122806,False
8660-BUETV,0,44.75,3,Month-to-month,Mailed check,DSL,0.686011423,False
9450-TRJUU,0,83.15,35,Month-to-month,Electronic check,Fiber optic,0.6859266307,False
9239-ZBZZV,1,47.95,6,Month-to-month,Electronic check,DSL,0.6859054554,True
1216-JWVUX,0,75.5,25,Month-to-month,Electronic check,Fiber optic,0.6857659642,False
0641-EVBOJ,0,82.3,3,Month-to-month,Mailed check,Fiber optic,0.6857583283,False
5233-GEEAX,1,29.4,8,Month-to-month,Electronic check,DSL,0.6857068493,True
9348-YVOMK,0,44.8,4,Month-to-month,Credit card (automatic),DSL,0.6857056172,False
4484-CGXFK,1,55.3,3,Month-to-month,Electronic check,DSL,0.6855578385,True
7734-DBOAI,1,40.1,1,Month-to-month,Electronic check,DSL,0.6855514952,True
6080-TCMYC,0,81.2,40,Month-to-month,Electronic check,Fiber optic,0.6855258243,False
1794-HBQTJ,1,48.6,1,Month-to-month,Credit card (automatic),DSL,0.6854141511,True
3658-KIBGF,1,54.9,1,Month-to-month,Electronic check,DSL,0.6853478762,True
4183-MYFRB,0,90.05,21,Month-to-month,Electronic check,Fiber optic,0.6852964319,False
1932-UEDCX,0,100.6,33,Month-to-month,Bank transfer (automatic),Fiber optic,0.685165505,False
3540-RZJYU,1,86.2,15,Month-to-month,Electronic check,Fiber optic,0.6851385617,True
9821-POOTN,1,75.2,35,Month-to-month,Electronic check,Fiber optic,0.6848055582,True
1251-KRREG,1,54.4,2,Month-to-month,Mailed check,DSL,0.6845250973,True
5144-TVGLP,0,94.75,38,Month-to-month,Electronic check,Fiber optic,0.6844091907,False
7967-HYCDE,0,70.7,8,Month-to-month,Bank transfer (automatic),Fiber optic,0.6842326559,False
9667-TKTVZ,0,54.35,2,Month-to-month,Mailed check,DSL,0.6841843381,False
2091-RFFBA,1,73.9,31,Month-to-month,Electronic check,Fiber optic,0.6841302482,True
6661-HBGWL,1,104.75,42,Month-to-month,Bank transfer (automatic),Fiber optic,0.6841059542,True
3866-MDTUB,1,70.75,2,Month-to-month,Electronic check,DSL,0.684057296,True
5651-YLPRD,0,86.1,32,Month-to-month,Electronic check,Fiber optic,0.6838243835,False
6907-NZZIJ,1,99.15,36,Month-to-month,Electronic check,Fiber optic,0.6837517934,True
6646-VRFOL,1,103.85,53,Month-to-month,Electronic check,Fiber optic,0.6836841869,True
5839-SUYVZ,0,74.55,16,Month-to-month,Credit card (automatic),Fiber optic,0.6835574211,False
1302-UHBDD,0,89.95,20,Month-to-month,Electronic check,Fiber optic,0.6833458575,False
4716-HHKQH,0,107.05,20,Month-to-month,Electronic check,Fiber optic,0.6831142985,False
8714-EUHJO,1,91.15,31,Month-to-month,Electronic check,Fiber optic,0.6830291269,True
8429-XIBUM,1,101.35,22,Month-to-month,Bank transfer (automatic),Fiber optic,0.682975654,True
6900-PXRMS,1,105.75,26,Month-to-month,Electronic check,Fiber optic,0.6829630763,True
7270-BDIOA,1,90.0,22,Month-to-month,Electronic check,Fiber optic,0.6829283767,True
4659-NZRUF,1,95.15,19,Month-to-month,Electronic check,Fiber optic,0.6826700659,True
4484-GLZOU,1,105.05,52,Month-to-month,Electronic check,Fiber optic,0.6824313177,True
5449-FIBXJ,1,103.3,19,Month-to-month,Electronic check,Fiber optic,0.6821853092,True
2122-YWVYA,0,75.4,18,Month-to-month,Electronic check,Fiber optic,0.6820458745,False
4503-BDXBD,1,74.95,11,Month-to-month,Electronic check,Fiber optic,0.6820048911,True
8802-UNOJF,1,83.8,12,Month-to-month,Mailed check,Fiber optic,0.6817532829,True
5364-XYIRR,1,94.65,51,Month-to-month,Electronic check,Fiber optic,0.6817025355,True
2538-OIMXF,0,24.7,1,Month-to-month,Mailed check,DSL,0.6814918602,False
2480-SQIOB,0,44.8,4,Month-to-month,Electronic check,DSL,0.6812516563,False
2277-VWCNI,0,48.75,4,Month-to-month,Mailed check,DSL,0.6808074835,False
1501-SGHBW,1,45.85,2,Month-to-month,Mailed check,DSL,0.6803442768,True
3269-ATYWD,1,95.65,39,Month-to-month,Bank transfer (automatic),Fiber optic,0.6802372061,True
6078-VESFR,0,70.45,13,Month-to-month,Bank transfer (automatic),Fiber optic,0.6800560726,False
4061-UKJWL,0,45.45,3,Month-to-month,Mailed check,DSL,0.6800504324,False
9508-ILZDG,0,96.35,34,Month-to-month,Electronic check,Fiber optic,0.6797255692,False
8189-XRIKE,0,90.95,32,Month-to-month,Electronic check,Fiber optic,0.6795947974,False
6030-REHUX,0,110.85,28,Month-to-month,Electronic check,Fiber optic,0.6794614023,False
3211-AAPKX,0,98.55,20,Month-to-month,Mailed check,Fiber optic,0.6791661596,False
5895-QSXOD,0,70.05,9,Month-to-month,Mailed check,Fiber optic,0.6791343623,False
8695-WDYEA,0,51.25,1,Month-to-month,Mailed check,DSL,0.6789684428,False
5153-RTHKF,0,85.35,34,Month-to-month,Electronic check,Fiber optic,0.6785297561,False
3955-JBZZM,0,78.8,20,Month-to-month,Electronic check,Fiber optic,0.6784111377,False
1769-GRUIK,0,71.1,18,Month-to-month,Electronic check,Fiber optic,0.6779108244,False
1391-UBDAR,0,72.9,11,Month-to-month,Electronic check,Fiber optic,0.6778118853,False
6689-KXGBO,1,50.55,1,Month-to-month,Electronic check,DSL,0.6778009063,True
1226-UDFZR,1,49.6,2,Month-to-month,Mailed check,DSL,0.6775061126,True
9490-DFPMD,1,84.65,42,Month-to-month,Electronic check,Fiber optic,0.6773763721,True
2249-YPRNG,1,105.85,20,Month-to-month,Bank transfer (automatic),Fiber optic,0.6771895051,True
5035-BVCXS,0,75.9,11,Month-to-month,Mailed check,Fiber optic,0.6770090926,False
3398-ZOUAA,1,69.1,21,Month-to-month,Electronic check,Fiber optic,0.6769584513,True
7993-PYKOF,1,75.0,8,Month-to-month,Electronic check,Fiber optic,0.6767268748,True
0256-LTHVJ,1,81.05,28,Month-to-month,Electronic check,Fiber optic,0.6765797269,True
2027-CWDNU,0,85.6,18,Month-to-month,Electronic check,Fiber optic,0.6765425336,False
5899-OUVKV,0,94.5,31,Month-to-month,Electronic check,Fiber optic,0.6764752622,False
9601-BRXPO,1,104.95,25,Month-to-month,Bank transfer (automatic),Fiber optic,0.6762089217,True
1891-UAWWU,1,90.8,20,Month-to-month,Electronic check,Fiber optic,0.6759746554,True
7978-DKUQH,0,74.6,25,Month-to-month,Electronic check,Fiber optic,0.6758846676,False
9661-ACXBS,1,105.2,42,Month-to-month,Electronic check,Fiber optic,0.6758644664,True
1833-TCXKK,0,107.75,45,Month-to-month,Bank transfer (automatic),Fiber optic,0.6758436969,False
5899-MQZZL,1,75.0,13,Month-to-month,Mailed check,Fiber optic,0.6756551942,True
3545-CNWRG,0,98.35,49,Month-to-month,Electronic check,Fiber optic,0.6755990443,False
0148-DCDOS,1,94.7,25,Month-to-month,Bank transfer (automatic),Fiber optic,0.6755020712,True
8654-DHAOW,0,54.15,2,Month-to-month,Mailed check,DSL,0.6754181018,False
4652-NNHNY,1,73.85,16,Month-to-month,Bank transfer (automatic),Fiber optic,0.6753538662,True
3174-RKMOW,0,109.95,35,Month-to-month,Electronic check,Fiber optic,0.6752666482,False
2739-CACDQ,0,82.65,17,Month-to-month,Credit card (automatic),Fiber optic,0.6752202926,False
1965-DDBWU,1,89.05,16,Month-to-month,Credit card (automatic),Fiber optic,0.6752091321,True
0322-YINQP,1,48.55,1,Month-to-month,Mailed check,DSL,0.6751581955,True
2034-CGRHZ,1,102.95,24,Month-to-month,Credit card (automatic),Fiber optic,0.6751472599,True
6518-LGAOV,1,105.0,38,Month-to-month,Electronic check,Fiber optic,0.6750508114,True
7851-FLGGQ,1,44.65,1,Month-to-month,Mailed check,DSL,0.6750216138,True
3946-MHCZW,1,50.9,1,Month-to-month,Mailed check,DSL,0.6750084508,True
1580-BMCMR,0,87.3,19,Month-to-month,Electronic check,Fiber optic,0.6749555891,False
3082-VQXNH,0,29.8,3,Month-to-month,Credit card (automatic),DSL,0.6748181111,False
2697-NQBPF,0,105.35,34,Month-to-month,Electronic check,Fiber optic,0.6745193527,False
4116-TZAQJ,1,74.25,9,Month-to-month,Credit card (automatic),Fiber optic,0.6743903021,True
3481-JHUZH,0,80.25,41,Month-to-month,Electronic check,Fiber optic,0.6743671464,False
2933-FILNV,1,24.4,2,Month-to-month,Mailed check,DSL,0.674353312,True
0577-WHMEV,0,90.7,16,Month-to-month,Electronic check,Fiber optic,0.6742636937,False
2181-UAESM,0,53.45,2,Month-to-month,Electronic check,DSL,0.6740019718,False
0537-QYZZN,0,79.85,24,Month-to-month,Electronic check,Fiber optic,0.6739506631,False
2824-MYYBN,0,95.25,37,Month-to-month,Electronic check,Fiber optic,0.673416515,False
9129-UXERG,0,103.6,18,Month-to-month,Credit card (automatic),Fiber optic,0.6731488096,False
0115-TFERT,1,111.2,21,Month-to-month,Electronic check,Fiber optic,0.6729161345,True
1028-FFNJK,0,101.5,30,Month-to-month,Electronic check,Fiber optic,0.6726719987,False
6917-IAYHD,0,33.6,1,Month-to-month,Mailed check,DSL,0.672633884,False
0141-YEAYS,0,86.45,27,Month-to-month,Bank transfer (automatic),Fiber optic,0.6722061011,False
7233-DRTRF,0,102.4,63,Month-to-month,Electronic check,Fiber optic,0.6721064217,False
0114-PEGZZ,0,107.55,33,Month-to-month,Electronic check,Fiber optic,0.6720710361,False
9448-REEVD,1,44.7,1,Month-to-month,Credit card (automatic),DSL,0.6720036603,True
3987-KQDDU,0,75.6,9,Month-to-month,Electronic check,Fiber optic,0.6718889861,False
6994-KERXL,0,55.9,4,Month-to-month,Electronic check,DSL,0.6718750892,False
7825-ECJRF,1,106.6,19,Month-to-month,Electronic check,Fiber optic,0.6715652474,True
5222-IMUKT,0,91.05,32,Month-to-month,Electronic check,Fiber optic,0.6715589727,False
6844-DZKRF,0,50.2,2,Month-to-month,Credit card (automatic),DSL,0.6713445647,False
6304-IJFSQ,1,49.9,3,Month-to-month,Mailed check,DSL,0.671233855,True
7126-RBHSD,0,78.9,17,Month-to-month,Electronic check,Fiber optic,0.6712186376,False
0376-YMCJC,1,90.6,23,Month-to-month,Electronic check,Fiber optic,0.671185931,True
9537-VHDTA,0,51.2,1,Month-to-month,Mailed check,DSL,0.671129971,False
3536-IQCTX,1,85.3,32,Month-to-month,Electronic check,Fiber optic,0.6707950704,True
8490-BXHEO,0,80.55,18,Month-to-month,Credit card (automatic),Fiber optic,0.6707264772,False
5156-UMKOW,0,29.65,3,Month-to-month,Mailed check,DSL,0.6707091507,False
5948-UJZLF,0,49.25,2,Month-to-month,Mailed check,DSL,0.6705952691,False
0374-AACSZ,0,50.15,1,Month-to-month,Electronic check,DSL,0.6705357926,False
2378-VTKDH,0,104.35,65,Month-to-month,Electronic check,Fiber optic,0.6703398619,False
8648-PFRMP,0,46.35,14,Month-to-month,Electronic check,DSL,0.6702597227,False
2947-DOMLJ,1,50.6,1,Month-to-month,Mailed check,DSL,0.6700533473,True
3370-GQEAL,0,85.45,30,Month-to-month,Electronic check,Fiber optic,0.6699555139,False
3234-VKACU,0,70.3,2,Month-to-month,Electronic check,DSL,0.6698932731,False
4432-ADRLB,1,44.65,2,Month-to-month,Mailed check,DSL,0.6698084502,True
7718-RXDGG,0,68.6,15,Month-to-month,Bank transfer (automatic),Fiber optic,0.6697706919,False
7056-IMHCC,1,101.9,53,Month-to-month,Electronic check,Fiber optic,0.6697672747,True
0921-OHLVP,0,83.05,22,Month-to-month,Electronic check,Fiber optic,0.6697608945,False
3799-ISUZQ,1,69.95,7,Month-to-month,Bank transfer (automatic),Fiber optic,0.6695582427,True
2049-BAFNW,0,35.9,1,Month-to-month,Mailed check,DSL,0.6694297472,False
1670-SVOWZ,1,89.65,14,Month-to-month,Credit card (automatic),Fiber optic,0.6691200843,True
8436-BJUMM,1,83.75,26,Month-to-month,Electronic check,Fiber optic,0.6690166462,True
8849-AYPTR,0,91.25,33,Month-to-month,Electronic check,Fiber optic,0.6689397768,False
7562-UXTPG,0,70.15,13,Month-to-month,Mailed check,Fiber optic,0.6688217128,False
6481-ESCNL,0,100.55,29,Month-to-month,Bank transfer (automatic),Fiber optic,0.6687869038,False
7410-OIEDU,0,79.85,10,Month-to-month,Mailed check,Fiber optic,0.6686783469,False
6817-WTYHE,0,44.9,2,Month-to-month,Bank transfer (automatic),DSL,0.668668089,False
3714-NTNFO,0,84.5,49,Month-to-month,Electronic check,Fiber optic,0.6684710447,False
2474-BRUCM,1,101.85,40,Month-to-month,Electronic check,Fiber optic,0.6681443434,True
1608-GMEWB,0,93.9,45,Month-to-month,Bank transfer (automatic),Fiber optic,0.6679382608,False
4248-QPAVC,1,85.35,17,Month-to-month,Bank transfer (automatic),Fiber optic,0.6675869147,True
0895-DQHEW,1,104.3,54,Month-to-month,Electronic check,Fiber optic,0.6674040253,True
8621-MNIHH,1,94.25,34,Month-to-month,Electronic check,Fiber optic,0.6672198739,True
1635-FJFCC,0,44.05,5,Month-to-month,Credit card (automatic),DSL,0.6671326135,False
2079-FBMZK,1,69.25,6,Month-to-month,Mailed check,Fiber optic,0.6670613758,True
8757-TFHHJ,0,49.8,1,Month-to-month,Credit card (automatic),DSL,0.6670455046,False
0207-MDKNV,1,105.1,15,Month-to-month,Electronic check,Fiber optic,0.6670416066,True
3167-SNQPL,0,101.15,38,Month-to-month,Electronic check,Fiber optic,0.6670128004,False
2640-PMGFL,1,79.5,27,Month-to-month,Electronic check,Fiber optic,0.6669000649,True
3627-FCRDW,1,71.0,9,Month-to-month,Electronic check,Fiber optic,0.6668117464,True
0682-USIXD,0,86.05,21,Month-to-month,Electronic check,Fiber optic,0.666180952,False
0224-HJAPT,1,47.15,5,Month-to-month,Electronic check,DSL,0.6661506291,True
5143-EGQFK,1,29.65,10,Month-to-month,Electronic check,DSL,0.6658308219,True
3806-DXQOM,1,33.65,4,Month-to-month,Electronic check,DSL,0.6656980172,True
7048-GXDAY,0,106.4,39,Month-to-month,Electronic check,Fiber optic,0.6655618509,False
4343-EJVQB,0,74.35,7,Month-to-month,Mailed check,Fiber optic,0.6655099827,False
6180-YBIQI,0,24.3,5,Month-to-month,Mailed check,DSL,0.6653361586,False
8885-QSQBX,0,49.55,1,Month-to-month,Bank transfer (automatic),DSL,0.665251399,False
8805-JNRAZ,0,49.2,2,Month-to-month,Mailed check,DSL,0.6652295628,False
9026-RNUJS,1,50.35,5,Month-to-month,Electronic check,DSL,0.6650566263,True
6022-UGGSO,1,74.4,32,Month-to-month,Electronic check,Fiber optic,0.6646907369,True
1384-RCUXW,0,80.55,16,Month-to-month,Mailed check,Fiber optic,0.6646232995,False
0637-UBJRP,1,84.05,13,Month-to-month,Electronic check,Fiber optic,0.6643382768,True
6988-CJEYV,0,98.7,49,Month-to-month,Electronic check,Fiber optic,0.6643059299,False
5959-BELXA,1,96.15,32,Month-to-month,Credit card (automatic),Fiber optic,0.6642604915,True
7396-VJUZB,0,45.25,4,Month-to-month,Mailed check,DSL,0.664057863,False
3001-CBHLQ,1,104.9,32,Month-to-month,Electronic check,Fiber optic,0.6638406411,True
7579-OOPEC,1,50.15,2,Month-to-month,Credit card (automatic),DSL,0.6635008416,True
5208-HFSBT,1,55.05,2,Month-to-month,Credit card (automatic),DSL,0.6634504677,True
5759-RCVCB,1,35.2,3,Month-to-month,Credit card (automatic),DSL,0.6633135474,True
9600-UDOPK,1,94.05,30,Month-to-month,Credit card (automatic),Fiber optic,0.6632784905,True
5119-KEPFY,0,95.0,36,Month-to-month,Bank transfer (automatic),Fiber optic,0.663154444,False
2786-GCDPI,0,104.95,50,Month-to-month,Electronic check,Fiber optic,0.6625029589,False
5536-RTPWK,1,99.05,49,Month-to-month,Bank transfer (automatic),Fiber optic,0.6616670963,True
4828-FAZPK,0,79.95,16,Month-to-month,Credit card (automatic),Fiber optic,0.6616475784,False
7483-IQWIB,0,92.95,37,Month-to-month,Electronic check,Fiber optic,0.6615250829,False
9261-WDCAF,0,54.65,3,Month-to-month,Mailed check,DSL,0.6615234284,False
8993-IZEUX,0,69.15,7,Month-to-month,Bank transfer (automatic),Fiber optic,0.6613216845,False
3771-PZOBW,0,90.7,20,Month-to-month,Credit card (automatic),Fiber optic,0.6613091729,False
9108-EJFJP,0,53.55,1,Month-to-month,Mailed check,DSL,0.661254333,False
9168-INPSZ,0,104.15,44,Month-to-month,Electronic check,Fiber optic,0.6611705537,False
6542-LWGXJ,0,25.0,3,Month-to-month,Mailed check,DSL,0.6611622375,False
2038-LLMLM,0,103.85,48,Month-to-month,Electronic check,Fiber optic,0.6609771513,False
4902-OHLSK,1,98.65,29,Month-to-month,Electronic check,Fiber optic,0.6608046575,True
1482-OXZSY,0,100.4,30,Month-to-month,Bank transfer (automatic),Fiber optic,0.6608026565,False
8630-FJLIB,0,69.8,18,Month-to-month,Electronic check,Fiber optic,0.6605330148,False
3446-QDSZF,0,55.5,4,Month-to-month,Credit card (automatic),DSL,0.6603676127,False
1142-WACZW,1,29.85,2,Month-to-month,Bank transfer (automatic),DSL,0.6600849014,True
6693-FRIRW,0,101.3,18,Month-to-month,Credit card (automatic),Fiber optic,0.6600666094,False
4860-IJUDE,0,73.75,13,Month-to-month,Credit card (automatic),Fiber optic,0.6600241595,False
8949-JTMAY,1,98.6,29,Month-to-month,Credit card (automatic),Fiber optic,0.6600212174,True
7460-ITWWP,0,86.1,45,Month-to-month,Electronic check,Fiber optic,0.659586178,False
9281-OFDMF,0,90.7,39,Month-to-month,Electronic check,Fiber optic,0.6594685265,False
6923-EFPNL,1,51.75,4,Month-to-month,Credit card (automatic),DSL,0.6594266112,True
6017-PPLPX,1,70.45,20,Month-to-month,Electronic check,Fiber optic,0.6591399156,True
2523-EWWZL,0,76.1,27,Month-to-month,Electronic check,Fiber optic,0.6586162768,False
8938-UMKPI,1,106.4,47,Month-to-month,Electronic check,Fiber optic,0.6585972664,True
6022-KOUQO,0,29.05,2,Month-to-month,Bank transfer (automatic),DSL,0.6585529224,False
2391-SOORI,1,49.35,4,Month-to-month,Electronic check,DSL,0.6585327889,True
8563-OYMQY,0,90.95,17,Month-to-month,Credit card (automatic),Fiber optic,0.6585095247,False
5044-LRQAQ,0,69.2,7,Month-to-month,Bank transfer (automatic),Fiber optic,0.657984748,False
1264-BYWMS,1,96.8,55,Month-to-month,Electronic check,Fiber optic,0.6578038271,True
4423-YLHDV,1,104.4,21,Month-to-month,Bank transfer (automatic),Fiber optic,0.6572207779,True
1550-EENBN,0,104.35,31,Month-to-month,Electronic check,Fiber optic,0.657205854,False
7916-VCCPB,0,73.25,16,Month-to-month,Bank transfer (automatic),Fiber optic,0.6571831309,False
2322-VCZHZ,0,90.0,23,Month-to-month,Electronic check,Fiber optic,0.6571604515,False
2657-ALMWY,1,84.95,26,Month-to-month,Electronic check,Fiber optic,0.6568915748,True
7501-VTYLJ,0,51.55,2,Month-to-month,Mailed check,DSL,0.6566680243,False
9961-JBNMK,1,96.8,21,Month-to-month,Bank transfer (automatic),Fiber optic,0.6563067699,True
6599-SFQVE,0,55.0,6,Month-to-month,Electronic check,DSL,0.6559272811,False
3768-NLUBH,1,100.6,57,Month-to-month,Electronic check,Fiber optic,0.6555194911,True
2108-XWMPY,1,35.45,3,Month-to-month,Mailed check,DSL,0.6554932585,True
1818-ESQMW,0,89.2,27,Month-to-month,Electronic check,Fiber optic,0.6552767677,False
0311-UNPFF,1,88.8,26,Month-to-month,Bank transfer (automatic),Fiber optic,0.6548686527,True
5307-DZCVC,1,85.95,32,Month-to-month,Credit card (automatic),Fiber optic,0.6544909975,True
7503-QQRVF,1,74.3,16,Month-to-month,Credit card (automatic),Fiber optic,0.6541494878,True
9269-CQOOL,1,54.7,3,Month-to-month,Credit card (automatic),DSL,0.6541270801,True
0319-QZTCO,0,58.7,3,Month-to-month,Credit card (automatic),DSL,0.6539741541,False
7240-FQLHE,1,99.75,18,Month-to-month,Bank transfer (automatic),Fiber optic,0.6538474417,True
4948-WBBKL,0,74.9,36,Month-to-month,Bank transfer (automatic),Fiber optic,0.6537933773,False
8914-RBTSB,1,93.8,31,Month-to-month,Electronic check,Fiber optic,0.6534188876,True
6834-NXDCA,1,23.9,13,Month-to-month,Electronic check,DSL,0.6530408885,True
9492-TOKRI,1,90.0,18,Month-to-month,Credit card (automatic),Fiber optic,0.6529463777,True
5673-TIYIB,1,40.4,2,Month-to-month,Credit card (automatic),DSL,0.6528664421,True
5130-IEKQT,1,105.95,25,Month-to-month,Mailed check,Fiber optic,0.6524807262,True
5295-PCJOO,1,49.4,4,Month-to-month,Electronic check,DSL,0.6522282366,True
9708-HPXWZ,0,45.4,5,Month-to-month,Credit card (automatic),DSL,0.6520875756,False
5889-JTMUL,1,95.05,50,Month-to-month,Electronic check,Fiber optic,0.6517155516,True
5609-IMCGG,0,84.35,15,Month-to-month,Credit card (automatic),Fiber optic,0.6516297418,False
1035-IPQPU,0,103.5,63,Month-to-month,Electronic check,Fiber optic,0.6511577714,False
4124-MMETB,1,94.65,22,Month-to-month,Credit card (automatic),Fiber optic,0.6508042266,True
4971-PUYQO,1,94.55,27,Month-to-month,Mailed check,Fiber optic,0.6504836019,True
7404-JLKQG,0,57.55,3,Month-to-month,Electronic check,DSL,0.6504652372,False
5356-CSVSQ,0,64.6,3,Month-to-month,Electronic check,DSL,0.6501703915,False
3003-CMDUU,0,95.15,25,Month-to-month,Electronic check,Fiber optic,0.6501572653,False
5129-JLPIS,0,105.5,25,Month-to-month,Electronic check,Fiber optic,0.649956479,False
4647-MUZON,0,95.95,18,Month-to-month,Credit card (automatic),Fiber optic,0.64994583,False
3853-LYGAM,0,95.65,17,Month-to-month,Bank transfer (automatic),Fiber optic,0.6498186689,False
8610-WFCJF,1,95.6,49,Month-to-month,Electronic check,Fiber optic,0.6497339648,True
1013-QCWAM,0,100.8,66,Month-to-month,Electronic check,Fiber optic,0.6497121097,False
3757-NJYBX,1,106.35,32,Month-to-month,Bank transfer (automatic),Fiber optic,0.6494678497,True
5482-VXSXJ,0,93.2,22,Month-to-month,Mailed check,Fiber optic,0.6493264414,False
5666-CYCYZ,0,89.55,24,Month-to-month,Electronic check,Fiber optic,0.6492371764,False
5498-TXHLF,1,87.45,34,Month-to-month,Electronic check,Fiber optic,0.6490486312,True
5626-MGTUK,0,89.1,20,Month-to-month,Bank transfer (automatic),Fiber optic,0.6486570258,False
2604-IJPDU,0,96.55,20,Month-to-month,Electronic check,Fiber optic,0.6485933788,False
9904-EHEVJ,0,91.35,32,Month-to-month,Mailed check,Fiber optic,0.6485286141,False
2311-QYMUQ,1,89.45,16,Month-to-month,Credit card (automatic),Fiber optic,0.6483448513,True
1453-RZFON,0,49.9,1,Month-to-month,Mailed check,DSL,0.6483245806,False
2675-DHUTR,0,98.9,58,Month-to-month,Electronic check,Fiber optic,0.6480902933,False
5207-PLSTK,0,48.75,1,Month-to-month,Mailed check,DSL,0.647967235,False
2675-OTVVJ,0,89.45,31,Month-to-month,Electronic check,Fiber optic,0.6474250865,False
3415-TAILE,1,65.7,2,Month-to-month,Mailed check,DSL,0.6473382096,True
1194-HVAIF,0,95.0,27,Month-to-month,Credit card (automatic),Fiber optic,0.6471798106,False
6339-DKLMK,0,31.65,13,Month-to-month,Electronic check,DSL,0.6470138205,False
2853-CWQFQ,0,59.55,1,Month-to-month,Mailed check,DSL,0.6469884647,False
1894-IGFSG,1,89.25,22,Month-to-month,Electronic check,Fiber optic,0.646741296,True
9722-UJOJR,1,70.75,29,Month-to-month,Electronic check,Fiber optic,0.6465664878,True
3733-LSYCE,0,75.35,15,Month-to-month,Bank transfer (automatic),Fiber optic,0.6465393131,False
1763-WQFUK,0,50.5,3,Month-to-month,Mailed check,DSL,0.6464916009,False
0621-TWIEM,1,45.55,10,Month-to-month,Electronic check,DSL,0.6463440422,True
8229-TNIQA,1,45.3,4,Month-to-month,Mailed check,DSL,0.6462884397,True
6522-YRBXD,0,94.55,35,Month-to-month,Electronic check,Fiber optic,0.6461486307,False
5916-QEWPT,0,69.0,2,Month-to-month,Credit card (automatic),DSL,0.6460602653,False
5882-CMAZQ,0,34.25,5,Month-to-month,Electronic check,DSL,0.6459704313,False
4026-SKKHW,0,50.25,3,Month-to-month,Mailed check,DSL,0.6459504374,False
7422-WNBTY,0,93.35,33,Month-to-month,Electronic check,Fiber optic,0.6458746699,False
5649-RXQTV,0,99.0,51,Month-to-month,Electronic check,Fiber optic,0.6458595199,False
3500-RMZLT,1,96.3,15,Month-to-month,Mailed check,Fiber optic,0.6456900972,True
5404-GGUKR,0,51.35,5,Month-to-month,Electronic check,DSL,0.6454227603,False
8519-QJGJD,1,75.35,14,Month-to-month,Electronic check,Fiber optic,0.6454127746,True
9090-SGQXL,1,105.3,68,Month-to-month,Electronic check,Fiber optic,0.6453968935,True
2273-QCKXA,0,49.05,1,Month-to-month,Mailed check,DSL,0.6452427897,False
0581-MDMPW,0,88.95,24,Month-to-month,Credit card (automatic),Fiber optic,0.6451993956,False
8785-CJSHH,0,99.8,60,Month-to-month,Electronic check,Fiber optic,0.6450105399,False
9564-KCLHR,1,51.25,1,Month-to-month,Mailed check,DSL,0.6448954326,True
7284-BUYEC,0,50.95,5,Month-to-month,Credit card (automatic),DSL,0.6447689287,False
4558-FANTW,1,91.85,17,Month-to-month,Electronic check,Fiber optic,0.6445886223,True
6961-VCPMC,1,80.4,46,Month-to-month,Electronic check,Fiber optic,0.6445599802,True
1597-FZREH,1,76.4,2,Month-to-month,Electronic check,DSL,0.6445311334,True
9944-AEXBM,0,85.65,32,Month-to-month,Bank transfer (automatic),Fiber optic,0.6443339077,False
8378-LKJAF,0,101.15,38,Month-to-month,Credit card (automatic),Fiber optic,0.6441551982,False
5981-ITEMU,1,97.1,40,Month-to-month,Bank transfer (automatic),Fiber optic,0.6441123314,True
7529-ZDFXI,0,89.85,57,Month-to-month,Electronic check,Fiber optic,0.6439365965,False
4183-WCSEP,1,78.45,31,Month-to-month,Electronic check,Fiber optic,0.6432804009,True
9866-QEVEE,1,86.0,19,Month-to-month,Bank transfer (automatic),Fiber optic,0.6432477413,True
2974-GGUXS,0,91.95,36,Month-to-month,Credit card (automatic),Fiber optic,0.6429757506,False
0946-CLJTI,1,98.7,58,Month-to-month,Electronic check,Fiber optic,0.6424075273,True
9505-SQFSW,0,40.3,3,Month-to-month,Mailed check,DSL,0.6423689793,False
0749-IRGQE,0,45.3,13,Month-to-month,Electronic check,DSL,0.6423650457,False
6646-JPPHA,0,78.85,14,Month-to-month,Electronic check,Fiber optic,0.6423205412,False
2519-FAKOD,1,99.25,38,Month-to-month,Bank transfer (automatic),Fiber optic,0.6422962584,True
1791-PQHBB,0,61.2,2,Month-to-month,Credit card (automatic),DSL,0.6422831246,False
8543-MSDMF,0,77.4,3,Month-to-month,Electronic check,DSL,0.6418303093,False
7246-ZGQDF,0,54.5,1,Month-to-month,Electronic check,DSL,0.641805093,False
6377-WHAOX,0,106.15,60,Month-to-month,Electronic check,Fiber optic,0.6412377028,False
4446-BZKHU,1,105.55,61,Month-to-month,Electronic check,Fiber optic,0.6410357953,True
3197-ARFOY,0,105.0,19,Month-to-month,Mailed check,Fiber optic,0.6407121008,False
9644-UMGQA,0,49.15,6,Month-to-month,Electronic check,DSL,0.6405217433,False
4077-CROMM,1,104.2,31,Month-to-month,Electronic check,Fiber optic,0.6404848018,True
9369-XFEHK,1,80.6,33,Month-to-month,Bank transfer (automatic),Fiber optic,0.6404782603,True
3569-EDBPQ,0,84.35,24,Month-to-month,Electronic check,Fiber optic,0.640420065,False
8631-WUXGY,0,99.8,46,Month-to-month,Electronic check,Fiber optic,0.6402524371,False
5480-TBGPH,1,99.3,24,Month-to-month,Credit card (automatic),Fiber optic,0.6401234403,True
5533-NHFRF,0,44.4,7,Month-to-month,Electronic check,DSL,0.6399611121,False
2495-KZNFB,0,90.65,33,Month-to-month,Electronic check,Fiber optic,0.6399301834,False
3668-QPYBK,1,53.85,2,Month-to-month,Mailed check,DSL,0.6397926741,True
9526-BIHHD,1,29.7,1,Month-to-month,Mailed check,DSL,0.6396060656,True
4803-AXVYP,1,99.55,38,Month-to-month,Electronic check,Fiber optic,0.6394856497,True
4465-VDKIQ,0,77.8,18,Month-to-month,Electronic check,Fiber optic,0.6389121689,False
0402-CQAJN,1,101.9,37,Month-to-month,Bank transfer (automatic),Fiber optic,0.6388369126,True
5433-KYGHE,0,86.0,14,Month-to-month,Mailed check,Fiber optic,0.6386966802,False
3884-HCSWG,1,70.0,17,Month-to-month,Electronic check,Fiber optic,0.6381767604,True
1845-CSBRZ,0,85.35,22,Month-to-month,Bank transfer (automatic),Fiber optic,0.6380014424,False
0365-GXEZS,0,78.2,18,Month-to-month,Electronic check,Fiber optic,0.6379761659,False
9272-LSVYH,0,70.15,10,Month-to-month,Mailed check,Fiber optic,0.6374961396,False
6259-WJQLC,0,81.1,32,Month-to-month,Credit card (automatic),Fiber optic,0.6372964207,False
3620-MWJNE,0,54.45,2,Month-to-month,Mailed check,DSL,0.6371927374,False
8404-GFGCZ,0,65.6,4,Month-to-month,Electronic check,DSL,0.6371082107,False
5543-QDCRY,0,56.4,4,Month-to-month,Electronic check,DSL,0.6370242286,False
3196-NVXLZ,0,84.6,25,Month-to-month,Mailed check,Fiber optic,0.636976,False
7979-CORPM,1,90.55,24,Month-to-month,Credit card (automatic),Fiber optic,0.6369434484,True
7599-FKVXZ,1,106.15,42,Month-to-month,Bank transfer (automatic),Fiber optic,0.6368680704,True
7401-RUBNK,0,74.8,18,Month-to-month,Electronic check,Fiber optic,0.6366071922,False
5712-AHQNN,0,91.65,43,Month-to-month,Electronic check,Fiber optic,0.636595028,False
4797-AXPXK,1,60.0,1,Month-to-month,Electronic check,DSL,0.6363650093,True
8708-XPXHZ,1,94.2,42,Month-to-month,Electronic check,Fiber optic,0.6362417174,True
4238-JSSWH,0,102.05,35,Month-to-month,Bank transfer (automatic),Fiber optic,0.6359324296,False
4360-PNRQB,0,75.6,18,Month-to-month,Bank transfer (automatic),Fiber optic,0.6357379623,False
2683-BPJSO,1,84.45,29,Month-to-month,Electronic check,Fiber optic,0.634833351,True
0015-UOCOJ,0,48.2,7,Month-to-month,Electronic check,DSL,0.6345937067,False
0111-KLBQG,0,93.95,32,Month-to-month,Mailed check,Fiber optic,0.6345894684,False
5281-BUZGT,1,90.85,36,Month-to-month,Electronic check,Fiber optic,0.6341018713,True
5522-NYKPB,0,85.9,25,Month-to-month,Electronic check,Fiber optic,0.6339675185,False
7517-SAWMO,1,73.2,19,Month-to-month,Electronic check,Fiber optic,0.633568006,True
4918-QLLIW,1,53.4,3,Month-to-month,Credit card (automatic),DSL,0.6334773886,True
7963-GQRMY,1,44.3,3,Month-to-month,Mailed check,DSL,0.6333593426,True
7181-OQCUT,0,103.85,21,Month-to-month,Mailed check,Fiber optic,0.6331475791,False
6583-QGCSI,1,88.05,50,Month-to-month,Electronic check,Fiber optic,0.6330942057,True
4430-UZIPO,1,36.85,3,Month-to-month,Mailed check,DSL,0.6327810643,True
4840-ORQXB,0,104.75,56,Month-to-month,Electronic check,Fiber optic,0.6327539011,False
3859-CVCET,1,45.65,4,Month-to-month,Mailed check,DSL,0.6327423079,True
9971-ZWPBF,0,108.9,34,Month-to-month,Electronic check,Fiber optic,0.6326942173,False
7752-XUSCI,1,105.9,60,Month-to-month,Electronic check,Fiber optic,0.6326001361,True
9167-APMXZ,0,84.15,22,Month-to-month,Bank transfer (automatic),Fiber optic,0.6325935225,False
0376-OIWME,0,93.6,36,Month-to-month,Electronic check,Fiber optic,0.6324056659,False
1452-KIOVK,0,89.1,22,Month-to-month,Credit card (automatic),Fiber optic,0.6323066858,False
2208-UGTGR,0,98.6,56,Month-to-month,Electronic check,Fiber optic,0.632040659,False
3018-TFTSU,1,81.7,12,Month-to-month,Bank transfer (automatic),Fiber optic,0.6319569649,True
8685-WHQPW,1,74.4,22,Month-to-month,Bank transfer (automatic),Fiber optic,0.6316754135,True
1919-RTPQD,0,44.75,7,Month-to-month,Electronic check,DSL,0.631401259,False
4821-SJHJV,0,89.6,32,Month-to-month,Electronic check,Fiber optic,0.6313126005,False
4947-DSMXK,0,97.7,34,Month-to-month,Bank transfer (automatic),Fiber optic,0.6308525861,False
4879-GZLFH,0,92.15,42,Month-to-month,Electronic check,Fiber optic,0.6306136053,False
6257-RJOHI,0,50.8,4,Month-to-month,Mailed check,DSL,0.6304499791,False
7395-IGJOS,1,81.5,17,Month-to-month,Bank transfer (automatic),Fiber optic,0.6304294913,True
7129-ACFOG,0,53.8,5,Month-to-month,Electronic check,DSL,0.6302587602,False
5569-OUICF,1,101.3,28,Month-to-month,Credit card (automatic),Fiber optic,0.629903256,True
5439-WIKXB,0,94.55,41,Month-to-month,Electronic check,Fiber optic,0.6297766011,False
4958-GZWIY,1,48.7,7,Month-to-month,Electronic check,DSL,0.6296341579,True
2587-EKXTS,0,111.5,44,Month-to-month,Electronic check,Fiber optic,0.629590594,False
2043-WVTQJ,0,55.7,1,Month-to-month,Mailed check,DSL,0.6295699062,False
1767-TGTKO,0,45.45,8,Month-to-month,Electronic check,DSL,0.6295481677,False
7129-CAKJW,0,80.05,17,Month-to-month,Bank transfer (automatic),Fiber optic,0.6294431394,False
1871-MOWRM,1,80.85,12,Month-to-month,Bank transfer (automatic),Fiber optic,0.6290855935,True
4581-LNWUM,0,49.15,13,Month-to-month,Electronic check,DSL,0.6289767716,False
5146-CBVOE,0,75.1,16,Month-to-month,Bank transfer (automatic),Fiber optic,0.6289074905,False
9053-EJUNL,0,89.2,41,Month-to-month,Electronic check,Fiber optic,0.628546244,False
3312-UUMZW,0,98.85,32,Month-to-month,Credit card (automatic),Fiber optic,0.628445189,False
0093-XWZFY,1,104.5,40,Month-to-month,Credit card (automatic),Fiber optic,0.6281490927,True
2037-SGXHH,1,94.65,38,Month-to-month,Electronic check,Fiber optic,0.6280910902,True
6633-MPWBS,1,49.2,5,Month-to-month,Electronic check,DSL,0.6280612256,True
4662-EKDPQ,1,62.05,2,Month-to-month,Bank transfer (automatic),DSL,0.6279284437,True
7924-GJZFI,0,69.3,25,Month-to-month,Electronic check,Fiber optic,0.6276759421,False
6741-EGCBI,0,90.5,30,Month-to-month,Credit card (automatic),Fiber optic,0.6273338775,False
2476-YGEFM,0,76.0,29,Month-to-month,Credit card (automatic),Fiber optic,0.6273158435,False
0585-EGDDA,0,80.0,40,Month-to-month,Electronic check,Fiber optic,0.6272245223,False
1910-FMXJM,0,80.4,36,Month-to-month,Electronic check,Fiber optic,0.6271930398,False
8565-CLBZW,1,89.85,24,Month-to-month,Mailed check,Fiber optic,0.6271353493,True
5294-DMSFH,0,87.8,29,Month-to-month,Credit card (automatic),Fiber optic,0.6270568172,False
9112-WSNPU,0,70.55,35,Month-to-month,Electronic check,Fiber optic,0.6264035991,False
9626-WEQRM,0,29.15,4,Month-to-month,Mailed check,DSL,0.6260492005,False
7813-ZGGAW,0,96.6,31,Month-to-month,Bank transfer (automatic),Fiber optic,0.6259211704,False
0601-WZHJF,1,46.35,14,Month-to-month,Electronic check,DSL,0.6258044373,True
9286-DOJGF,1,74.95,38,Month-to-month,Bank transfer (automatic),Fiber optic,0.6257581873,True
6537-QLGEX,0,38.9,16,Month-to-month,Electronic check,DSL,0.6255362884,False
6715-OFDBP,1,70.05,5,Month-to-month,Electronic check,DSL,0.625200766,True
1928-BXYIV,0,61.15,1,Month-to-month,Electronic check,DSL,0.6250632289,False
9800-ONTFE,0,75.8,22,Month-to-month,Bank transfer (automatic),Fiber optic,0.6250578063,False
2606-RMDHZ,1,30.5,6,Month-to-month,Credit card (automatic),DSL,0.6249995205,True
7658-UYUQS,0,86.55,21,Month-to-month,Bank transfer (automatic),Fiber optic,0.6248785746,False
3237-AJGEH,1,31.0,3,Month-to-month,Mailed check,DSL,0.6247228772,True
7927-AUXBZ,1,85.15,30,Month-to-month,Electronic check,Fiber optic,0.6246918292,True
7580-UGXNC,1,54.85,2,Month-to-month,Mailed check,DSL,0.6243522467,True
2811-POVEX,0,88.45,23,Month-to-month,Bank transfer (automatic),Fiber optic,0.6242822234,False
7634-WSWDB,0,38.5,8,Month-to-month,Electronic check,DSL,0.6242145673,False
4704-ERYFC,1,69.25,22,Month-to-month,Electronic check,Fiber optic,0.6241172686,True
7277-OZCGZ,0,89.05,22,Month-to-month,Electronic check,Fiber optic,0.6239929817,False
3005-NFMTA,1,98.8,55,Month-to-month,Electronic check,Fiber optic,0.6237979624,True
7855-DIWPO,0,68.65,21,Month-to-month,Electronic check,Fiber optic,0.6237195199,False
3932-IJWDZ,0,103.65,45,Month-to-month,Bank transfer (automatic),Fiber optic,0.6236761714,False
3503-TYDAY,0,80.45,43,Month-to-month,Electronic check,Fiber optic,0.6236587701,False
4658-HCOHW,1,102.8,21,Month-to-month,Electronic check,Fiber optic,0.6234564927,True
4238-HFHSN,0,82.15,61,Month-to-month,Electronic check,Fiber optic,0.6233880761,False
9048-JVYVF,1,69.35,3,Month-to-month,Electronic check,DSL,0.6231898939,True
6543-CPZMK,1,29.95,9,Month-to-month,Electronic check,DSL,0.6229704324,True
0354-WYROK,1,98.9,31,Month-to-month,Electronic check,Fiber optic,0.6227782096,True
1541-ETJZO,1,62.05,1,Month-to-month,Mailed check,DSL,0.6227718012,True
7240-ETPTR,1,48.75,9,Month-to-month,Electronic check,DSL,0.622725223,True
2672-TGEFF,0,88.8,37,Month-to-month,Electronic check,Fiber optic,0.6225355255,False
0578-SKVMF,1,83.3,22,Month-to-month,Electronic check,Fiber optic,0.6223394438,True
9462-MJUAW,1,50.4,4,Month-to-month,Mailed check,DSL,0.6221918745,True
5950-AAAGJ,0,84.3,18,Month-to-month,Bank transfer (automatic),Fiber optic,0.6218496708,False
5493-SDRDQ,1,55.1,2,Month-to-month,Mailed check,DSL,0.6217250761,True
0531-ZZJWQ,0,74.0,55,Month-to-month,Electronic check,Fiber optic,0.6216142853,False
8806-EAGWC,1,55.15,3,Month-to-month,Mailed check,DSL,0.6213253837,True
3096-JRDSO,1,104.3,27,Month-to-month,Bank transfer (automatic),Fiber optic,0.6211589265,True
3055-MJDSB,0,24.6,9,Month-to-month,Mailed check,DSL,0.6210026813,False
2408-WITXK,1,34.7,10,Month-to-month,Electronic check,DSL,0.6206755678,True
0929-HYQEW,0,50.15,3,Month-to-month,Mailed check,DSL,0.620389428,False
2040-VZIKE,0,100.85,49,Month-to-month,Mailed check,Fiber optic,0.6202032756,False
4625-EWPTF,1,30.45,8,Month-to-month,Electronic check,DSL,0.6198843879,True
7993-NQLJE,0,75.1,15,Month-to-month,Mailed check,Fiber optic,0.6197636014,False
8058-DMYRU,0,90.05,54,Month-to-month,Electronic check,Fiber optic,0.6193688835,False
0804-XBFBV,0,25.2,11,Month-to-month,Electronic check,DSL,0.6192829003,False
4391-RESHN,1,104.05,23,Month-to-month,Mailed check,Fiber optic,0.6192803428,True
5982-FPVQN,0,95.15,37,Month-to-month,Electronic check,Fiber optic,0.6190516734,False
5027-XWQHA,1,44.75,6,Month-to-month,Electronic check,DSL,0.6190390219,True
1575-KRZZE,0,55.2,4,Month-to-month,Electronic check,DSL,0.6190342322,False
0324-BRPCJ,1,100.2,68,Month-to-month,Electronic check,Fiber optic,0.6190081945,True
0280-XJGEX,1,103.7,49,Month-to-month,Bank transfer (automatic),Fiber optic,0.618627883,True
7682-AZNDK,0,89.85,34,Month-to-month,Electronic check,Fiber optic,0.6185620653,False
1582-RAFML,1,60.1,1,Month-to-month,Mailed check,DSL,0.6184187455,True
0701-RFGFI,0,95.4,49,Month-to-month,Bank transfer (automatic),Fiber optic,0.6182273524,False
6629-LADHQ,0,50.95,2,Month-to-month,Mailed check,DSL,0.6180193065,False
0032-PGELS,1,30.5,1,Month-to-month,Bank transfer (automatic),DSL,0.6178058012,True
8601-QACRS,1,50.6,5,Month-to-month,Mailed check,DSL,0.617770582,True
6987-XQSJT,1,79.5,54,Month-to-month,Electronic check,Fiber optic,0.6175114011,True
8640-SDGKB,1,74.4,4,Month-to-month,Electronic check,DSL,0.6173173772,True
9574-RKJIF,1,94.4,30,Month-to-month,Electronic check,Fiber optic,0.6171789926,True
2070-XYMFH,0,79.35,23,Month-to-month,Mailed check,Fiber optic,0.6171682177,False
2823-LKABH,0,95.05,18,Month-to-month,Bank transfer (automatic),Fiber optic,0.6170255658,False
0177-PXBAT,0,109.9,33,Month-to-month,Bank transfer (automatic),Fiber optic,0.6164456629,False
3694-DELSO,0,38.55,4,Month-to-month,Credit card (automatic),DSL,0.6162990725,False
6402-EJMWF,0,55.3,4,Month-to-month,Mailed check,DSL,0.6162777394,False
4989-LIXVT,0,95.9,68,Month-to-month,Electronic check,Fiber optic,0.6157024803,False
2884-GBPFB,1,70.3,35,Month-to-month,Electronic check,Fiber optic,0.6155145912,True
9898-KZQDZ,1,94.55,40,Month-to-month,Credit card (automatic),Fiber optic,0.6153022862,True
0118-JPNOY,0,85.8,26,Month-to-month,Credit card (automatic),Fiber optic,0.6152603901,False
3943-KDREE,1,74.95,26,Month-to-month,Bank transfer (automatic),Fiber optic,0.6152540269,True
0634-SZPQA,1,90.05,23,Month-to-month,Bank transfer (automatic),Fiber optic,0.6151603608,True
5419-KLXBN,1,89.15,25,Month-to-month,Bank transfer (automatic),Fiber optic,0.615140119,True
0475-RIJEP,1,77.85,43,Month-to-month,Electronic check,Fiber optic,0.6149133504,True
3737-XBQDD,0,84.85,24,Month-to-month,Bank transfer (automatic),Fiber optic,0.6148146628,False
1320-REHCS,0,110.75,52,Month-to-month,Electronic check,Fiber optic,0.6147483034,False
6365-MTGZX,1,96.0,24,Month-to-month,Electronic check,Fiber optic,0.6146585501,True
8749-CLJXC,0,20.05,1,Month-to-month,Mailed check,No,0.6146584149,False
3090-LETTY,0,60.95,2,Month-to-month,Bank transfer (automatic),DSL,0.6146199518,False
6464-KEXXH,0,25.25,8,Month-to-month,Credit card (automatic),DSL,0.61432318,False
1469-LBJQJ,0,105.2,66,Month-to-month,Electronic check,Fiber optic,0.6141644491,False
2921-XWDJH,0,83.45,38,Month-to-month,Electronic check,Fiber optic,0.614065512,False
2856-NNASM,1,89.55,43,Month-to-month,Mailed check,Fiber optic,0.6138627425,True
9278-VZKCD,0,109.1,52,Month-to-month,Electronic check,Fiber optic,0.6137457192,False
4257-GAESD,0,45.0,6,Month-to-month,Credit card (automatic),DSL,0.6134983818,False
3331-HQDTW,1,109.8,34,Month-to-month,Mailed check,Fiber optic,0.6134266416,True
5016-IBERQ,0,84.25,23,Month-to-month,Electronic check,Fiber optic,0.6128910868,False
0829-XXPLX,0,89.4,20,Month-to-month,Bank transfer (automatic),Fiber optic,0.612793964,False
7758-XKCBS,1,29.7,15,Month-to-month,Electronic check,DSL,0.6127709168,True
0504-HHAPI,1,88.3,27,Month-to-month,Credit card (automatic),Fiber optic,0.6125922903,True
0869-PAPRP,0,85.7,26,Month-to-month,Credit card (automatic),Fiber optic,0.6125844404,False
8388-FYNPZ,0,56.75,4,Month-to-month,Electronic check,DSL,0.6121829706,False
3669-LVWZB,1,51.0,5,Month-to-month,Mailed check,DSL,0.6121488564,True
9921-QFQUL,0,90.15,23,Month-to-month,Mailed check,Fiber optic,0.6120761588,False
3351-NGXYI,0,54.1,16,Month-to-month,Electronic check,DSL,0.6119338245,False
9927-DSWDF,0,104.6,22,Month-to-month,Electronic check,Fiber optic,0.6117522079,False
2227-JRSJX,0,99.15,21,Month-to-month,Bank transfer (automatic),Fiber optic,0.6116857317,False
4398-HSCJH,1,63.6,3,Month-to-month,Electronic check,DSL,0.611676539,True
5302-BDJNT,0,95.5,35,Month-to-month,Electronic check,Fiber optic,0.6116508883,False
9050-QLROH,1,90.7,18,Month-to-month,Credit card (automatic),Fiber optic,0.6114022085,True
5122-CYFXA,0,75.3,3,Month-to-month,Electronic check,DSL,0.6111244287,False
8384-FZBJK,0,100.6,57,Month-to-month,Electronic check,Fiber optic,0.6110392507,False
1472-TNCWL,0,94.7,36,Month-to-month,Electronic check,Fiber optic,0.6107453243,False
7964-VEXDG,0,80.35,21,Month-to-month,Electronic check,Fiber optic,0.6107395453,False
8313-KTIHG,0,61.3,4,Month-to-month,Electronic check,DSL,0.6106426964,False
4482-FTFFX,0,56.15,5,Month-to-month,Electronic check,DSL,0.6096084755,False
3956-CJUST,0,75.4,23,Month-to-month,Bank transfer (automatic),Fiber optic,0.609387237,False
4911-BANWH,1,86.55,31,Month-to-month,Credit card (automatic),Fiber optic,0.6091529735,True
0430-IHCDJ,0,49.0,15,Month-to-month,Electronic check,DSL,0.6090833462,False
2108-YKQTY,1,50.7,4,Month-to-month,Credit card (automatic),DSL,0.6089970968,True
2960-NKRSO,0,85.95,24,Month-to-month,Electronic check,Fiber optic,0.6086035201,False
7641-EUYET,1,100.7,46,Month-to-month,Electronic check,Fiber optic,0.6086004235,True
5392-AKEMH,0,45.05,12,Month-to-month,Electronic check,DSL,0.6085816124,False
5647-FXOTP,0,105.9,60,Month-to-month,Electronic check,Fiber optic,0.6081580905,False
9469-WEJBT,0,90.35,37,Month-to-month,Electronic check,Fiber optic,0.6081509951,False
1355-KUSBG,0,48.8,7,Month-to-month,Electronic check,DSL,0.6078090454,False
7878-RTCZG,0,19.9,1,Month-to-month,Mailed check,No,0.6074719485,False
3524-WQDSG,0,99.3,43,Month-to-month,Bank transfer (automatic),Fiber optic,0.6073928442,False
9576-SYUHJ,0,91.15,37,Month-to-month,Electronic check,Fiber optic,0.6073147521,False
1000-AJSLD,1,20.1,1,Month-to-month,Mailed check,No,0.6071067424,True
1240-KNSEZ,1,20.1,1,Month-to-month,Mailed check,No,0.6071067424,True
5572-ZDXHY,1,84.3,22,Month-to-month,Mailed check,Fiber optic,0.6070511805,True
3404-JNXAX,0,80.75,51,Month-to-month,Electronic check,Fiber optic,0.6070054841,False
5998-VVEJY,1,80.5,26,Month-to-month,Electronic check,Fiber optic,0.606789446,True
4553-DVPZG,0,101.35,62,Month-to-month,Electronic check,Fiber optic,0.6067310366,False
3466-RITXD,0,92.4,26,Month-to-month,Credit card (automatic),Fiber optic,0.6062920387,False
1343-EHPYB,1,103.4,63,Month-to-month,Electronic check,Fiber optic,0.6062574236,True
0867-MKZVY,1,82.4,20,Month-to-month,Electronic check,Fiber optic,0.6061708569,True
4323-SADQS,1,34.5,7,Month-to-month,Electronic check,DSL,0.6060625023,True
9699-UBQFS,0,94.5,43,Month-to-month,Electronic check,Fiber optic,0.6057300191,False
0541-FITGH,0,62.15,2,Month-to-month,Mailed check,DSL,0.6054861836,False
8824-RWFXJ,1,56.15,3,Month-to-month,Mailed check,DSL,0.6053756827,True
1421-HCERK,0,105.7,30,Month-to-month,Bank transfer (automatic),Fiber optic,0.6052621598,False
5373-SFODM,1,85.25,36,Month-to-month,Credit card (automatic),Fiber optic,0.6050915748,True
7839-QRKXN,1,20.2,1,Month-to-month,Mailed check,No,0.6048740088,True
5331-RGMTT,0,99.05,54,Month-to-month,Credit card (automatic),Fiber optic,0.6048739375,False
5816-QVHRX,0,100.3,37,Month-to-month,Credit card (automatic),Fiber optic,0.6048353529,False
5502-RLUYV,1,103.95,69,Month-to-month,Electronic check,Fiber optic,0.6046573432,True
2911-WDXMV,0,80.55,18,Month-to-month,Credit card (automatic),Fiber optic,0.6040104671,False
7159-FVYPK,0,69.15,3,Month-to-month,Bank transfer (automatic),DSL,0.6037730195,False
7055-HNEOJ,0,55.8,3,Month-to-month,Mailed check,DSL,0.6036894865,False
7521-AFHAB,0,44.8,5,Month-to-month,Mailed check,DSL,0.6029605265,False
5204-QZXPU,1,39.65,19,Month-to-month,Electronic check,DSL,0.6024430087,True
3144-AUDBS,1,49.15,6,Month-to-month,Electronic check,DSL,0.6023134149,True
8008-HAWED,1,50.75,14,Month-to-month,Electronic check,DSL,0.6018992319,True
8645-KWHJO,0,55.0,14,Month-to-month,Electronic check,DSL,0.6017914264,False
4661-NJEUX,0,20.05,1,Month-to-month,Mailed check,No,0.6013622159,False
3930-ZGWVE,0,19.75,1,Month-to-month,Mailed check,No,0.6012598006,False
3804-RVTGV,1,103.85,50,Month-to-month,Bank transfer (automatic),Fiber optic,0.6011531623,True
2573-GYRUU,0,91.05,48,Month-to-month,Credit card (automatic),Fiber optic,0.6011475984,False
8818-XYFCQ,1,99.55,32,Month-to-month,Credit card (automatic),Fiber optic,0.601117779,True
2592-YKDIF,0,20.35,1,Month-to-month,Mailed check,No,0.6008049503,False
8963-JLGJT,0,55.9,3,Month-to-month,Mailed check,DSL,0.600794738,False
0730-KOAVE,0,94.3,30,Month-to-month,Credit card (automatic),Fiber optic,0.6006302677,False
7504-UWHNB,0,69.75,25,Month-to-month,Electronic check,Fiber optic,0.6005320058,False
7878-JGDKK,0,44.55,4,Month-to-month,Mailed check,DSL,0.6002083836,False
4634-JLRJT,0,20.35,1,Month-to-month,Mailed check,No,0.6000961054,False
1230-QAJDW,0,65.25,3,Month-to-month,Mailed check,DSL,0.6000262288,False
8784-CGILN,1,99.85,18,Month-to-month,Bank transfer (automatic),Fiber optic,0.600005914,True
5385-SUIRI,1,104.2,52,Month-to-month,Electronic check,Fiber optic,0.5996413889,True
0778-NELLA,1,34.7,9,Month-to-month,Credit card (automatic),DSL,0.5991830172,True
7268-IGMFD,0,93.9,18,Month-to-month,Bank transfer (automatic),Fiber optic,0.5989912425,False
0178-SZBHO,0,87.2,47,Month-to-month,Electronic check,Fiber optic,0.5989837963,False
5312-UXESG,0,98.05,41,Month-to-month,Bank transfer (automatic),Fiber optic,0.5987769262,False
7982-VCELR,0,94.8,36,Month-to-month,Credit card (automatic),Fiber optic,0.5986784135,False
4256-ZWTZI,0,51.0,5,Month-to-month,Mailed check,DSL,0.5986685484,False
3898-GUYTS,0,97.05,45,Month-to-month,Electronic check,Fiber optic,0.5981045844,False
3023-GFLBR,1,86.15,33,Month-to-month,Credit card (automatic),Fiber optic,0.5979137081,True
3452-ABWRL,0,86.05,47,Month-to-month,Credit card (automatic),Fiber optic,0.5975080314,False
5301-GAUUY,1,80.35,32,Month-to-month,Bank transfer (automatic),Fiber optic,0.5973363319,True
0096-BXERS,0,50.35,6,Month-to-month,Electronic check,DSL,0.5971478816,False
0428-IKYCP,0,87.0,22,Month-to-month,Bank transfer (automatic),Fiber optic,0.5970048363,False
6351-SCJKT,0,41.35,3,Month-to-month,Mailed check,DSL,0.596989518,False
7318-EIVKO,0,59.25,8,Month-to-month,Electronic check,DSL,0.5969805161,False
6845-RGTYS,1,98.75,47,Month-to-month,Electronic check,Fiber optic,0.5969425206,True
5922-ABDVO,1,89.65,19,Month-to-month,Mailed check,Fiber optic,0.5969176623,True
1095-JUDTC,1,95.05,47,Month-to-month,Electronic check,Fiber optic,0.5968708808,True
0666-UXTJO,0,85.2,34,Month-to-month,Credit card (automatic),Fiber optic,0.5968002927,False
6591-QGOYB,0,106.65,17,Month-to-month,Bank transfer (automatic),Fiber optic,0.5965679129,False
3005-TYFRD,0,103.65,55,Month-to-month,Credit card (automatic),Fiber optic,0.5965500797,False
9137-UIYPG,0,106.9,35,Month-to-month,Electronic check,Fiber optic,0.5965268732,False
4680-KUTAJ,0,55.6,11,Month-to-month,Electronic check,DSL,0.5964270125,False
4550-VBOFE,1,102.95,70,Month-to-month,Electronic check,Fiber optic,0.5960008207,True
2277-DJJDL,0,99.0,60,Month-to-month,Electronic check,Fiber optic,0.595807755,False
9710-ZUSHQ,1,106.75,37,Month-to-month,Bank transfer (automatic),Fiber optic,0.5957488759,True
9526-JAWYF,1,89.8,26,Month-to-month,Electronic check,Fiber optic,0.5955980037,True
1689-MRZQR,1,78.3,34,Month-to-month,Electronic check,Fiber optic,0.5954535337,True
2187-LZGPL,1,40.1,7,Month-to-month,Credit card (automatic),DSL,0.5951732627,True
2101-RANCD,0,73.1,55,Month-to-month,Electronic check,Fiber optic,0.5951009864,False
4690-LLKUA,1,45.05,17,Month-to-month,Electronic check,DSL,0.5949786608,True
0410-IPFTY,0,83.85,31,Month-to-month,Bank transfer (automatic),Fiber optic,0.5949758822,False
0320-JDNQG,1,99.85,23,Month-to-month,Electronic check,Fiber optic,0.5948281383,True
9819-FBNSV,0,72.25,37,Month-to-month,Bank transfer (automatic),Fiber optic,0.5945662159,False
5515-AKOAJ,1,100.1,54,Month-to-month,Electronic check,Fiber optic,0.5944007546,True
4211-MMAZN,1,20.25,1,Month-to-month,Mailed check,No,0.5943904402,True
5419-JKZNQ,0,77.9,30,Month-to-month,Mailed check,Fiber optic,0.5934947453,False
0670-KDOMA,0,20.25,1,Month-to-month,Mailed check,No,0.5930697266,False
4592-IWTJI,1,29.7,3,Month-to-month,Credit card (automatic),DSL,0.5926601116,True
3976-NLDEZ,0,20.6,1,Month-to-month,Mailed check,No,0.5924226381,False
5996-DAOQL,0,20.45,1,Month-to-month,Mailed check,No,0.5923146507,False
5349-AZPEW,0,25.05,5,Month-to-month,Mailed check,DSL,0.5922167063,False
7881-INRLC,1,100.85,45,Month-to-month,Credit card (automatic),Fiber optic,0.5920419299,True
2668-TZSPS,0,20.45,1,Month-to-month,Mailed check,No,0.5919578314,False
1442-BQPVU,0,29.15,13,Month-to-month,Electronic check,DSL,0.5918449034,False
5813-UECBU,1,83.85,33,Month-to-month,Credit card (automatic),Fiber optic,0.5913100476,True
9122-UMROB,0,20.3,1,Month-to-month,Mailed check,No,0.5912400888,False
0970-QXPXW,0,19.65,1,Month-to-month,Mailed check,No,0.5907450251,False
7721-DVEKZ,0,19.65,1,Month-to-month,Mailed check,No,0.5907450251,False
9732-EQMWY,0,99.4,49,Month-to-month,Electronic check,Fiber optic,0.5906599201,False
5087-SUURX,1,39.05,18,Month-to-month,Electronic check,DSL,0.5900896442,True
1456-TWCGB,0,49.25,4,Month-to-month,Mailed check,DSL,0.5900086397,False
1996-DBMUS,0,70.65,48,Month-to-month,Bank transfer (automatic),Fiber optic,0.5898235756,False
3647-GMGDH,1,94.7,22,Month-to-month,Credit card (automatic),Fiber optic,0.5897379783,True
3211-ILJTT,1,70.4,17,Month-to-month,Bank transfer (automatic),Fiber optic,0.5895394594,True
6581-NQCBA,1,49.95,16,Month-to-month,Electronic check,DSL,0.5883916091,True
6635-CPNUN,0,96.6,28,Month-to-month,Credit card (automatic),Fiber optic,0.5881638787,False
4829-AUOAX,1,96.05,46,Month-to-month,Bank transfer (automatic),Fiber optic,0.5878324074,True
1213-NGCUN,1,49.65,6,Month-to-month,Bank transfer (automatic),DSL,0.5878030534,True
3336-JORSO,1,110.45,33,Month-to-month,Electronic check,Fiber optic,0.5872504272,True
0599-XNYDO,0,69.8,20,Month-to-month,Bank transfer (automatic),Fiber optic,0.5868976442,False
8305-VHZBZ,1,20.2,1,Month-to-month,Mailed check,No,0.586863262,True
5356-RHIPP,1,20.2,1,Month-to-month,Mailed check,No,0.586863262,True
2081-KJSQF,0,20.25,1,Month-to-month,Mailed check,No,0.586837085,False
7739-LAXOG,1,91.05,32,Month-to-month,Bank transfer (automatic),Fiber optic,0.5867655522,True
9470-XCCEM,0,89.65,35,Month-to-month,Bank transfer (automatic),Fiber optic,0.586451084,False
7030-NJVDP,0,89.25,24,Month-to-month,Electronic check,Fiber optic,0.5862761221,False
5071-FBJFS,0,50.3,4,Month-to-month,Electronic check,DSL,0.5861926148,False
8623-TMRBY,1,84.2,51,Month-to-month,Electronic check,Fiber optic,0.5861632809,True
7587-AOVVU,0,100.75,27,Month-to-month,Electronic check,Fiber optic,0.5859864144,False
3346-BRMIS,1,48.35,18,Month-to-month,Electronic check,DSL,0.5858466284,True
9408-HRXRK,0,105.15,45,Month-to-month,Electronic check,Fiber optic,0.5857622565,False
8456-QDAVC,0,78.7,19,Month-to-month,Bank transfer (automatic),Fiber optic,0.5855030391,False
4526-ZJJTM,0,88.4,25,Month-to-month,Bank transfer (automatic),Fiber optic,0.5854909869,False
5485-WUYWF,1,66.4,2,Month-to-month,Bank transfer (automatic),DSL,0.5854239212,True
0611-DFXKO,1,89.0,20,Month-to-month,Mailed check,Fiber optic,0.5851750485,True
1493-AMTIE,1,20.2,1,Month-to-month,Bank transfer (automatic),No,0.5850676435,True
0310-MVLET,1,99.15,61,Month-to-month,Electronic check,Fiber optic,0.5850200889,True
7011-CVEUC,0,95.7,25,Month-to-month,Credit card (automatic),Fiber optic,0.5846122519,False
4897-QSUYC,1,20.15,1,Month-to-month,Mailed check,No,0.5845327053,True
8988-ECPJR,1,79.6,34,Month-to-month,Mailed check,Fiber optic,0.5844816013,True
1215-VFYVK,0,48.25,4,Month-to-month,Mailed check,DSL,0.5844642264,False
2826-DXLQO,0,29.8,7,Month-to-month,Bank transfer (automatic),DSL,0.584423356,False
9170-CCKOU,1,90.2,17,Month-to-month,Credit card (automatic),Fiber optic,0.5841160801,True
1552-AAGRX,0,106.4,30,Month-to-month,Bank transfer (automatic),Fiber optic,0.5839459789,False
6862-CQUMB,0,96.1,37,Month-to-month,Credit card (automatic),Fiber optic,0.5837916913,False
3137-LUPIX,0,64.4,4,Month-to-month,Mailed check,DSL,0.5834812122,False
2582-FFFZR,0,50.6,22,Month-to-month,Electronic check,DSL,0.5834369305,False
0311-QYWSS,0,49.45,6,Month-to-month,Electronic check,DSL,0.5834183713,False
8066-POXGX,1,35.1,13,Month-to-month,Electronic check,DSL,0.5833288157,True
2585-KTFRE,0,70.45,1,Month-to-month,Bank transfer (automatic),DSL,0.5830842017,False
2208-NQBCT,0,81.95,26,Month-to-month,Electronic check,Fiber optic,0.5828798375,False
1307-TVUFB,0,79.35,42,Month-to-month,Bank transfer (automatic),Fiber optic,0.5826899265,False
9512-UIBFX,1,95.15,18,Month-to-month,Mailed check,Fiber optic,0.5825885455,True
6729-GDNGC,0,80.7,20,Month-to-month,Bank transfer (automatic),Fiber optic,0.5822834045,False
0742-MOABM,1,50.05,4,Month-to-month,Mailed check,DSL,0.5821027584,True
1173-NOEYG,0,90.15,27,Month-to-month,Bank transfer (automatic),Fiber optic,0.5816993593,False
4468-YDOVK,0,48.65,5,Month-to-month,Bank transfer (automatic),DSL,0.581460299,False
4801-JZAZL,0,29.6,11,Month-to-month,Electronic check,DSL,0.5814152083,False
5973-EJGDP,0,87.35,51,Month-to-month,Electronic check,Fiber optic,0.5813907161,False
8160-HOWOX,0,66.85,7,Month-to-month,Electronic check,DSL,0.581218083,False
4098-NAUKP,0,84.65,68,Month-to-month,Electronic check,Fiber optic,0.5811288342,False
2041-JIJCI,0,64.0,5,Month-to-month,Electronic check,DSL,0.5806166219,False
5118-MUEYH,0,105.1,48,Month-to-month,Credit card (automatic),Fiber optic,0.5805884107,False
8728-SKJLR,0,74.25,41,Month-to-month,Electronic check,Fiber optic,0.580478139,False
2369-FEVNO,0,19.9,1,Month-to-month,Mailed check,No,0.5804359281,False
2133-TSRRM,0,105.35,34,Month-to-month,Bank transfer (automatic),Fiber optic,0.5802548623,False
0212-ISBBF,0,50.35,22,Month-to-month,Electronic check,DSL,0.5801822251,False
4067-HLYQI,0,70.4,33,Month-to-month,Bank transfer (automatic),Fiber optic,0.5798349842,False
6968-GMKPR,0,81.55,55,Month-to-month,Electronic check,Fiber optic,0.5797124394,False
2465-BLLEU,0,19.75,1,Month-to-month,Mailed check,No,0.5796690714,False
6394-MFYNG,1,107.4,48,Month-to-month,Bank transfer (automatic),Fiber optic,0.5796132239,True
2378-HTWFW,0,91.0,35,Month-to-month,Credit card (automatic),Fiber optic,0.579530967,False
7310-EGVHZ,0,20.2,1,Month-to-month,Bank transfer (automatic),No,0.5795067314,False
0596-BQCEQ,1,100.15,62,Month-to-month,Electronic check,Fiber optic,0.579456785,True
1271-SJBGZ,1,43.65,12,Month-to-month,Electronic check,DSL,0.5793128594,True
2842-BCQGE,0,75.35,43,Month-to-month,Credit card (automatic),Fiber optic,0.579298339,False
9445-SZLCH,1,97.35,36,Month-to-month,Bank transfer (automatic),Fiber optic,0.5791766523,True
3208-YPIOE,1,75.25,39,Month-to-month,Electronic check,Fiber optic,0.5791582446,True
5389-FFVKB,1,80.3,32,Month-to-month,Credit card (automatic),Fiber optic,0.5791165365,True
6624-JDRDS,0,29.45,6,Month-to-month,Bank transfer (automatic),DSL,0.5791018562,False
3656-TKRVZ,1,55.35,3,Month-to-month,Electronic check,DSL,0.5790037705,True
7698-YFGEZ,0,20.0,1,Month-to-month,Mailed check,No,0.5789910921,False
8048-DSDFQ,0,20.2,1,Month-to-month,Mailed check,No,0.5789538668,False
3247-MHJKM,0,20.2,1,Month-to-month,Mailed check,No,0.5789538668,False
2873-ZLIWT,1,84.85,40,Month-to-month,Electronic check,Fiber optic,0.5788925458,True
8840-DQLGN,1,100.5,35,Month-to-month,Bank transfer (automatic),Fiber optic,0.5788034607,True
7248-VZQLC,1,85.2,47,Month-to-month,Bank transfer (automatic),Fiber optic,0.5787881212,True
1329-VHWNP,0,25.05,7,Month-to-month,Bank transfer (automatic),DSL,0.578698795,False
5780-INQIK,0,49.4,8,Month-to-month,Electronic check,DSL,0.5786260101,False
9659-QEQSY,0,115.65,45,Month-to-month,Electronic check,Fiber optic,0.5784897937,False
6896-SRVYQ,0,73.85,44,Month-to-month,Electronic check,Fiber optic,0.5784737831,False
0811-GSDTP,0,30.15,13,Month-to-month,Electronic check,DSL,0.57840249,False
6075-SLNIL,0,95.1,38,Month-to-month,Credit card (automatic),Fiber optic,0.5783060604,False
5461-QKNTN,0,94.3,43,Month-to-month,Electronic check,Fiber optic,0.5782809776,False
4570-QHXHL,0,43.75,9,Month-to-month,Electronic check,DSL,0.5782698664,False
9029-FEGVJ,0,79.3,32,Month-to-month,Mailed check,Fiber optic,0.578111755,False
3030-ZKIWL,0,20.05,1,Month-to-month,Mailed check,No,0.5779793839,False
7096-UCLNH,0,20.05,1,Month-to-month,Mailed check,No,0.5779793839,False
0397-GZBBC,1,93.85,59,Month-to-month,Bank transfer (automatic),Fiber optic,0.577916492,True
8212-CRQXP,0,80.0,22,Month-to-month,Credit card (automatic),Fiber optic,0.5774131105,False
0963-ZBDRN,1,96.2,32,Month-to-month,Electronic check,Fiber optic,0.5772135484,True
4588-YBNIB,1,19.6,1,Month-to-month,Mailed check,No,0.5770950244,True
5213-TWWJU,0,91.0,28,Month-to-month,Electronic check,Fiber optic,0.5770828554,False
6711-VTNRE,1,87.55,36,Month-to-month,Electronic check,Fiber optic,0.5770157435,True
2869-ADAWR,1,89.3,45,Month-to-month,Credit card (automatic),Fiber optic,0.5768438711,True
3761-FLYZI,0,108.8,65,Month-to-month,Bank transfer (automatic),Fiber optic,0.5767521517,False
6380-ARCEH,0,20.2,1,Month-to-month,Mailed check,No,0.5766353086,False
8158-WPEZG,0,35.65,11,Month-to-month,Electronic check,DSL,0.5765158521,False
3665-JATSN,0,39.7,19,Month-to-month,Electronic check,DSL,0.5763548544,False
5934-TSSAU,0,75.3,23,Month-to-month,Credit card (automatic),Fiber optic,0.5761172372,False
6908-VVYHM,0,90.65,65,Month-to-month,Electronic check,Fiber optic,0.5760683561,False
1622-HSHSF,0,19.55,1,Month-to-month,Mailed check,No,0.5760240462,False
9026-LHEVG,0,40.75,9,Month-to-month,Electronic check,DSL,0.5756302572,False
0089-IIQKO,0,99.95,39,Month-to-month,Credit card (automatic),Fiber optic,0.5755416776,False
4800-VHZKI,1,19.9,1,Month-to-month,Mailed check,No,0.5752674765,True
4130-MZLCC,0,50.55,5,Month-to-month,Bank transfer (automatic),DSL,0.5752414698,False
7009-LGECI,0,50.55,4,Month-to-month,Bank transfer (automatic),DSL,0.5751580679,False
4143-HHPMK,1,85.35,52,Month-to-month,Electronic check,Fiber optic,0.5749953188,True
7075-BNDVQ,0,35.0,4,Month-to-month,Mailed check,DSL,0.5749559116,False
0257-ZESQC,1,75.2,27,Month-to-month,Bank transfer (automatic),Fiber optic,0.5748194962,True
0807-ZABDG,1,55.1,3,Month-to-month,Mailed check,DSL,0.5747107591,True
6769-DYBQN,1,85.0,46,Month-to-month,Electronic check,Fiber optic,0.5746287399,True
0564-MUUQK,0,95.5,20,Month-to-month,Bank transfer (automatic),Fiber optic,0.5745989398,False
8203-XJZRC,0,20.25,1,Month-to-month,Mailed check,No,0.5743574215,False
7346-MEDWM,0,83.25,59,Month-to-month,Electronic check,Fiber optic,0.5742023429,False
8123-QBNAZ,0,104.5,36,Month-to-month,Credit card (automatic),Fiber optic,0.574133019,False
1349-WXNGG,1,20.05,1,Month-to-month,Bank transfer (automatic),No,0.5739297001,True
4818-DRBQT,1,80.15,29,Month-to-month,Bank transfer (automatic),Fiber optic,0.5737130707,True
7207-RMRDB,1,105.5,65,Month-to-month,Electronic check,Fiber optic,0.5736459424,True
7298-IZWLY,0,19.4,1,Month-to-month,Mailed check,No,0.5735536929,False
4248-HCETZ,1,79.65,30,Month-to-month,Mailed check,Fiber optic,0.573510766,True
7989-CHGTL,1,19.6,1,Month-to-month,Mailed check,No,0.5733237417,True
6135-OZQVA,0,53.65,7,Month-to-month,Electronic check,DSL,0.5732736411,False
0407-BDJKB,1,95.75,60,Month-to-month,Electronic check,Fiber optic,0.573170027,True
8149-AIQCG,0,73.15,39,Month-to-month,Credit card (automatic),Fiber optic,0.5728959511,False
4824-GUCBY,0,81.7,22,Month-to-month,Electronic check,Fiber optic,0.5728292561,False
6172-FECYY,1,84.5,49,Month-to-month,Electronic check,Fiber optic,0.5724714653,True
7176-WIONM,0,49.85,12,Month-to-month,Bank transfer (automatic),DSL,0.5724488961,False
2347-WKKAE,0,94.4,42,Month-to-month,Electronic check,Fiber optic,0.5719291073,False
3594-KADLU,0,35.1,3,Month-to-month,Mailed check,DSL,0.5718424543,False
2359-KLTEK,0,94.9,41,Month-to-month,Bank transfer (automatic),Fiber optic,0.5718372312,False
0129-KPTWJ,0,94.65,72,Month-to-month,Electronic check,Fiber optic,0.5716899422,False
1135-LMECX,0,19.85,1,Month-to-month,Mailed check,No,0.5715817784,False
8019-ENHXU,1,99.45,42,Month-to-month,Electronic check,Fiber optic,0.5715696887,True
3842-QTGDL,0,80.75,16,Month-to-month,Bank transfer (automatic),Fiber optic,0.571513067,False
8155-IBNHG,1,75.4,24,Month-to-month,Credit card (automatic),Fiber optic,0.5713757464,True
7421-ZLUPA,0,29.25,8,Month-to-month,Mailed check,DSL,0.5709961861,False
6985-HAYWX,0,79.3,26,Month-to-month,Bank transfer (automatic),Fiber optic,0.5708564944,False
9681-KYGYB,0,88.2,49,Month-to-month,Electronic check,Fiber optic,0.5707109581,False
5906-BFOZT,0,19.5,1,Month-to-month,Mailed check,No,0.5704760912,False
2309-OSFEU,1,33.9,10,Month-to-month,Mailed check,DSL,0.5704374361,True
5536-SLHPM,1,77.75,55,Month-to-month,Electronic check,Fiber optic,0.5704097924,True
8404-FYDIB,0,86.65,26,Month-to-month,Credit card (automatic),Fiber optic,0.5703783493,False
5630-AHZIL,0,64.5,3,Month-to-month,Bank transfer (automatic),DSL,0.5699792483,False
6927-WTFIV,1,71.3,20,Month-to-month,Credit card (automatic),Fiber optic,0.5697968277,True
4811-JBUVU,0,89.9,30,Month-to-month,Credit card (automatic),Fiber optic,0.5696534103,False
7567-ECMCM,0,79.85,24,Month-to-month,Credit card (automatic),Fiber optic,0.5696428546,False
7743-EXURX,1,51.05,8,Month-to-month,Electronic check,DSL,0.5695789455,True
2720-FVBQP,0,48.95,6,Month-to-month,Credit card (automatic),DSL,0.5693918512,False
8751-EDEKA,0,89.9,28,Month-to-month,Credit card (automatic),Fiber optic,0.5691650596,False
7279-BUYWN,1,113.2,41,Month-to-month,Electronic check,Fiber optic,0.5690929654,True
2971-SGAFL,0,78.75,13,Month-to-month,Electronic check,DSL,0.568969437,False
6360-SVNWV,0,73.55,31,Month-to-month,Credit card (automatic),Fiber optic,0.5688867315,False
9962-BFPDU,0,20.05,1,Month-to-month,Mailed check,No,0.5687474294,False
1450-SKCVI,1,73.85,56,Month-to-month,Electronic check,Fiber optic,0.5686596454,True
2027-WKXMW,0,108.75,63,Month-to-month,Electronic check,Fiber optic,0.5686129673,False
5175-WLYXL,0,78.85,22,Month-to-month,Mailed check,Fiber optic,0.5685637261,False
7627-JKIAZ,1,78.95,37,Month-to-month,Credit card (automatic),Fiber optic,0.5683516488,True
7850-VWJUU,0,75.0,23,Month-to-month,Bank transfer (automatic),Fiber optic,0.5683151659,False
6227-HWPWX,1,69.0,15,Month-to-month,Bank transfer (automatic),Fiber optic,0.5682766599,True
0623-IIHUG,1,41.9,21,Month-to-month,Electronic check,DSL,0.5680860367,True
0734-OXWBT,0,70.7,3,Month-to-month,Mailed check,DSL,0.5672203607,False
3043-TYBNO,0,60.65,3,Month-to-month,Mailed check,DSL,0.5670434934,False
3932-CMDTD,1,105.65,4,One year,Electronic check,Fiber optic,0.5669203506,True
8910-LEDAG,0,71.55,34,Month-to-month,Credit card (automatic),Fiber optic,0.5668927297,False
3923-CSIHK,1,71.05,50,Month-to-month,Electronic check,Fiber optic,0.5668364669,True
7547-EKNFS,1,95.25,42,Month-to-month,Bank transfer (automatic),Fiber optic,0.5666289952,True
9318-NKNFC,1,18.85,1,Month-to-month,Mailed check,No,0.566486017,True
6599-CEBNN,1,73.95,34,Month-to-month,Credit card (automatic),Fiber optic,0.5664429355,True
5868-YTYKS,0,20.25,1,Month-to-month,Mailed check,No,0.566399808,False
8614-VGMMV,1,49.1,15,Month-to-month,Electronic check,DSL,0.5661592382,True
1587-FKLZB,1,99.5,66,Month-to-month,Credit card (automatic),Fiber optic,0.5660109666,True
5046-NUHWD,0,45.0,29,Month-to-month,Electronic check,DSL,0.5659085117,False
7730-IUTDZ,1,75.2,43,Month-to-month,Electronic check,Fiber optic,0.5658708164,True
9776-CLUJA,1,77.5,51,Month-to-month,Electronic check,Fiber optic,0.5655797609,True
6599-RCLCJ,1,109.55,47,Month-to-month,Electronic check,Fiber optic,0.5651809201,True
4191-XOVOM,0,105.4,63,Month-to-month,Electronic check,Fiber optic,0.5651646242,False
3323-CPBWR,0,96.9,23,Month-to-month,Credit card (automatic),Fiber optic,0.5651134242,False
5055-MGMGF,0,105.05,65,Month-to-month,Electronic check,Fiber optic,0.5651065576,False
6284-AHOOQ,1,90.5,22,Month-to-month,Bank transfer (automatic),Fiber optic,0.5645818149,True
1396-QWFBJ,1,74.05,21,Month-to-month,Bank transfer (automatic),Fiber optic,0.5644731759,True
2480-JZOSN,0,20.65,1,Month-to-month,Mailed check,No,0.5642828439,False
8782-LKFPK,0,90.4,44,Month-to-month,Mailed check,Fiber optic,0.5638021584,False
4523-WXCEF,1,101.1,59,Month-to-month,Electronic check,Fiber optic,0.5633084628,True
0468-YRPXN,0,98.8,29,Month-to-month,Credit card (automatic),Fiber optic,0.5632285295,False
0107-WESLM,1,19.85,1,Month-to-month,Electronic check,No,0.5631744096,True
5600-PDUJF,0,49.5,6,Month-to-month,Credit card (automatic),DSL,0.5631528867,False
3161-GETRM,0,90.05,34,Month-to-month,Credit card (automatic),Fiber optic,0.5630233735,False
3258-SANFR,0,44.7,6,Month-to-month,Credit card (automatic),DSL,0.5629554825,False
7593-JNWRU,1,44.6,6,Month-to-month,Bank transfer (automatic),DSL,0.5627749203,True
8344-WFMFH,0,50.1,9,Month-to-month,Electronic check,DSL,0.5625175797,False
0999-QXNSA,0,45.75,7,Month-to-month,Mailed check,DSL,0.5624066749,False
7814-LEEVE,0,20.3,1,Month-to-month,Bank transfer (automatic),No,0.5622847168,False
2074-GUHPQ,0,92.7,17,Month-to-month,Credit card (automatic),Fiber optic,0.5622756685,False
9842-EFSYY,0,57.2,4,Month-to-month,Mailed check,DSL,0.562150646,False
9812-GHVRI,0,83.85,40,Month-to-month,Bank transfer (automatic),Fiber optic,0.5617315269,False
1548-FEHVL,0,106.2,61,Month-to-month,Electronic check,Fiber optic,0.5616941663,False
9584-EXCDZ,0,70.5,17,Month-to-month,Bank transfer (automatic),Fiber optic,0.561651929,False
4667-OHGKG,1,19.3,1,Month-to-month,Mailed check,No,0.5613987294,True
8566-YPRGL,0,19.5,1,Month-to-month,Mailed check,No,0.5613896409,False
4718-DHSMV,0,35.8,11,Month-to-month,Mailed check,DSL,0.5612299742,False
7239-HZZCX,1,19.75,1,Month-to-month,Mailed check,No,0.5610979996,True
6538-POCHL,0,79.0,33,Month-to-month,Credit card (automatic),Fiber optic,0.5608883993,False
1809-DMJHQ,1,46.0,5,Month-to-month,Mailed check,DSL,0.5607567963,True
1728-CXQBE,0,94.25,64,Month-to-month,Electronic check,Fiber optic,0.5606306155,False
4566-GOLUK,1,107.35,47,Month-to-month,Bank transfer (automatic),Fiber optic,0.5604953713,True
9003-CPATH,0,79.9,42,Month-to-month,Electronic check,Fiber optic,0.5602395944,False
9412-GHEEC,1,104.8,40,Month-to-month,Bank transfer (automatic),Fiber optic,0.5600464881,True
3571-RFHAR,1,109.15,65,Month-to-month,Electronic check,Fiber optic,0.5597348725,True
6891-JPYFF,0,105.25,48,Month-to-month,Credit card (automatic),Fiber optic,0.5596442304,False
4220-TINQT,0,106.35,61,Month-to-month,Electronic check,Fiber optic,0.5594518453,False
2067-QYTCF,0,111.15,64,Month-to-month,Electronic check,Fiber optic,0.5594312105,False
3815-SLMEF,1,34.25,3,Month-to-month,Mailed check,DSL,0.5592260771,True
7130-YXBRO,0,111.45,48,Month-to-month,Bank transfer (automatic),Fiber optic,0.5590140719,False
1098-TDVUQ,0,19.25,1,Month-to-month,Bank transfer (automatic),No,0.5589305031,False
1930-WNXSB,0,92.85,58,Month-to-month,Electronic check,Fiber optic,0.5588779347,False
5172-MIGPM,0,65.55,4,Month-to-month,Mailed check,DSL,0.5588291579,False
6579-JPICP,0,20.4,1,Month-to-month,Mailed check,No,0.5587007627,False
2452-KDRRH,0,101.4,67,Month-to-month,Credit card (automatic),Fiber optic,0.5586263144,False
2235-ZGKPT,1,50.85,4,Month-to-month,Mailed check,DSL,0.5583311206,True
9495-SKLKD,0,95.95,45,Month-to-month,Bank transfer (automatic),Fiber optic,0.558309664,False
2676-ISHSF,0,20.3,1,Month-to-month,Mailed check,No,0.5582178057,False
2195-ZRVAX,1,85.3,47,Month-to-month,Electronic check,Fiber optic,0.5580925474,True
2761-XECQW,0,43.35,8,Month-to-month,Mailed check,DSL,0.5580797957,False
2252-ISRNH,0,90.35,9,One year,Electronic check,Fiber optic,0.5580047252,False
7133-VBDCG,1,79.85,25,Month-to-month,Bank transfer (automatic),Fiber optic,0.5580030474,True
9626-VFRGG,0,88.5,41,Month-to-month,Bank transfer (automatic),Fiber optic,0.5579061249,False
8065-BVEPF,0,99.1,65,Month-to-month,Bank transfer (automatic),Fiber optic,0.5577168825,False
8535-SFUTN,0,106.45,61,Month-to-month,Electronic check,Fiber optic,0.557443617,False
1548-ARAGG,0,58.5,4,Month-to-month,Mailed check,DSL,0.5573641773,False
9919-YLNNG,0,103.8,42,Month-to-month,Bank transfer (automatic),Fiber optic,0.557335398,False
1399-UBQIU,0,69.35,11,Month-to-month,Electronic check,DSL,0.557331235,False
2203-GHNWN,0,79.65,24,Month-to-month,Mailed check,Fiber optic,0.5568323129,False
3787-TRIAL,0,26.05,21,Month-to-month,Electronic check,DSL,0.5567496531,False
9948-YPTDG,1,79.45,38,Month-to-month,Electronic check,Fiber optic,0.5565256872,True
2654-VBVPB,0,19.9,1,Month-to-month,Bank transfer (automatic),No,0.5564922515,False
3791-LGQCY,1,100.65,56,Month-to-month,Bank transfer (automatic),Fiber optic,0.5563457583,True
4013-UBXWQ,1,74.65,7,Month-to-month,Electronic check,DSL,0.5562970339,True
6825-UYPFK,1,75.6,23,Month-to-month,Bank transfer (automatic),Fiber optic,0.556293567,True
7798-JVXYM,0,69.65,14,Month-to-month,Electronic check,DSL,0.5561609285,False
8976-OQHGT,1,56.5,4,Month-to-month,Mailed check,DSL,0.5561573747,True
8016-NCFVO,0,116.5,55,Month-to-month,Electronic check,Fiber optic,0.5560911282,False
6847-KJLTS,0,100.4,58,Month-to-month,Bank transfer (automatic),Fiber optic,0.5560279397,False
8761-NSOBC,1,100.55,44,Month-to-month,Electronic check,Fiber optic,0.5558749434,True
7957-RYHQD,1,79.2,40,Month-to-month,Credit card (automatic),Fiber optic,0.5554177289,True
9979-RGMZT,0,94.05,7,One year,Mailed check,Fiber optic,0.5553773942,False
6173-GOLSU,0,94.65,67,Month-to-month,Credit card (automatic),Fiber optic,0.5552711304,False
9356-AXGMP,0,110.7,38,One year,Electronic check,Fiber optic,0.5552625758,False
8450-JOVAH,1,56.7,2,Month-to-month,Mailed check,DSL,0.5551985692,True
8073-IJDCM,1,20.3,1,Month-to-month,Mailed check,No,0.5550204235,True
2876-VBBBL,1,20.25,1,Month-to-month,Mailed check,No,0.5546502966,True
0643-OKLRP,1,80.35,47,Month-to-month,Electronic check,Fiber optic,0.5542590671,True
4657-FWVFY,0,96.35,40,Month-to-month,Credit card (automatic),Fiber optic,0.553957847,False
2003-CKLOR,1,99.5,66,Month-to-month,Electronic check,Fiber optic,0.5539399873,True
8242-JSVBO,0,44.65,7,Month-to-month,Bank transfer (automatic),DSL,0.5537281708,False
3348-CFRNX,1,92.35,28,Month-to-month,Mailed check,Fiber optic,0.5536946732,True
7112-OPOTK,1,68.25,33,Month-to-month,Electronic check,Fiber optic,0.5536061158,True
1481-ZUWZA,1,94.5,28,Month-to-month,Credit card (automatic),Fiber optic,0.5535505993,True
3727-JEZTU,0,20.4,1,Month-to-month,Mailed check,No,0.5532955397,False
6143-JQKEA,0,45.8,10,Month-to-month,Credit card (automatic),DSL,0.55327345,False
3583-KRKMD,0,75.9,18,Month-to-month,Bank transfer (automatic),Fiber optic,0.5532670371,False
6133-OZILE,0,35.2,18,Month-to-month,Electronic check,DSL,0.5532216284,False
6710-HSJRD,0,114.1,61,Month-to-month,Electronic check,Fiber optic,0.5530981162,False
5028-HTLJB,1,20.05,1,Month-to-month,Mailed check,No,0.5530773678,True
4892-VLANZ,1,19.8,1,Month-to-month,Mailed check,No,0.5529330975,True
9909-IDLEK,0,96.8,20,Month-to-month,Mailed check,Fiber optic,0.5528690772,False
6121-VZNQB,1,19.1,1,Month-to-month,Mailed check,No,0.5528549737,True
4324-AHJKS,0,55.8,5,Month-to-month,Credit card (automatic),DSL,0.5527557693,False
4636-JGAAI,0,88.85,34,Month-to-month,Mailed check,Fiber optic,0.5526941926,False
8262-COGGB,0,20.45,1,Month-to-month,Mailed check,No,0.5524042991,False
9332-GYWLO,0,54.85,6,Month-to-month,Electronic check,DSL,0.5519931947,False
4957-TREIR,0,64.4,3,Month-to-month,Credit card (automatic),DSL,0.5518719054,False
1891-FZYSA,1,89.95,69,Month-to-month,Electronic check,Fiber optic,0.5515772042,True
2000-MPKCA,0,107.75,58,One year,Electronic check,Fiber optic,0.5515403138,False
9793-WECQC,0,95.3,23,Month-to-month,Mailed check,Fiber optic,0.5514315989,False
9777-WJJPR,0,88.65,31,Month-to-month,Credit card (automatic),Fiber optic,0.551276731,False
2373-NTKOD,0,66.25,8,Month-to-month,Electronic check,DSL,0.5511533932,False
3865-QBWSJ,0,80.45,38,Month-to-month,Mailed check,Fiber optic,0.5511275663,False
0533-BNWKF,1,85.45,55,Month-to-month,Electronic check,Fiber optic,0.5508388671,True
1427-VERSM,0,98.7,56,Month-to-month,Electronic check,Fiber optic,0.5507137426,False
7742-MYPGI,0,48.8,6,Month-to-month,Mailed check,DSL,0.5505947456,False
3785-NRHYR,0,19.65,1,Month-to-month,Mailed check,No,0.5504362111,False
7077-XJMET,0,74.15,12,Month-to-month,Electronic check,DSL,0.5503761566,False
5173-WXOQV,0,64.2,2,Month-to-month,Mailed check,DSL,0.5502300598,False
0064-YIJGF,0,75.75,27,Month-to-month,Bank transfer (automatic),Fiber optic,0.5501979672,False
3590-TCXTB,0,20.35,1,Month-to-month,Mailed check,No,0.5501972038,False
1550-LOAHA,1,84.15,32,Month-to-month,Bank transfer (automatic),Fiber optic,0.549876579,True
7291-CDTMJ,0,19.65,1,Month-to-month,Bank transfer (automatic),No,0.5497391715,False
6243-OZGFH,0,44.95,23,Month-to-month,Electronic check,DSL,0.549620777,False
1842-EZJMK,1,103.7,50,Month-to-month,Electronic check,Fiber optic,0.5495783932,True
3094-JOJAI,0,74.15,18,Month-to-month,Mailed check,Fiber optic,0.549265118,False
2674-MLXMN,0,99.65,71,Month-to-month,Credit card (automatic),Fiber optic,0.5491669847,False
1310-QRITU,0,50.3,18,Month-to-month,Electronic check,DSL,0.549028061,False
3717-LNXKW,0,91.7,38,Month-to-month,Bank transfer (automatic),Fiber optic,0.5488042614,False
9822-WMWVG,0,106.5,41,Month-to-month,Electronic check,Fiber optic,0.5480949915,False
8267-KFGYD,0,21.05,1,Month-to-month,Mailed check,No,0.5479905647,False
8647-SDTWQ,0,74.3,57,Month-to-month,Electronic check,Fiber optic,0.5476807051,False
2874-YXVVA,0,105.1,34,Month-to-month,Electronic check,Fiber optic,0.5476407025,False
3192-LNKRK,0,84.05,34,Month-to-month,Mailed check,Fiber optic,0.5475895554,False
3645-DEYGF,0,20.75,1,Month-to-month,Mailed check,No,0.5475654095,False
4439-YRNVD,0,36.25,10,Month-to-month,Electronic check,DSL,0.5473909856,False
3587-PMCOY,0,98.9,10,One year,Electronic check,Fiber optic,0.5473723994,False
5898-IGSLP,0,89.3,31,Month-to-month,Electronic check,Fiber optic,0.5471428462,False
3162-ZJZFU,0,92.55,53,Month-to-month,Electronic check,Fiber optic,0.5471053436,False
3014-WJKSM,0,75.3,29,Month-to-month,Credit card (automatic),Fiber optic,0.5468117081,False
4307-KWMXE,0,35.75,10,Month-to-month,Electronic check,DSL,0.5467679961,False
7601-WFVZV,0,19.55,1,Month-to-month,Mailed check,No,0.5466949801,False
2360-RDGRO,0,104.25,65,Month-to-month,Electronic check,Fiber optic,0.5464731623,False
6331-LWDTQ,1,72.15,10,Month-to-month,Credit card (automatic),DSL,0.5464123759,True
2866-IKBTM,0,19.55,1,Month-to-month,Mailed check,No,0.5462175752,False
6704-UTUKK,0,45.9,29,Month-to-month,Electronic check,DSL,0.5460656896,False
8393-JMVMB,0,19.45,1,Month-to-month,Mailed check,No,0.5458468569,False
2684-EIWEO,1,91.7,30,Month-to-month,Credit card (automatic),Fiber optic,0.5450637108,True
0927-CNGRH,0,19.55,1,Month-to-month,Mailed check,No,0.5450036696,False
8468-EHYJA,0,99.65,57,Month-to-month,Electronic check,Fiber optic,0.5447300835,False
5716-LIBJC,0,104.15,13,One year,Credit card (automatic),Fiber optic,0.5446934839,False
6286-SUUWT,0,19.95,1,Month-to-month,Mailed check,No,0.5445478492,False
1685-BQULA,0,93.4,40,Month-to-month,Bank transfer (automatic),Fiber optic,0.5444259318,False
4767-HZZHQ,0,82.05,30,Month-to-month,Bank transfer (automatic),Fiber optic,0.5444216251,False
7594-LZNWR,0,69.15,34,Month-to-month,Credit card (automatic),Fiber optic,0.5442478174,False
0943-ZQPXH,0,92.95,44,Month-to-month,Bank transfer (automatic),Fiber optic,0.5436742988,False
4781-ZXYGU,0,20.15,1,Month-to-month,Bank transfer (automatic),No,0.5434897976,False
2955-PSXOE,1,20.2,1,Month-to-month,Bank transfer (automatic),No,0.5430345077,True
7243-LCGGZ,0,20.9,1,Month-to-month,Mailed check,No,0.5430119252,False
0799-DDIHE,0,46.3,15,Month-to-month,Electronic check,DSL,0.5430002947,False
6728-WYQBC,0,20.95,1,Month-to-month,Bank transfer (automatic),No,0.5428626799,False
3900-AQPHZ,1,19.9,1,Month-to-month,Mailed check,No,0.542807554,True
6654-QGBZZ,0,19.9,1,Month-to-month,Mailed check,No,0.5424784951,False
0461-CVKMU,1,83.8,23,Month-to-month,Electronic check,Fiber optic,0.5423831429,True
6921-OZMFH,0,55.7,5,Month-to-month,Mailed check,DSL,0.5423533916,False
4673-KKSLS,0,87.6,31,Month-to-month,Electronic check,Fiber optic,0.5420638573,False
4282-ACRXS,0,24.85,38,Month-to-month,Electronic check,DSL,0.5419082818,False
7880-XSOJX,0,42.4,4,Month-to-month,Mailed check,DSL,0.5418217045,False
0516-WJVXC,1,54.2,5,Month-to-month,Electronic check,DSL,0.5416553049,True
8605-ITULD,0,19.55,1,Month-to-month,Mailed check,No,0.5415914883,False
6234-PFPXL,0,95.9,22,Month-to-month,Credit card (automatic),Fiber optic,0.5414174421,False
5542-DHSXL,0,54.7,4,Month-to-month,Mailed check,DSL,0.541361209,False
2386-OWURY,0,95.3,58,Month-to-month,Electronic check,Fiber optic,0.5409627474,False
7426-WEIJX,0,80.95,60,Month-to-month,Electronic check,Fiber optic,0.5403836465,False
9693-XMUOB,0,50.25,59,Month-to-month,Electronic check,DSL,0.5401604784,False
4826-TZEVA,0,74.8,40,Month-to-month,Credit card (automatic),Fiber optic,0.5399042214,False
9441-QHEVC,0,19.1,1,Month-to-month,Mailed check,No,0.5395393848,False
1015-OWJKI,0,19.05,1,Month-to-month,Mailed check,No,0.5395393848,False
3113-IWHLC,0,55.8,5,Month-to-month,Mailed check,DSL,0.5394738253,False
7733-UDMTP,0,55.0,57,Month-to-month,Electronic check,DSL,0.539258183,False
8974-OVACP,0,20.15,1,Month-to-month,Mailed check,No,0.5390966139,False
1228-ZLNBX,0,75.3,21,Month-to-month,Mailed check,Fiber optic,0.5390150959,False
4329-YPDDQ,0,108.2,20,Month-to-month,Bank transfer (automatic),Fiber optic,0.5385305984,False
5628-RKIFK,0,101.55,49,Month-to-month,Credit card (automatic),Fiber optic,0.5384160804,False
9688-YGXVR,0,88.15,44,Month-to-month,Credit card (automatic),Fiber optic,0.5378954576,False
9474-PHLYD,1,59.45,15,Month-to-month,Electronic check,DSL,0.5377728329,True
2455-USLMV,0,84.75,31,Month-to-month,Credit card (automatic),Fiber optic,0.5377613833,False
7611-YKYTC,0,75.0,22,Month-to-month,Bank transfer (automatic),Fiber optic,0.5374176027,False
5766-ZJYBB,1,19.4,1,Month-to-month,Mailed check,No,0.5373192017,True
0867-LDTTC,0,75.15,5,Month-to-month,Bank transfer (automatic),DSL,0.5372788899,False
4881-JVQOD,0,34.55,10,Month-to-month,Bank transfer (automatic),DSL,0.5371006867,False
3683-QKIUE,1,50.8,6,Month-to-month,Bank transfer (automatic),DSL,0.5367663313,True
5371-VYLSX,0,83.4,50,Month-to-month,Electronic check,Fiber optic,0.5366048682,False
4724-WXVWF,0,95.4,48,Month-to-month,Electronic check,Fiber optic,0.5365685125,False
5977-CKHON,0,92.55,43,Month-to-month,Bank transfer (automatic),Fiber optic,0.5365531506,False
8718-PTMEZ,1,31.05,13,Month-to-month,Electronic check,DSL,0.5364427047,True
4647-XXZAM,0,45.5,6,Month-to-month,Mailed check,DSL,0.5363201959,False
8496-EJAUI,1,73.85,19,Month-to-month,Credit card (automatic),Fiber optic,0.5361151137,True
9158-VCTQB,1,113.6,41,Month-to-month,Bank transfer (automatic),Fiber optic,0.5359915081,True
1564-HJUVY,0,63.75,4,Month-to-month,Bank transfer (automatic),DSL,0.5358538307,False
6124-ACRHJ,0,19.75,1,Month-to-month,Mailed check,No,0.5357763637,False
9206-GVPEQ,1,54.45,13,Month-to-month,Electronic check,DSL,0.5356688602,True
3604-WLABM,0,54.25,10,Month-to-month,Electronic check,DSL,0.535134137,False
1101-SSWAG,0,51.1,15,Month-to-month,Electronic check,DSL,0.5350237896,False
6168-YBYNP,0,111.35,59,Month-to-month,Electronic check,Fiber optic,0.5350194179,False
0215-BQKGS,0,84.3,30,Month-to-month,Credit card (automatic),Fiber optic,0.5347650737,False
2812-SFXMJ,0,20.05,1,Month-to-month,Mailed check,No,0.5347538589,False
5624-BQSSA,1,20.95,1,Month-to-month,Mailed check,No,0.5346890937,True
0426-TIRNE,1,20.9,1,Month-to-month,Mailed check,No,0.5346890937,True
1066-JKSGK,1,20.15,1,Month-to-month,Mailed check,No,0.5344344506,True
1934-SJVJK,1,20.15,1,Month-to-month,Mailed check,No,0.5344344506,True
1750-CSKKM,1,55.35,9,Month-to-month,Electronic check,DSL,0.5343216528,True
3148-BLQJT,1,20.1,1,Month-to-month,Mailed check,No,0.5342826743,True
9975-SKRNR,0,18.9,1,Month-to-month,Mailed check,No,0.5340904664,False
1663-MHLHE,0,19.2,1,Month-to-month,Mailed check,No,0.5340904664,False
5949-EBSQK,1,61.45,4,Month-to-month,Credit card (automatic),DSL,0.533628688,True
0870-VEMYL,1,53.85,5,Month-to-month,Credit card (automatic),DSL,0.5336187598,True
3780-YVMFA,0,68.55,8,Month-to-month,Electronic check,DSL,0.5336145715,False
8329-IBCTI,1,19.65,1,Month-to-month,Mailed check,No,0.5333480347,True
3589-PPVKW,0,44.4,9,Month-to-month,Mailed check,DSL,0.5332167545,False
9629-NHXFW,0,19.4,1,Month-to-month,Mailed check,No,0.5331694217,False
0668-OGMHD,0,28.5,21,Month-to-month,Electronic check,DSL,0.5331596238,False
0587-DMGBH,1,49.85,8,Month-to-month,Electronic check,DSL,0.5330587955,True
4931-TRZWN,0,71.95,13,Month-to-month,Electronic check,DSL,0.5330227478,False
6986-IJDHX,1,86.3,39,Month-to-month,Mailed check,Fiber optic,0.532621747,True
2988-GBIVW,0,90.85,70,Month-to-month,Electronic check,Fiber optic,0.5321829195,False
1216-BGTSP,0,108.45,45,Month-to-month,Credit card (automatic),Fiber optic,0.5321549949,False
2240-HSJQD,0,81.85,38,Month-to-month,Mailed check,Fiber optic,0.531560256,False
4013-GUXND,0,20.8,1,Month-to-month,Mailed check,No,0.531557605,False
5339-TJFEK,0,105.5,62,Month-to-month,Electronic check,Fiber optic,0.5315419447,False
8740-XLHDR,1,43.25,5,Month-to-month,Mailed check,DSL,0.5314551909,True
0060-FUALY,0,94.75,59,Month-to-month,Electronic check,Fiber optic,0.5313420975,False
7356-IWLFW,0,80.0,46,Month-to-month,Bank transfer (automatic),Fiber optic,0.5313007,False
6641-XRPSU,1,70.0,34,Month-to-month,Credit card (automatic),Fiber optic,0.5311037773,True
4877-EVATK,1,20.0,1,Month-to-month,Mailed check,No,0.5309252438,True
4488-KQFDT,0,103.95,61,One year,Electronic check,Fiber optic,0.5307629276,False
9169-BSVIN,0,74.75,12,Month-to-month,Bank transfer (automatic),DSL,0.5306166392,False
4786-UKSNZ,1,20.2,1,Month-to-month,Mailed check,No,0.5305663342,True
2002-MZHWP,1,20.5,1,Month-to-month,Mailed check,No,0.5302801961,True
9753-OYLBX,0,20.5,1,Month-to-month,Mailed check,No,0.5302801961,False
5018-GWURO,0,85.6,56,Month-to-month,Bank transfer (automatic),Fiber optic,0.5301630967,False
8552-OBVRU,0,104.5,48,Month-to-month,Electronic check,Fiber optic,0.5301271654,False
2207-QPJED,0,90.0,37,Month-to-month,Electronic check,Fiber optic,0.5299753713,False
7426-GSWPO,0,103.5,64,Month-to-month,Bank transfer (automatic),Fiber optic,0.5299373633,False
1849-RJYIG,0,60.0,8,Month-to-month,Electronic check,DSL,0.5294981526,False
6233-HXJMX,0,89.3,45,Month-to-month,Credit card (automatic),Fiber optic,0.5293767872,False
9767-FFLEM,0,69.5,38,Month-to-month,Credit card (automatic),Fiber optic,0.5292990684,False
2519-LBNQL,0,104.35,60,One year,Electronic check,Fiber optic,0.5291695342,False
6549-NNDYT,0,30.85,13,Month-to-month,Bank transfer (automatic),DSL,0.5291330926,False
4660-IRIBM,0,87.9,18,Month-to-month,Mailed check,Fiber optic,0.529057568,False
5099-BAILX,1,110.75,43,Month-to-month,Bank transfer (automatic),Fiber optic,0.5288041612,True
2692-PFYTJ,0,25.75,1,Month-to-month,Mailed check,No,0.5287957462,False
3688-FTHLT,0,63.05,16,Month-to-month,Bank transfer (automatic),DSL,0.5284443196,False
8887-IPQNC,0,44.25,7,Month-to-month,Mailed check,DSL,0.5280390557,False
9281-PKKZE,0,43.95,46,Month-to-month,Electronic check,DSL,0.5280315592,False
1194-SPVSP,0,19.65,1,Month-to-month,Bank transfer (automatic),No,0.5278878492,False
1047-NNCBF,0,70.55,20,Month-to-month,Credit card (automatic),Fiber optic,0.5277791472,False
4001-TSBTV,0,91.55,58,Month-to-month,Electronic check,Fiber optic,0.5277596042,False
6410-LEFEN,1,45.15,9,Month-to-month,Electronic check,DSL,0.5275906987,True
1323-OOEPC,1,98.4,53,Month-to-month,Credit card (automatic),Fiber optic,0.5274757261,True
2141-RRYGO,1,68.65,4,Month-to-month,Bank transfer (automatic),DSL,0.5274735145,True
0980-PVMRC,0,50.85,40,Month-to-month,Electronic check,DSL,0.5273368168,False
6615-ZGEDR,1,19.7,1,Month-to-month,Mailed check,No,0.5272266224,True
0924-BJCRC,0,89.45,60,Month-to-month,Electronic check,Fiber optic,0.5271336908,False
8919-FYFQZ,1,30.35,44,Month-to-month,Electronic check,DSL,0.5268835479,True
0929-PECLO,0,89.6,63,Month-to-month,Bank transfer (automatic),Fiber optic,0.5268003321,False
3717-OFRTN,0,19.75,1,Month-to-month,Bank transfer (automatic),No,0.5267481661,False
6141-OOXUQ,1,19.65,1,Month-to-month,Mailed check,No,0.5266620141,True
2100-BDNSN,1,67.95,5,Month-to-month,Bank transfer (automatic),DSL,0.5266095095,True
4566-QVRRW,1,44.05,11,Month-to-month,Electronic check,DSL,0.5265333343,True
7636-OWBPG,0,29.35,12,Month-to-month,Credit card (automatic),DSL,0.5264936565,False
3143-ILDAL,1,94.45,56,Month-to-month,Electronic check,Fiber optic,0.5260198767,True
2075-RMJIK,0,49.4,5,Month-to-month,Mailed check,DSL,0.5259352434,False
5394-SVGJV,1,98.8,37,Month-to-month,Bank transfer (automatic),Fiber optic,0.5253469991,True
5707-ORNDZ,1,54.55,9,Month-to-month,Electronic check,DSL,0.5253235242,True
9375-MHRRS,0,50.05,6,Month-to-month,Mailed check,DSL,0.5252661291,False
4831-EOBFE,1,94.65,29,Month-to-month,Credit card (automatic),Fiber optic,0.5252307773,True
9530-EHPOH,1,53.75,11,Month-to-month,Electronic check,DSL,0.5250989039,True
7271-AJDTL,0,94.45,55,Month-to-month,Credit card (automatic),Fiber optic,0.5250004638,False
3657-COGMW,0,108.1,52,Month-to-month,Credit card (automatic),Fiber optic,0.5249536408,False
5886-VLQVU,0,89.85,35,Month-to-month,Bank transfer (automatic),Fiber optic,0.5247990197,False
4010-YLMVT,0,106.6,56,Month-to-month,Credit card (automatic),Fiber optic,0.5245880747,False
8205-MQUGY,0,49.2,12,Month-to-month,Electronic check,DSL,0.524219259,False
0419-YAAPX,0,85.3,49,Month-to-month,Credit card (automatic),Fiber optic,0.5239206259,False
2519-ERQOJ,0,54.6,33,Month-to-month,Electronic check,DSL,0.5238415443,False
0277-BKSQP,0,54.4,8,Month-to-month,Electronic check,DSL,0.5234555069,False
3308-MHOOC,0,19.2,1,Month-to-month,Mailed check,No,0.5234499869,False
1156-ZFYDO,0,19.75,1,Month-to-month,Electronic check,No,0.5233857696,False
2673-CXQEU,0,110.5,56,One year,Electronic check,Fiber optic,0.5232167041,False
1423-BMPBQ,0,19.0,1,Month-to-month,Mailed check,No,0.5232030306,False
3522-CDKHF,0,75.5,32,Month-to-month,Bank transfer (automatic),Fiber optic,0.5231441755,False
4176-FXYBO,0,109.55,54,Month-to-month,Electronic check,Fiber optic,0.523125764,False
3814-MLAXC,1,79.85,31,Month-to-month,Credit card (automatic),Fiber optic,0.5230269666,True
7470-MCQTK,1,48.75,13,Month-to-month,Bank transfer (automatic),DSL,0.5228155478,True
6300-BWMJX,0,93.35,59,Month-to-month,Electronic check,Fiber optic,0.5225726324,False
9174-FKWZE,1,19.45,1,Month-to-month,Electronic check,No,0.5224785443,True
6652-YFFJO,0,64.9,11,Month-to-month,Electronic check,DSL,0.5222738957,False
8651-ENBZX,1,106.0,60,One year,Electronic check,Fiber optic,0.5221460996,True
9500-LTVBP,0,80.05,35,Month-to-month,Credit card (automatic),Fiber optic,0.5220102712,False
1029-QFBEN,1,19.55,1,Month-to-month,Mailed check,No,0.5219927285,True
2669-OIDSD,0,100.05,48,Month-to-month,Credit card (automatic),Fiber optic,0.5216002195,False
4937-QPZPO,0,99.9,61,One year,Electronic check,Fiber optic,0.5215753301,False
0708-LGSMF,0,65.85,13,Month-to-month,Electronic check,DSL,0.5215466645,False
9667-EQRXU,1,40.3,30,Month-to-month,Electronic check,DSL,0.5214675907,True
2770-NSVDG,0,29.1,24,Month-to-month,Electronic check,DSL,0.5212468753,False
8108-UXRQN,0,50.55,11,Month-to-month,Electronic check,DSL,0.520966422,False
4391-LNRXK,0,94.95,22,Month-to-month,Bank transfer (automatic),Fiber optic,0.520927438,False
2139-FQHLM,0,89.95,19,Month-to-month,Mailed check,Fiber optic,0.5208429927,False
3584-WKTTW,0,111.55,51,One year,Electronic check,Fiber optic,0.5207734306,False
9210-IAHGH,1,70.75,7,Month-to-month,Credit card (automatic),DSL,0.5207110528,True
2111-DWYHN,0,21.1,1,Month-to-month,Mailed check,No,0.5206479445,False
3945-GFWQL,1,44.55,12,Month-to-month,Electronic check,DSL,0.5202217452,True
5816-SCGFC,0,51.3,7,Month-to-month,Mailed check,DSL,0.5196969383,False
2712-SYWAY,0,25.7,1,Month-to-month,Electronic check,No,0.5196140295,False
4255-DDUOU,1,20.5,1,Month-to-month,Mailed check,No,0.5193393127,True
3058-WQDRE,0,25.15,13,Month-to-month,Bank transfer (automatic),DSL,0.5192911523,False
0295-QVKPB,0,63.95,5,Month-to-month,Credit card (automatic),DSL,0.5187273471,False
5201-FRKKS,0,74.3,25,Month-to-month,Bank transfer (automatic),Fiber optic,0.5186517723,False
4452-QIIEB,0,43.9,7,Month-to-month,Mailed check,DSL,0.5184412747,False
7853-WNZSY,0,19.75,1,Month-to-month,Credit card (automatic),No,0.5181955847,False
8250-ZNGGW,0,59.9,5,Month-to-month,Credit card (automatic),DSL,0.5181619628,False
8217-QYOHV,0,55.75,5,Month-to-month,Mailed check,DSL,0.5176857207,False
2542-HYGIQ,0,19.95,1,Month-to-month,Credit card (automatic),No,0.5175198134,False
3373-YZZYM,0,19.2,1,Month-to-month,Mailed check,No,0.5175069555,False
3842-IYKUE,1,85.3,35,Month-to-month,Credit card (automatic),Fiber optic,0.5173423683,True
3194-ORPIK,1,84.4,50,Month-to-month,Bank transfer (automatic),Fiber optic,0.5168756905,True
7551-JOHTI,1,19.5,1,Month-to-month,Mailed check,No,0.5166994808,True
1905-OEILC,0,19.5,1,Month-to-month,Mailed check,No,0.5166994808,False
7434-SHXLS,1,20.9,1,Month-to-month,Mailed check,No,0.5163168243,True
2302-ANTDP,1,117.45,48,Month-to-month,Electronic check,Fiber optic,0.5163031388,True
5828-AVIPD,1,100.95,19,One year,Electronic check,Fiber optic,0.5162217384,True
7351-KYHQH,0,64.95,7,Month-to-month,Electronic check,DSL,0.5162156279,False
8992-CEUEN,0,18.85,1,Month-to-month,Electronic check,No,0.5162145499,False
4291-HPAXL,0,19.85,1,Month-to-month,Mailed check,No,0.5161901733,False
6646-QVXLR,1,103.75,62,One year,Electronic check,Fiber optic,0.5158888993,True
4983-CLMLV,0,102.7,52,Month-to-month,Credit card (automatic),Fiber optic,0.5158331321,False
0486-HECZI,1,96.75,55,Month-to-month,Electronic check,Fiber optic,0.5156538558,True
7617-EYGLW,0,19.45,1,Month-to-month,Electronic check,No,0.5155759928,False
4080-OGPJL,1,71.15,8,Month-to-month,Electronic check,DSL,0.5154747322,True
5016-ETTFF,1,29.5,10,Month-to-month,Mailed check,DSL,0.5154623151,True
0420-BWTPW,1,25.5,8,Month-to-month,Mailed check,DSL,0.5153952758,True
1725-MIMXW,1,19.45,1,Month-to-month,Mailed check,No,0.5153856919,True
3162-KKZXO,0,100.15,55,One year,Electronic check,Fiber optic,0.5152600915,False
6578-KRMAW,0,93.4,32,Month-to-month,Credit card (automatic),Fiber optic,0.515149591,False
1724-IQWNM,0,19.3,1,Month-to-month,Mailed check,No,0.5150213592,False
4993-JCRGJ,0,84.3,26,Month-to-month,Mailed check,Fiber optic,0.5148447975,False
1732-VHUBQ,1,70.55,47,Month-to-month,Bank transfer (automatic),Fiber optic,0.514730366,True
1935-IMVBB,0,89.7,56,Month-to-month,Mailed check,Fiber optic,0.5147070434,False
6569-KTMDU,0,19.1,1,Month-to-month,Mailed check,No,0.5145810418,False
8069-YQQAJ,0,31.1,14,Month-to-month,Mailed check,DSL,0.5145670528,False
6173-ITPWD,1,83.35,47,Month-to-month,Bank transfer (automatic),Fiber optic,0.5145359204,True
7693-QPEFS,0,72.95,52,Month-to-month,Bank transfer (automatic),Fiber optic,0.5143287193,False
2632-UCGVD,1,100.05,66,Month-to-month,Credit card (automatic),Fiber optic,0.5143008443,True
0673-IGUQO,0,20.45,1,Month-to-month,Mailed check,No,0.5142654941,False
4760-THGOT,0,94.1,43,Month-to-month,Electronic check,Fiber optic,0.5142370551,False
4232-JGKIY,0,19.2,1,Month-to-month,Electronic check,No,0.5142090148,False
7302-ZHMHP,0,19.15,1,Month-to-month,Mailed check,No,0.5141309359,False
3714-JTVOV,1,74.15,42,Month-to-month,Credit card (automatic),Fiber optic,0.5139497538,True
0247-SLUJI,0,19.7,1,Month-to-month,Mailed check,No,0.5128387231,False
4640-UHDOS,1,55.95,13,Month-to-month,Electronic check,DSL,0.5125846644,True
0979-PHULV,1,99.45,69,Month-to-month,Credit card (automatic),Fiber optic,0.5123911886,True
5002-GCQFH,0,93.85,49,Month-to-month,Bank transfer (automatic),Fiber optic,0.5123029061,False
2105-PHWON,0,95.0,33,Month-to-month,Credit card (automatic),Fiber optic,0.5121588353,False
3154-CFSZG,0,90.05,47,Month-to-month,Electronic check,Fiber optic,0.5120871014,False
3452-SRFEG,0,74.6,49,Month-to-month,Bank transfer (automatic),Fiber optic,0.5120539471,False
6967-QIQRV,0,101.9,15,One year,Electronic check,Fiber optic,0.5119912912,False
4471-KXAUH,1,84.3,42,Month-to-month,Electronic check,Fiber optic,0.5116893421,True
3976-BWUCK,1,94.1,30,Month-to-month,Credit card (automatic),Fiber optic,0.511601649,True
1025-FALIX,0,69.05,26,Month-to-month,Credit card (automatic),Fiber optic,0.5115872196,False
7554-AKDQF,0,45.65,6,Month-to-month,Mailed check,DSL,0.5113752977,False
7905-TVXTA,0,64.35,5,Month-to-month,Electronic check,DSL,0.5111727643,False
7621-VPNET,0,85.9,42,Month-to-month,Credit card (automatic),Fiber optic,0.5111498031,False
6439-GTPCA,1,87.25,45,Month-to-month,Electronic check,Fiber optic,0.5108053758,True
6815-ABQFQ,0,107.25,56,One year,Electronic check,Fiber optic,0.5103593877,False
5035-PGZXH,0,106.8,56,One year,Electronic check,Fiber optic,0.5101513121,False
6686-YPGHK,1,85.5,47,Month-to-month,Mailed check,Fiber optic,0.5100763697,True
8178-EYZUO,1,93.7,46,Month-to-month,Electronic check,Fiber optic,0.5100291826,True
5088-QZLRL,0,20.65,1,Month-to-month,Electronic check,No,0.509973526,False
7481-ATQQS,1,90.85,49,Month-to-month,Credit card (automatic),Fiber optic,0.5095177778,True
5201-USSQZ,0,85.9,26,Month-to-month,Credit card (automatic),Fiber optic,0.5094112688,False
2478-EEWWM,0,44.3,59,Month-to-month,Electronic check,DSL,0.5092590806,False
5274-XHAKY,0,94.3,41,Month-to-month,Bank transfer (automatic),Fiber optic,0.5091525141,False
4976-LNFVV,0,34.3,19,Month-to-month,Credit card (automatic),DSL,0.5091510831,False
0187-WZNAB,0,74.4,27,Month-to-month,Mailed check,Fiber optic,0.5091096097,False
2479-BRAMR,1,83.75,41,Month-to-month,Bank transfer (automatic),Fiber optic,0.5090657108,True
1518-VOWAV,1,74.65,9,Month-to-month,Electronic check,DSL,0.5090070038,True
1596-BBVTG,1,75.35,35,Month-to-month,Credit card (automatic),Fiber optic,0.508476102,True
9445-ZUEQE,0,85.2,27,Month-to-month,Credit card (automatic),Fiber optic,0.5082935146,False
6745-JEFZB,0,91.5,35,Month-to-month,Credit card (automatic),Fiber optic,0.5082787432,False
1169-WCVAK,0,88.8,19,Month-to-month,Credit card (automatic),Fiber optic,0.5079966325,False
8450-UYIBU,0,39.85,35,Month-to-month,Electronic check,DSL,0.5075122884,False
7966-YOTQW,0,54.5,10,Month-to-month,Credit card (automatic),DSL,0.5073386403,False
3845-JHAMY,0,35.5,16,Month-to-month,Credit card (automatic),DSL,0.5072294771,False
3808-HFKDE,0,44.35,20,Month-to-month,Electronic check,DSL,0.5068347376,False
6789-HJBWG,0,49.4,12,Month-to-month,Electronic check,DSL,0.5067385275,False
8387-MOJJT,1,77.95,42,Month-to-month,Credit card (automatic),Fiber optic,0.5061122251,True
7929-DMBCV,0,81.0,20,Month-to-month,Mailed check,Fiber optic,0.5059688287,False
7147-AYBAA,0,70.35,37,Month-to-month,Mailed check,Fiber optic,0.5055929351,False
9921-EZKBY,0,95.3,33,Month-to-month,Bank transfer (automatic),Fiber optic,0.5055046401,False
5402-HTOTQ,0,55.3,16,Month-to-month,Electronic check,DSL,0.5051121702,False
8722-NGNBH,1,40.0,5,Month-to-month,Mailed check,DSL,0.5048363413,True
2883-ILGWO,0,104.9,57,Month-to-month,Bank transfer (automatic),Fiber optic,0.5046367602,False
2669-QVCRG,0,81.3,41,Month-to-month,Credit card (automatic),Fiber optic,0.5044730321,False
7776-QGYJC,0,81.5,39,Month-to-month,Bank transfer (automatic),Fiber optic,0.5043684523,False
0363-QJVFX,1,108.15,32,Month-to-month,Credit card (automatic),Fiber optic,0.5041528364,True
7853-GVUDZ,1,20.15,1,Month-to-month,Credit card (automatic),No,0.5038572736,True
4070-OKWVH,0,94.6,52,Month-to-month,Bank transfer (automatic),Fiber optic,0.5036950317,False
5049-GLYVG,1,20.6,1,Month-to-month,Mailed check,No,0.5030501853,True
4320-QMLLA,0,54.85,7,Month-to-month,Mailed check,DSL,0.5026952566,False
6818-WOBHJ,1,89.6,68,Month-to-month,Bank transfer (automatic),Fiber optic,0.5026210098,True
3426-NIYYL,1,51.55,15,Month-to-month,Electronic check,DSL,0.5025979571,True
3509-GWQGF,0,70.0,24,Month-to-month,Credit card (automatic),Fiber optic,0.5023584062,False
3685-YLCMQ,1,104.65,58,One year,Electronic check,Fiber optic,0.5021429899,True
9103-CXVOK,0,19.75,1,Month-to-month,Electronic check,No,0.5018851775,False
6849-WLEYG,1,19.75,1,Month-to-month,Mailed check,No,0.5017311811,True
2436-QBZFP,0,39.2,22,Month-to-month,Electronic check,DSL,0.5014771339,False
1907-YLNYW,0,66.7,8,Month-to-month,Electronic check,DSL,0.5014064192,False
0823-HSCDJ,1,49.15,52,Month-to-month,Electronic check,DSL,0.5013801649,True
1089-HDMKP,0,54.55,11,Month-to-month,Electronic check,DSL,0.5011306922,False
3207-OYBWH,1,95.25,57,Month-to-month,Bank transfer (automatic),Fiber optic,0.5010307833,True
3537-HPKQT,0,77.75,55,Month-to-month,Credit card (automatic),Fiber optic,0.500956746,False
7245-JMTTQ,0,111.5,51,One year,Electronic check,Fiber optic,0.5008822056,False
8327-LZKAS,1,107.55,43,One year,Electronic check,Fiber optic,0.5008093843,True
4007-NHVHI,0,96.85,56,Month-to-month,Electronic check,Fiber optic,0.5007729979,False
5143-WMWOG,1,19.95,1,Month-to-month,Electronic check,No,0.5005910763,True
2320-JRSDE,1,19.9,1,Month-to-month,Electronic check,No,0.5005616278,True
1394-SUIUH,0,85.15,44,Month-to-month,Electronic check,Fiber optic,0.500467003,False
0836-SEYLU,1,40.65,9,Month-to-month,Mailed check,DSL,0.5004561896,True
4760-XOHVN,1,19.45,1,Month-to-month,Mailed check,No,0.5002601131,True
0423-UDIJQ,0,49.2,9,Month-to-month,Mailed check,DSL,0.5001224053,False
2178-PMGCJ,0,69.7,22,Month-to-month,Mailed check,Fiber optic,0.5000633752,False
6218-KNUBD,0,59.45,6,Month-to-month,Electronic check,DSL,0.499810126,False
9873-MNDKV,0,44.65,11,Month-to-month,Mailed check,DSL,0.4996880914,False
5445-GLVOT,0,49.8,22,Month-to-month,Electronic check,DSL,0.4996234871,False
3692-JHONH,0,106.5,52,One year,Electronic check,Fiber optic,0.4996204506,False
1976-AZZPJ,0,34.2,7,Month-to-month,Mailed check,DSL,0.4993922036,False
3349-ANQNH,0,99.5,59,One year,Electronic check,Fiber optic,0.499340319,False
2778-OCLGR,1,39.1,24,Month-to-month,Bank transfer (automatic),DSL,0.4992566076,True
9373-WSLOY,0,50.0,33,Month-to-month,Electronic check,DSL,0.4988629915,False
2085-BOJKI,0,96.65,17,One year,Bank transfer (automatic),Fiber optic,0.4984336204,False
5671-UUNXD,0,100.65,50,One year,Electronic check,Fiber optic,0.4984167962,False
6288-LBEAR,0,79.1,23,Month-to-month,Mailed check,Fiber optic,0.4984160143,False
9912-OMZDS,0,106.15,59,One year,Electronic check,Fiber optic,0.4983571694,False
8749-JMNKX,1,93.8,51,Month-to-month,Bank transfer (automatic),Fiber optic,0.4982696389,True
5515-RUGKN,0,54.75,8,Month-to-month,Credit card (automatic),DSL,0.4982052468,False
6982-UQZLY,1,20.85,1,Month-to-month,Mailed check,No,0.4981470878,True
4522-AKYLR,0,54.8,13,Month-to-month,Electronic check,DSL,0.4975060901,False
5804-HYIEZ,0,106.05,70,Month-to-month,Electronic check,Fiber optic,0.497389198,False
6572-ADKRS,0,74.8,46,Month-to-month,Credit card (automatic),Fiber optic,0.4973815626,False
3807-XHCJH,0,20.0,1,Month-to-month,Electronic check,No,0.4973249845,False
2834-SPCJV,1,84.1,52,Month-to-month,Electronic check,Fiber optic,0.4971461238,True
6897-UUBNU,0,89.65,29,Month-to-month,Mailed check,Fiber optic,0.496957929,False
0463-ZSDNT,0,56.75,10,Month-to-month,Bank transfer (automatic),DSL,0.4968771531,False
3679-XASPY,0,19.45,1,Month-to-month,Electronic check,No,0.4967887962,False
0851-DFJKB,0,58.95,15,Month-to-month,Electronic check,DSL,0.4963503922,False
4393-RYCRE,0,106.05,44,One year,Electronic check,Fiber optic,0.49611595,False
2676-OXPPQ,0,55.7,6,Month-to-month,Bank transfer (automatic),DSL,0.4956863098,False
9481-SFCQY,0,59.8,14,Month-to-month,Credit card (automatic),DSL,0.4956846072,False
8272-ONJLV,0,95.7,12,One year,Electronic check,Fiber optic,0.4956783429,False
9776-OJUZI,0,95.45,65,Month-to-month,Bank transfer (automatic),Fiber optic,0.4953578455,False
2615-YVMYX,0,107.5,71,Month-to-month,Electronic check,Fiber optic,0.4950197771,False
2014-MKGMH,0,101.1,46,One year,Electronic check,Fiber optic,0.49455359,False
8725-JEDFD,0,69.05,27,Month-to-month,Mailed check,Fiber optic,0.4943858412,False
2272-UOINI,0,78.5,7,Month-to-month,Electronic check,DSL,0.4938483135,False
4554-YGZIH,1,90.05,49,Month-to-month,Credit card (automatic),Fiber optic,0.4935669394,True
0013-MHZWF,0,69.4,9,Month-to-month,Credit card (automatic),DSL,0.4934749296,False
9821-BESNZ,0,104.25,66,One year,Electronic check,Fiber optic,0.4933836816,False
4188-FRABG,0,103.05,57,Month-to-month,Electronic check,Fiber optic,0.4931294034,False
0786-VSSUD,1,39.0,16,Month-to-month,Mailed check,DSL,0.4930398208,True
2817-NTQDO,1,45.55,13,Month-to-month,Credit card (automatic),DSL,0.4929691614,True
2144-BFDSO,0,108.75,50,Month-to-month,Bank transfer (automatic),Fiber optic,0.4928497187,False
1600-DILPE,0,45.0,12,Month-to-month,Bank transfer (automatic),DSL,0.492823222,False
5133-VRSAB,0,29.35,8,Month-to-month,Mailed check,DSL,0.4926221854,False
0567-GGCAC,0,61.4,7,Month-to-month,Electronic check,DSL,0.492383652,False
0761-AETCS,1,19.3,1,Month-to-month,Electronic check,No,0.4923064195,True
3062-ICYZQ,0,93.8,51,Month-to-month,Electronic check,Fiber optic,0.4922637219,False
8152-UOBNY,0,106.8,50,One year,Electronic check,Fiber optic,0.4921450805,False
9079-YEXQJ,1,111.1,54,Month-to-month,Electronic check,Fiber optic,0.4920117125,True
3466-WAESX,0,69.1,16,Month-to-month,Electronic check,DSL,0.4917948144,False
3541-ZNUHK,0,85.1,55,Month-to-month,Electronic check,Fiber optic,0.491231851,False
7272-QDCKA,0,100.2,28,One year,Electronic check,Fiber optic,0.4911398284,False
9591-YVTEB,0,44.85,55,Month-to-month,Electronic check,DSL,0.4910860401,False
8329-GWVPJ,0,69.75,50,Month-to-month,Bank transfer (automatic),Fiber optic,0.4908554287,False
0380-NEAVX,0,99.85,34,One year,Electronic check,Fiber optic,0.4906914047,False
1685-VAYJF,0,45.2,11,Month-to-month,Credit card (automatic),DSL,0.4904559629,False
3689-MOZGR,0,31.2,29,Month-to-month,Electronic check,DSL,0.4902975772,False
6362-QHAFM,0,108.3,42,One year,Electronic check,Fiber optic,0.4900944073,False
3838-OZURD,1,105.0,66,Month-to-month,Credit card (automatic),Fiber optic,0.4897984602,True
4646-QZXTF,0,81.25,7,Month-to-month,Bank transfer (automatic),DSL,0.4897945713,False
1304-BCCFO,0,70.05,9,Month-to-month,Mailed check,DSL,0.4897186144,False
5575-TPIZQ,0,89.15,46,Month-to-month,Credit card (automatic),Fiber optic,0.4896009172,False
6179-GJPSO,1,108.15,43,Month-to-month,Credit card (automatic),Fiber optic,0.4895685366,True
5590-YRFJT,1,24.45,20,Month-to-month,Electronic check,DSL,0.4895487109,True
6240-EURKS,1,35.0,18,Month-to-month,Electronic check,DSL,0.4893493394,True
6353-BRMMA,0,104.1,54,Month-to-month,Bank transfer (automatic),Fiber optic,0.4892615857,False
1963-VAUKV,1,20.4,1,Month-to-month,Mailed check,No,0.4892239828,True
1658-XUHBX,0,88.75,59,Month-to-month,Credit card (automatic),Fiber optic,0.4892052034,False
9544-PYPSJ,0,96.1,62,Month-to-month,Credit card (automatic),Fiber optic,0.4890703005,False
0856-NAOES,0,60.9,6,Month-to-month,Mailed check,DSL,0.4889539936,False
5370-IIVVL,0,104.5,37,One year,Credit card (automatic),Fiber optic,0.4889179933,False
5510-BOIUJ,1,19.25,1,Month-to-month,Mailed check,No,0.4889120533,True
1956-YIFGE,0,100.05,22,One year,Mailed check,Fiber optic,0.4886736211,False
4088-YLDSU,1,104.15,55,One year,Electronic check,Fiber optic,0.4885884706,True
7241-AJHFS,0,87.65,32,Month-to-month,Bank transfer (automatic),Fiber optic,0.4885112947,False
1208-NBVFH,0,49.6,20,Month-to-month,Electronic check,DSL,0.4883388304,False
7905-NJMXS,0,64.2,7,Month-to-month,Electronic check,DSL,0.4883134224,False
5188-HGMLP,0,74.0,54,Month-to-month,Bank transfer (automatic),Fiber optic,0.4881008005,False
3055-OYMSE,0,73.8,53,Month-to-month,Credit card (automatic),Fiber optic,0.4880834774,False
4307-KTUMW,1,93.9,53,Month-to-month,Electronic check,Fiber optic,0.4879369193,True
1373-ORVIZ,1,66.35,11,Month-to-month,Electronic check,DSL,0.4877851547,True
6807-SIWJI,0,104.85,38,One year,Electronic check,Fiber optic,0.4877742691,False
6771-XWBDM,1,104.5,57,Month-to-month,Credit card (automatic),Fiber optic,0.4876020823,True
4720-VSTSI,1,84.8,44,Month-to-month,Bank transfer (automatic),Fiber optic,0.4874169448,True
4950-BDEUX,0,49.2,35,Month-to-month,Electronic check,DSL,0.4873308067,False
9079-LWTFD,0,100.75,47,Month-to-month,Mailed check,Fiber optic,0.4872344875,False
8096-LOIST,0,56.2,19,Month-to-month,Electronic check,DSL,0.4871337158,False
0909-SDHNU,0,29.8,7,Month-to-month,Mailed check,DSL,0.4868286562,False
2810-FTLEM,1,50.15,16,Month-to-month,Electronic check,DSL,0.4867680656,True
7774-OJSXI,1,103.45,31,One year,Electronic check,Fiber optic,0.4867486737,True
9163-GHAYE,0,48.85,15,Month-to-month,Electronic check,DSL,0.48662645,False
8008-ESFLK,0,110.5,53,One year,Electronic check,Fiber optic,0.4865943049,False
3572-UOLYZ,0,84.8,46,Month-to-month,Bank transfer (automatic),Fiber optic,0.4863707241,False
1041-RXHRA,1,70.25,41,Month-to-month,Bank transfer (automatic),Fiber optic,0.4862275775,True
4080-IIARD,0,76.2,13,Month-to-month,Electronic check,DSL,0.4860527078,False
1020-JPQOW,0,90.55,56,Month-to-month,Electronic check,Fiber optic,0.4859701759,False
0618-XWMSS,1,74.9,28,Month-to-month,Bank transfer (automatic),Fiber optic,0.4858744148,True
7067-KSAZT,1,106.25,65,One year,Electronic check,Fiber optic,0.4857343829,True
9761-XUJWD,0,65.6,5,Month-to-month,Bank transfer (automatic),DSL,0.4856338857,False
2433-KMEAS,1,54.45,22,Month-to-month,Electronic check,DSL,0.4856258372,True
8807-ARQET,0,40.35,41,Month-to-month,Electronic check,DSL,0.4853649531,False
4468-KAZHE,0,60.0,20,Month-to-month,Electronic check,DSL,0.485336729,False
8705-DWKTI,0,83.8,52,Month-to-month,Credit card (automatic),Fiber optic,0.4849727828,False
3144-KMTWZ,0,93.25,71,Month-to-month,Bank transfer (automatic),Fiber optic,0.4849638823,False
3567-PQTSO,0,105.25,53,One year,Electronic check,Fiber optic,0.4849453778,False
7722-CVFXN,0,105.2,54,One year,Electronic check,Fiber optic,0.4848557401,False
6137-MFAJN,0,44.8,48,Month-to-month,Electronic check,DSL,0.4846558341,False
4462-CYWMH,0,89.8,62,Month-to-month,Bank transfer (automatic),Fiber optic,0.4846519259,False
3090-QFUVD,0,20.3,1,Month-to-month,Credit card (automatic),No,0.4843020102,False
5076-YVXCM,0,83.4,51,Month-to-month,Bank transfer (automatic),Fiber optic,0.4842884739,False
7078-NVFAM,0,35.15,32,Month-to-month,Electronic check,DSL,0.4841412223,False
6128-AQBMT,0,53.95,41,Month-to-month,Electronic check,DSL,0.4838876845,False
3580-REOAC,1,44.85,10,Month-to-month,Credit card (automatic),DSL,0.4838734758,True
8992-VONJD,0,56.0,13,Month-to-month,Electronic check,DSL,0.4836495693,False
4361-BKAXE,1,114.5,41,Month-to-month,Bank transfer (automatic),Fiber optic,0.4836289615,True
4250-WAROZ,0,93.25,60,Month-to-month,Electronic check,Fiber optic,0.4832729049,False
7537-CBQUZ,0,109.4,63,Month-to-month,Bank transfer (automatic),Fiber optic,0.4828190285,False
6625-UTXEW,0,51.25,12,Month-to-month,Electronic check,DSL,0.4827872311,False
4918-FYJNT,0,90.45,55,Month-to-month,Electronic check,Fiber optic,0.4825754187,False
2190-BCXEC,0,78.85,40,Month-to-month,Credit card (automatic),Fiber optic,0.4825753171,False
6199-IWKGC,0,100.25,46,One year,Electronic check,Fiber optic,0.4821564817,False
6769-DCQLI,1,105.0,52,One year,Bank transfer (automatic),Fiber optic,0.4819314322,True
8775-CEBBJ,1,44.2,9,Month-to-month,Bank transfer (automatic),DSL,0.4818133588,True
3413-DHLPB,0,103.75,60,Month-to-month,Bank transfer (automatic),Fiber optic,0.4818116104,False
1784-EZDKJ,0,106.8,51,One year,Bank transfer (automatic),Fiber optic,0.4817161708,False
2731-GJRDG,0,109.55,32,One year,Bank transfer (automatic),Fiber optic,0.4816482212,False
9374-YOLBJ,0,19.25,1,Month-to-month,Electronic check,No,0.4812402612,False
7550-WIQVA,0,108.25,50,One year,Electronic check,Fiber optic,0.4811087109,False
7975-TZMLR,0,103.1,47,One year,Electronic check,Fiber optic,0.4810866722,False
1324-NLTJE,1,55.0,15,Month-to-month,Credit card (automatic),DSL,0.4807756544,True
8455-HIRAQ,0,44.45,8,Month-to-month,Mailed check,DSL,0.4807546991,False
9501-UKKNL,0,51.7,59,Month-to-month,Electronic check,DSL,0.480701446,False
2305-MRGLV,0,76.55,28,Month-to-month,Bank transfer (automatic),Fiber optic,0.4806970545,False
5174-ITUMV,0,105.4,67,One year,Electronic check,Fiber optic,0.4804758599,False
8329-UTMVM,0,104.65,27,One year,Bank transfer (automatic),Fiber optic,0.4804111528,False
1559-DTODC,0,25.15,19,Month-to-month,Bank transfer (automatic),DSL,0.4801960256,False
8679-JOEVF,1,59.4,16,Month-to-month,Electronic check,DSL,0.4801146931,True
0843-WTBXE,1,85.45,53,Month-to-month,Bank transfer (automatic),Fiber optic,0.4800835589,True
4450-YOOHP,0,50.65,39,Month-to-month,Credit card (automatic),DSL,0.4798624612,False
2475-MROZF,0,95.0,30,Month-to-month,Credit card (automatic),Fiber optic,0.4797326841,False
7576-JMYWV,0,110.2,46,Month-to-month,Electronic check,Fiber optic,0.4796269768,False
3506-LCJDC,1,19.95,1,Month-to-month,Bank transfer (automatic),No,0.4792170795,True
3058-HJCUY,1,102.6,41,One year,Electronic check,Fiber optic,0.4791993474,True
1986-PHGZF,0,58.4,18,Month-to-month,Credit card (automatic),DSL,0.4787857725,False
1215-FIGMP,0,89.9,60,Month-to-month,Bank transfer (automatic),Fiber optic,0.4787809558,False
5243-SAOTC,0,79.85,54,Month-to-month,Bank transfer (automatic),Fiber optic,0.4785315612,False
1205-WNWPJ,1,59.5,7,Month-to-month,Mailed check,DSL,0.4785210326,True
8755-IWJHN,0,95.35,69,Month-to-month,Bank transfer (automatic),Fiber optic,0.4780235687,False
0260-ZDLGK,1,72.9,9,Month-to-month,Mailed check,DSL,0.4779757223,True
9974-JFBHQ,0,99.15,64,Month-to-month,Credit card (automatic),Fiber optic,0.4773344559,False
2533-TIBIX,0,30.2,15,Month-to-month,Bank transfer (automatic),DSL,0.4771454001,False
5778-BVOFB,0,59.5,9,Month-to-month,Bank transfer (automatic),DSL,0.4770976553,False
9089-UOWJG,0,58.35,12,Month-to-month,Credit card (automatic),DSL,0.4769420593,False
1100-DDVRV,0,49.8,17,Month-to-month,Mailed check,DSL,0.4768285864,False
6713-OKOMC,0,29.75,10,Month-to-month,Mailed check,DSL,0.4767890912,False
4883-QICIH,1,69.75,32,Month-to-month,Bank transfer (automatic),Fiber optic,0.4767096765,True
1074-AMIOH,0,108.25,53,Month-to-month,Bank transfer (automatic),Fiber optic,0.4765502259,False
5067-XJQFU,0,108.45,66,One year,Electronic check,Fiber optic,0.4762733628,False
1656-DRSMG,0,109.85,63,Month-to-month,Credit card (automatic),Fiber optic,0.4761992167,False
3890-RTCMS,0,49.45,16,Month-to-month,Mailed check,DSL,0.4759576564,False
2709-UQGNP,0,51.65,10,Month-to-month,Mailed check,DSL,0.4759275211,False
7893-IXHRQ,1,20.55,1,Month-to-month,Electronic check,No,0.4758727086,True
2219-MVUSO,1,45.15,8,Month-to-month,Mailed check,DSL,0.4758400286,True
2931-SVLTV,0,110.1,40,Month-to-month,Credit card (automatic),Fiber optic,0.4756753424,False
9700-ISPUP,0,65.5,10,Month-to-month,Electronic check,DSL,0.4755503145,False
6211-WHMYA,0,43.85,64,Month-to-month,Electronic check,DSL,0.4752958089,False
5515-IDEJJ,1,19.9,1,Month-to-month,Mailed check,No,0.4752820311,True
4097-YODCF,0,103.8,34,One year,Electronic check,Fiber optic,0.4752606863,False
5846-QFDFI,0,88.6,33,Month-to-month,Credit card (automatic),Fiber optic,0.4752119932,False
8562-GHPPI,0,19.8,1,Month-to-month,Credit card (automatic),No,0.4750465919,False
2957-LOLHO,1,45.4,12,Month-to-month,Bank transfer (automatic),DSL,0.474929207,True
7449-HVPIV,0,90.4,55,Month-to-month,Credit card (automatic),Fiber optic,0.4747905428,False
3132-TVFDZ,1,44.85,57,Month-to-month,Electronic check,DSL,0.4747836518,True
1855-AGAWH,0,93.8,31,One year,Electronic check,Fiber optic,0.4747091083,False
2115-BFTIW,1,70.95,25,Month-to-month,Mailed check,Fiber optic,0.4741635588,True
0880-FVFWF,0,86.4,56,Month-to-month,Electronic check,Fiber optic,0.474137318,False
0617-FHSGK,1,75.2,49,Month-to-month,Credit card (automatic),Fiber optic,0.4740128803,True
3424-NMNBO,1,108.85,58,One year,Electronic check,Fiber optic,0.4739088762,True
4607-CHPCA,1,90.4,25,One year,Electronic check,Fiber optic,0.4737500666,True
7549-MYGPK,1,100.55,63,Month-to-month,Electronic check,Fiber optic,0.4736511529,True
6507-DTJZV,0,66.4,13,Month-to-month,Credit card (automatic),DSL,0.4734366027,False
4250-ZBWLV,1,108.45,68,One year,Electronic check,Fiber optic,0.4733801702,True
8259-NFJTV,0,34.65,7,Month-to-month,Mailed check,DSL,0.4733603254,False
7876-BEUTG,0,48.8,15,Month-to-month,Mailed check,DSL,0.4733164137,False
5060-TQUQN,0,83.55,30,Month-to-month,Bank transfer (automatic),Fiber optic,0.4732948143,False
7895-VONWT,0,48.25,25,Month-to-month,Electronic check,DSL,0.4732149814,False
8198-RKSZG,0,80.45,14,Month-to-month,Credit card (automatic),DSL,0.4732092672,False
1853-ARAAQ,0,50.35,26,Month-to-month,Credit card (automatic),DSL,0.4731124992,False
0106-GHRQR,0,71.4,16,Month-to-month,Bank transfer (automatic),DSL,0.4730770515,False
4987-GQWPO,0,25.1,17,Month-to-month,Credit card (automatic),DSL,0.4730105399,False
2826-UWHIS,0,81.4,45,Month-to-month,Bank transfer (automatic),Fiber optic,0.4727317299,False
6917-YACBP,0,89.75,59,Month-to-month,Electronic check,Fiber optic,0.4725579606,False
0282-NVSJS,0,29.3,12,Month-to-month,Mailed check,DSL,0.4723337627,False
2272-JKMSI,0,110.8,62,One year,Electronic check,Fiber optic,0.4722165402,False
1193-RTSLK,1,83.9,38,Month-to-month,Credit card (automatic),Fiber optic,0.4714627701,True
2522-AHJXR,0,109.45,60,Month-to-month,Bank transfer (automatic),Fiber optic,0.4714221808,False
7148-XZPHA,0,79.4,55,Month-to-month,Electronic check,Fiber optic,0.4712992216,False
2220-IAHLS,0,19.4,1,Month-to-month,Credit card (automatic),No,0.470901986,False
0442-ZXKVS,0,115.6,54,One year,Bank transfer (automatic),Fiber optic,0.4708909665,False
4431-EDMIQ,0,75.7,7,Month-to-month,Electronic check,DSL,0.470675558,False
1356-MKYSK,0,78.65,6,Month-to-month,Credit card (automatic),DSL,0.4706361678,False
1228-FZFRV,1,105.95,50,Month-to-month,Credit card (automatic),Fiber optic,0.4703816678,True
0365-TRTPY,0,91.2,37,Month-to-month,Bank transfer (automatic),Fiber optic,0.4702183282,False
0487-RPVUM,0,99.4,61,Month-to-month,Bank transfer (automatic),Fiber optic,0.4702093596,False
6067-NGCEU,0,111.05,65,Month-to-month,Credit card (automatic),Fiber optic,0.469964257,False
5651-CPDND,0,46.0,10,Month-to-month,Mailed check,DSL,0.4696856085,False
6770-XUAGN,1,21.0,1,Month-to-month,Electronic check,No,0.4694684838,True
2806-MLNTI,0,105.1,52,One year,Bank transfer (automatic),Fiber optic,0.4692402364,False
5697-GOMBF,0,35.9,28,Month-to-month,Electronic check,DSL,0.4690112036,False
7128-GGCNO,0,72.8,46,Month-to-month,Bank transfer (automatic),Fiber optic,0.4687791115,False
7299-GNVPL,0,84.4,23,Month-to-month,Mailed check,Fiber optic,0.4685553681,False
0822-QGCXA,0,83.85,27,Month-to-month,Electronic check,DSL,0.4683395395,False
0913-XWSCN,0,85.5,55,Month-to-month,Bank transfer (automatic),Fiber optic,0.4682722616,False
6563-VNPMN,0,85.7,45,Month-to-month,Bank transfer (automatic),Fiber optic,0.4682593761,False
4138-NAXED,0,81.0,51,Month-to-month,Bank transfer (automatic),Fiber optic,0.4678295579,False
6029-CSMJE,0,25.65,17,Month-to-month,Mailed check,DSL,0.467678599,False
8979-CAMGB,0,102.1,64,One year,Electronic check,Fiber optic,0.4676151306,False
0691-NIKRI,0,105.95,40,One year,Credit card (automatic),Fiber optic,0.4674090492,False
5734-EJKXG,0,118.6,61,One year,Electronic check,Fiber optic,0.467391628,False
8620-RJPZN,0,20.7,1,Month-to-month,Electronic check,No,0.4671416836,False
3419-SNJJD,1,105.25,65,Month-to-month,Bank transfer (automatic),Fiber optic,0.4669602568,True
0899-WZRSD,0,105.35,56,Month-to-month,Mailed check,Fiber optic,0.4664852208,False
5154-VEKBL,1,58.5,9,Month-to-month,Mailed check,DSL,0.466241486,True
6689-VRRTK,0,109.8,44,One year,Credit card (automatic),Fiber optic,0.4658997538,False
7926-IJOOU,0,19.3,1,Month-to-month,Credit card (automatic),No,0.465858632,False
5149-TGWDZ,0,104.55,21,One year,Mailed check,Fiber optic,0.4658379762,False
7351-MHQVU,0,50.95,6,Month-to-month,Credit card (automatic),DSL,0.4656573094,False
4745-LSPLO,1,20.5,1,Month-to-month,Mailed check,No,0.4655559394,True
8023-QHAIO,0,76.85,56,Month-to-month,Bank transfer (automatic),Fiber optic,0.4655224401,False
7409-JURKQ,0,111.8,53,One year,Bank transfer (automatic),Fiber optic,0.4654641856,False
2037-XJFUP,1,95.8,33,One year,Electronic check,Fiber optic,0.4652736478,True
1862-SKORY,1,39.3,40,Month-to-month,Electronic check,DSL,0.4651824366,True
5336-UFNZP,0,107.45,65,One year,Electronic check,Fiber optic,0.464945589,False
2782-LFZVW,0,58.95,11,Month-to-month,Mailed check,DSL,0.4649229478,False
2267-WTPYD,0,94.0,57,Month-to-month,Credit card (automatic),Fiber optic,0.4648727762,False
6655-LHBYW,0,114.35,50,One year,Credit card (automatic),Fiber optic,0.4648710501,False
5568-DMXZS,0,65.45,8,Month-to-month,Electronic check,DSL,0.4647299126,False
0191-ZHSKZ,0,74.75,30,Month-to-month,Electronic check,DSL,0.4645427975,False
2239-JALAW,1,103.25,58,One year,Bank transfer (automatic),Fiber optic,0.464186897,True
8623-ULFNQ,0,66.05,26,Month-to-month,Electronic check,DSL,0.4638874765,False
0100-DUVFC,0,104.8,70,One year,Electronic check,Fiber optic,0.4634083129,False
5649-VUKMC,1,95.5,12,One year,Mailed check,Fiber optic,0.4631609015,True
1803-BGNBD,0,54.3,12,Month-to-month,Electronic check,DSL,0.4631182623,False
9943-VSZUV,0,75.7,67,Month-to-month,Mailed check,Fiber optic,0.4631154636,False
6633-SYEUS,0,83.2,23,Month-to-month,Bank transfer (automatic),Fiber optic,0.4629732929,False
3345-PBBFH,0,49.55,8,Month-to-month,Bank transfer (automatic),DSL,0.4625866616,False
1113-IUJYX,1,105.95,14,One year,Mailed check,Fiber optic,0.4625766904,True
9396-ZSFLL,0,48.85,15,Month-to-month,Mailed check,DSL,0.4623614446,False
2931-FSOHN,0,59.9,13,Month-to-month,Electronic check,DSL,0.4620331089,False
0239-OXEXL,0,84.25,46,Month-to-month,Mailed check,Fiber optic,0.4619709036,False
1110-KYLGQ,0,108.25,63,Month-to-month,Credit card (automatic),Fiber optic,0.461716386,False
0003-MKNFE,0,59.9,9,Month-to-month,Mailed check,DSL,0.4616794475,False
9708-KFDBY,0,20.55,1,Month-to-month,Credit card (automatic),No,0.4615127495,False
1644-IRKSF,1,93.8,33,One year,Electronic check,Fiber optic,0.4607199653,True
2346-DJQTB,0,24.15,35,Month-to-month,Electronic check,DSL,0.4605805171,False
0356-ERHVT,0,45.9,11,Month-to-month,Bank transfer (automatic),DSL,0.4604025296,False
2195-VVRJF,0,59.1,18,Month-to-month,Credit card (automatic),DSL,0.4603436059,False
5206-HPJKM,0,55.5,17,Month-to-month,Credit card (automatic),DSL,0.4599845734,False
1432-FPAXX,1,30.6,29,Month-to-month,Electronic check,DSL,0.4590080552,True
3528-HFRIQ,0,52.3,71,Month-to-month,Bank transfer (automatic),DSL,0.458938224,False
5527-ACHSO,0,70.5,11,Month-to-month,Mailed check,DSL,0.4588124751,False
1848-LBZHY,0,50.3,7,Month-to-month,Bank transfer (automatic),DSL,0.4587778959,False
2625-TRCZQ,0,49.65,51,Month-to-month,Electronic check,DSL,0.4585204594,False
2257-BOVXD,0,66.6,14,Month-to-month,Credit card (automatic),DSL,0.4582942056,False
8033-VCZGH,0,103.95,50,One year,Electronic check,Fiber optic,0.4582067815,False
6345-HOVES,0,25.05,34,Month-to-month,Bank transfer (automatic),DSL,0.4581976381,False
5311-IHLEI,0,50.95,12,Month-to-month,Bank transfer (automatic),DSL,0.4579930094,False
8229-MYEJZ,0,51.2,10,Month-to-month,Electronic check,DSL,0.4578978703,False
4012-ZTHBR,0,44.95,21,Month-to-month,Electronic check,DSL,0.4578188894,False
7486-KSRVI,1,100.0,43,One year,Electronic check,Fiber optic,0.4577472964,True
8868-GAGIO,0,84.55,45,Month-to-month,Mailed check,Fiber optic,0.4576856306,False
4360-QRAVE,0,36.65,37,Month-to-month,Electronic check,DSL,0.4573963714,False
6859-RKMZJ,0,55.05,11,Month-to-month,Bank transfer (automatic),DSL,0.4572363405,False
2207-OBZNX,1,51.0,7,Month-to-month,Mailed check,DSL,0.4571996888,True
8547-NSBBO,0,96.75,35,Month-to-month,Mailed check,Fiber optic,0.4570656458,False
7047-FWEYA,0,103.15,46,One year,Electronic check,Fiber optic,0.4569077562,False
9323-HGFWY,0,101.9,27,One year,Credit card (automatic),Fiber optic,0.4568889173,False
9415-TPKRV,0,55.75,8,Month-to-month,Electronic check,DSL,0.4568320822,False
8677-HDZEE,0,105.45,56,Month-to-month,Bank transfer (automatic),Fiber optic,0.4568034512,False
7694-VLBWQ,1,104.1,67,One year,Electronic check,Fiber optic,0.4567981294,True
0314-TKOSI,0,55.15,6,Month-to-month,Mailed check,DSL,0.4567506021,False
2988-PLAHS,0,69.95,3,One year,Electronic check,DSL,0.4563473076,False
3763-GCZHZ,1,104.05,66,One year,Electronic check,Fiber optic,0.4562115636,True
0222-CNVPT,0,48.8,52,Month-to-month,Credit card (automatic),DSL,0.4561916356,False
3256-EZDBI,0,29.45,51,Month-to-month,Credit card (automatic),DSL,0.4561894626,False
1169-SAOCL,0,106.65,49,One year,Bank transfer (automatic),Fiber optic,0.45618261,False
7251-LJBQN,0,103.75,40,One year,Credit card (automatic),Fiber optic,0.4560954435,False
9780-FKVVF,0,59.15,6,Month-to-month,Bank transfer (automatic),DSL,0.4560117865,False
7203-OYKCT,0,104.95,72,One year,Electronic check,Fiber optic,0.4560014645,False
9381-NDKME,1,40.65,24,Month-to-month,Credit card (automatic),DSL,0.4559696828,True
6313-GIDIT,1,54.45,53,Month-to-month,Electronic check,DSL,0.4557898409,True
1465-LNTLJ,0,64.4,8,Month-to-month,Credit card (automatic),DSL,0.4557860873,False
2604-XVDAM,0,43.8,12,Month-to-month,Bank transfer (automatic),DSL,0.4555155701,False
5131-PONJI,0,90.4,49,Month-to-month,Credit card (automatic),Fiber optic,0.4554413076,False
4250-FDVOU,1,56.25,6,Month-to-month,Electronic check,DSL,0.4552987973,True
4459-BBGHE,0,44.5,30,Month-to-month,Electronic check,DSL,0.4551706758,False
9057-MSWCO,1,30.75,27,Month-to-month,Credit card (automatic),DSL,0.4551418348,True
9835-ZIITK,1,110.85,66,One year,Electronic check,Fiber optic,0.4549383888,True
9142-KZXOP,0,68.85,44,Month-to-month,Credit card (automatic),Fiber optic,0.4546728523,False
6217-TOWGS,0,75.4,17,Month-to-month,Bank transfer (automatic),DSL,0.4546408959,False
1051-GEJLJ,0,19.5,2,Month-to-month,Mailed check,No,0.4545292416,False
9578-VRMNM,1,65.2,16,Month-to-month,Credit card (automatic),DSL,0.454521033,True
5924-IFQTT,0,72.8,13,Month-to-month,Electronic check,DSL,0.4542355348,False
2576-HXMPA,0,19.55,1,Month-to-month,Credit card (automatic),No,0.4542333789,False
4524-QCSSM,0,44.65,26,Month-to-month,Bank transfer (automatic),DSL,0.4540460266,False
0327-WFZSY,0,100.0,39,One year,Electronic check,Fiber optic,0.4539975453,False
5482-NUPNA,1,60.4,4,Month-to-month,Mailed check,DSL,0.4538919834,True
2985-JUUBZ,0,74.55,40,Month-to-month,Electronic check,DSL,0.4537260948,False
8111-BKVDS,0,40.7,10,Month-to-month,Bank transfer (automatic),DSL,0.4535403209,False
5732-IKGQH,0,104.45,52,One year,Bank transfer (automatic),Fiber optic,0.4533537787,False
2252-JHJGE,0,104.0,61,One year,Electronic check,Fiber optic,0.453252293,False
0639-TSIQW,1,102.95,67,Month-to-month,Credit card (automatic),Fiber optic,0.4531548006,True
6284-KMNUF,0,98.0,56,One year,Electronic check,Fiber optic,0.4530425897,False
9896-UYMIE,0,114.3,66,One year,Bank transfer (automatic),Fiber optic,0.452866801,False
9701-CDXHR,0,69.15,51,Month-to-month,Mailed check,Fiber optic,0.4526456487,False
7909-FIOIY,0,24.85,19,Month-to-month,Mailed check,DSL,0.4525914113,False
0228-MAUWC,0,59.55,19,Month-to-month,Electronic check,DSL,0.4525373085,False
1061-PNTHC,0,109.6,56,Month-to-month,Mailed check,Fiber optic,0.4524628094,False
8961-QDZZJ,0,95.0,57,One year,Electronic check,Fiber optic,0.4523122294,False
5136-GFPMB,0,89.4,54,Month-to-month,Credit card (automatic),Fiber optic,0.4522210194,False
9103-TCIHJ,1,55.7,15,Month-to-month,Mailed check,DSL,0.4520931254,True
2011-TRQYE,1,33.5,18,Month-to-month,Credit card (automatic),DSL,0.4520552354,True
0237-YFUTL,0,109.65,50,Month-to-month,Bank transfer (automatic),Fiber optic,0.4517710239,False
1502-XFCVR,1,106.45,58,One year,Electronic check,Fiber optic,0.4514465939,True
2325-WINES,0,104.05,32,One year,Credit card (automatic),Fiber optic,0.4513112204,False
7950-XWOVN,0,34.7,11,Month-to-month,Mailed check,DSL,0.4513085,False
4525-VZCZG,0,105.85,54,One year,Electronic check,Fiber optic,0.4512897481,False
2716-GFZOR,0,86.1,43,Month-to-month,Credit card (automatic),Fiber optic,0.4511768423,False
4109-CYRBD,0,51.6,29,Month-to-month,Electronic check,DSL,0.4509538845,False
9327-QSDED,0,43.55,8,Month-to-month,Mailed check,DSL,0.4508631651,False
8920-NAVAY,0,110.75,62,One year,Bank transfer (automatic),Fiber optic,0.4504807838,False
1261-FWTTE,0,34.65,23,Month-to-month,Bank transfer (automatic),DSL,0.4504524037,False
5843-TTHGI,0,50.0,18,Month-to-month,Mailed check,DSL,0.4503031509,False
3173-NVMPX,0,55.3,9,Month-to-month,Mailed check,DSL,0.4501216293,False
9402-CXWPL,0,98.9,70,One year,Electronic check,Fiber optic,0.449671742,False
0471-ARVMX,0,104.85,62,One year,Electronic check,Fiber optic,0.4495728601,False
5701-SVCWR,0,24.0,1,Month-to-month,Mailed check,No,0.4494445411,False
8791-GFXLZ,0,49.05,12,Month-to-month,Bank transfer (automatic),DSL,0.4493548031,False
4789-KWMXN,1,110.85,47,One year,Credit card (automatic),Fiber optic,0.4493263879,True
4628-CTTLA,1,39.3,57,Month-to-month,Electronic check,DSL,0.4488661615,True
4710-NKCAW,0,64.4,5,Month-to-month,Credit card (automatic),DSL,0.4485307783,False
6050-IJRHS,0,106.5,70,One year,Electronic check,Fiber optic,0.4485011753,False
8267-ZNYVZ,1,103.75,33,One year,Electronic check,Fiber optic,0.4482992308,True
1629-DQQVB,0,50.1,14,Month-to-month,Bank transfer (automatic),DSL,0.4480362105,False
7530-HDYDS,1,84.25,38,Month-to-month,Credit card (automatic),Fiber optic,0.4479383674,True
5309-TAIKL,0,62.8,7,Month-to-month,Bank transfer (automatic),DSL,0.4477595807,False
4450-MDZFX,0,74.35,60,Month-to-month,Bank transfer (automatic),Fiber optic,0.4477243886,False
2565-JSLRY,1,24.05,1,Month-to-month,Mailed check,No,0.44768294,True
4480-MBMLB,0,104.8,36,One year,Bank transfer (automatic),Fiber optic,0.4472717971,False
4567-AKPIA,0,109.1,41,One year,Bank transfer (automatic),Fiber optic,0.4472698233,False
9254-RBFON,1,98.6,17,One year,Bank transfer (automatic),Fiber optic,0.4469651135,True
8189-HBVRW,0,90.8,53,Month-to-month,Electronic check,Fiber optic,0.4467279545,False
7821-DPRQE,0,107.7,68,Month-to-month,Electronic check,Fiber optic,0.4466582534,False
2267-FPIMA,0,94.4,50,Month-to-month,Credit card (automatic),Fiber optic,0.4464740903,False
8982-NHAVY,0,100.5,27,One year,Bank transfer (automatic),Fiber optic,0.4463112335,False
1357-BIJKI,0,98.25,50,One year,Electronic check,Fiber optic,0.4461230002,False
4456-RHSNB,0,49.6,19,Month-to-month,Bank transfer (automatic),DSL,0.4460665548,False
3164-AALRN,1,70.0,5,One year,Mailed check,DSL,0.4459742312,True
5334-JLAXU,0,94.1,60,Month-to-month,Credit card (automatic),Fiber optic,0.4458796399,False
4226-KKDON,0,66.65,8,Month-to-month,Electronic check,DSL,0.4458038682,False
0274-JKUJR,0,58.85,7,Month-to-month,Mailed check,DSL,0.4455921926,False
5827-MWCZK,0,96.95,56,Month-to-month,Credit card (automatic),Fiber optic,0.4455528373,False
7551-DACSP,1,55.3,6,Month-to-month,Mailed check,DSL,0.4455000334,True
3733-ZEECP,0,51.1,22,Month-to-month,Electronic check,DSL,0.4453058189,False
5056-FIMPT,0,106.0,43,One year,Credit card (automatic),Fiber optic,0.4452215365,False
4608-LCIMN,0,44.65,8,Month-to-month,Bank transfer (automatic),DSL,0.4449808327,False
4123-FCVCB,0,75.85,12,One year,Mailed check,DSL,0.4449578649,False
5325-UWTWJ,0,90.55,31,Month-to-month,Credit card (automatic),Fiber optic,0.4448561086,False
6473-ULUHT,0,84.9,16,Month-to-month,Electronic check,DSL,0.4448555941,False
5057-LCOUI,1,50.75,39,Month-to-month,Electronic check,DSL,0.4445939542,True
2293-IJWPS,0,100.75,57,One year,Credit card (automatic),Fiber optic,0.4444572578,False
2937-FTHUR,0,64.8,18,Month-to-month,Electronic check,DSL,0.4442104129,False
7064-FRRSW,0,99.0,48,One year,Electronic check,Fiber optic,0.4440068018,False
8896-BQTTI,0,25.0,1,Month-to-month,Mailed check,No,0.4439297065,False
9651-GTSAQ,1,106.1,53,One year,Bank transfer (automatic),Fiber optic,0.4432257961,True
0080-OROZO,0,99.25,35,One year,Electronic check,Fiber optic,0.4430490518,False
5802-ADBRC,0,104.4,50,One year,Mailed check,Fiber optic,0.4428540679,False
3199-NPKCN,0,111.25,67,One year,Electronic check,Fiber optic,0.4428314172,False
3566-VVORZ,0,45.9,12,Month-to-month,Bank transfer (automatic),DSL,0.4428146519,False
9036-CSKBW,0,107.45,51,One year,Bank transfer (automatic),Fiber optic,0.4428069538,False
1984-FCOWB,1,109.5,70,One year,Electronic check,Fiber optic,0.44275543,True
2924-KHUVI,0,100.55,56,One year,Electronic check,Fiber optic,0.4424921961,False
1591-NFNLQ,1,80.0,51,Month-to-month,Credit card (automatic),Fiber optic,0.4424894881,True
9705-IOVQQ,0,99.0,61,One year,Electronic check,Fiber optic,0.4423373631,False
3128-YOVTD,0,79.15,51,Month-to-month,Bank transfer (automatic),Fiber optic,0.4421588205,False
4177-JPDFU,0,34.0,12,Month-to-month,Mailed check,DSL,0.4419349492,False
8444-WRIDW,1,80.45,66,Month-to-month,Credit card (automatic),Fiber optic,0.4418986397,True
1436-ZMJAN,0,67.8,10,Month-to-month,Credit card (automatic),DSL,0.4416026007,False
4282-MSACW,0,117.2,68,One year,Credit card (automatic),Fiber optic,0.4415793669,False
6791-YBNAK,0,25.55,18,Month-to-month,Credit card (automatic),DSL,0.441573018,False
2480-EJWYP,0,97.8,58,One year,Bank transfer (automatic),Fiber optic,0.4411822282,False
2172-EJXVF,0,105.9,71,One year,Electronic check,Fiber optic,0.4411109736,False
6664-FPDAC,1,111.95,56,One year,Electronic check,Fiber optic,0.4410923189,True
1596-OQSPS,0,51.1,11,Month-to-month,Electronic check,DSL,0.4409927038,False
3982-DQLUS,0,85.75,65,Month-to-month,Electronic check,Fiber optic,0.4409154773,False
0550-DCXLH,0,73.35,13,Month-to-month,Mailed check,DSL,0.4406748306,False
8985-OOPOS,0,74.1,1,One year,Credit card (automatic),DSL,0.4406647813,False
9489-UTFKA,0,60.9,8,Month-to-month,Bank transfer (automatic),DSL,0.4406561886,False
2080-SRCDE,0,25.4,1,Month-to-month,Mailed check,No,0.4405307194,False
5651-WYIPH,0,49.85,18,Month-to-month,Credit card (automatic),DSL,0.4403575937,False
6486-LHTMA,0,90.7,31,One year,Electronic check,Fiber optic,0.4400030785,False
9643-YBLUR,0,69.05,9,Month-to-month,Credit card (automatic),DSL,0.4396272894,False
2722-VOJQL,1,105.65,64,One year,Credit card (automatic),Fiber optic,0.4395023893,True
5639-NTUPK,0,52.1,13,Month-to-month,Credit card (automatic),DSL,0.4394990176,False
3803-KMQFW,1,20.55,1,Month-to-month,Mailed check,No,0.439385302,True
3845-FXCYS,0,19.65,2,Month-to-month,Electronic check,No,0.4392669106,False
9249-FXSCK,1,111.25,52,One year,Credit card (automatic),Fiber optic,0.4389818142,True
2452-SNHFZ,0,75.45,47,Month-to-month,Credit card (automatic),Fiber optic,0.4385500504,False
9052-VKDUW,0,109.4,65,Month-to-month,Credit card (automatic),Fiber optic,0.4384176615,False
7766-CLTIC,0,60.95,10,Month-to-month,Mailed check,DSL,0.4383113928,False
6341-AEVKX,0,104.3,62,One year,Electronic check,Fiber optic,0.4381454767,False
3325-FUYCG,1,106.1,28,One year,Electronic check,Fiber optic,0.4381225557,True
4118-CEVPF,0,110.8,35,One year,Bank transfer (automatic),Fiber optic,0.4378637614,False
4612-THJBS,1,104.75,56,One year,Bank transfer (automatic),Fiber optic,0.4377394774,True
1335-HQMKX,0,101.35,72,One year,Electronic check,Fiber optic,0.4371693376,False
0991-BRRFB,1,49.4,18,Month-to-month,Electronic check,DSL,0.4370532989,True
4190-MFLUW,1,55.2,10,Month-to-month,Credit card (automatic),DSL,0.4370004952,True
4402-FTBXC,0,89.8,54,Month-to-month,Mailed check,Fiber optic,0.4369958785,False
2270-CHBFN,0,95.1,44,Month-to-month,Credit card (automatic),Fiber optic,0.4369643842,False
7251-XFOIL,0,89.2,61,Month-to-month,Mailed check,Fiber optic,0.4369378381,False
2189-UXTKY,1,79.2,22,Month-to-month,Electronic check,DSL,0.4367718212,True
5186-EJEGL,0,69.5,9,Month-to-month,Mailed check,DSL,0.4367457061,False
8735-DCXNF,0,54.95,10,Month-to-month,Credit card (automatic),DSL,0.4366193055,False
1698-XFZCI,0,107.75,61,One year,Electronic check,Fiber optic,0.4364973559,False
1174-FGIFN,0,90.45,28,One year,Electronic check,Fiber optic,0.4364961635,False
1867-TJHTS,0,79.8,58,Month-to-month,Bank transfer (automatic),Fiber optic,0.4364699471,False
0330-BGYZE,0,102.5,60,One year,Bank transfer (automatic),Fiber optic,0.4364468138,False
0512-FLFDW,0,100.5,60,One year,Credit card (automatic),Fiber optic,0.4362074348,False
6728-VOIFY,0,96.0,63,One year,Electronic check,Fiber optic,0.4361153718,False
5440-VHLUL,0,105.2,69,One year,Bank transfer (automatic),Fiber optic,0.4360823976,False
0406-BPDVR,1,101.5,54,One year,Credit card (automatic),Fiber optic,0.4359902066,True
3307-TLCUD,0,34.4,17,Month-to-month,Mailed check,DSL,0.4358226708,False
3886-CERTZ,1,109.25,72,One year,Electronic check,Fiber optic,0.4355690915,True
5553-AOINX,0,104.9,66,One year,Electronic check,Fiber optic,0.4352720054,False
2408-TZMJL,1,110.15,59,One year,Electronic check,Fiber optic,0.4351801791,True
9572-MTILT,1,106.75,59,Month-to-month,Electronic check,Fiber optic,0.4349556185,True
0621-HJWXJ,0,81.55,63,Month-to-month,Bank transfer (automatic),Fiber optic,0.4348590871,False
7632-MNYOY,1,110.9,66,One year,Credit card (automatic),Fiber optic,0.4348404233,True
5074-FBGHB,0,104.65,64,One year,Credit card (automatic),Fiber optic,0.4344169752,False
2828-SLQPF,0,45.0,19,Month-to-month,Bank transfer (automatic),DSL,0.4336431266,False
3701-SFMUH,0,69.7,7,Month-to-month,Credit card (automatic),DSL,0.43351312,False
7989-VCQOH,0,83.25,18,Month-to-month,Electronic check,DSL,0.433469007,False
3272-VUHPV,0,56.3,8,Month-to-month,Bank transfer (automatic),DSL,0.4334643019,False
5287-QWLKY,1,105.1,71,Month-to-month,Credit card (automatic),Fiber optic,0.4332909648,True
5073-WXOYN,1,50.8,60,Month-to-month,Electronic check,DSL,0.4332586786,True
6773-LQTVT,0,35.65,29,Month-to-month,Mailed check,DSL,0.4331789528,False
8182-PNAGI,1,50.25,12,Month-to-month,Bank transfer (automatic),DSL,0.4330178287,True
9614-RMGHA,1,91.85,65,Month-to-month,Bank transfer (automatic),Fiber optic,0.4329677798,True
6480-YAGIY,0,112.2,45,One year,Credit card (automatic),Fiber optic,0.432480013,False
4695-VADHF,1,57.45,18,Month-to-month,Electronic check,DSL,0.4324593882,True
4324-BZCKL,0,55.55,10,Month-to-month,Mailed check,DSL,0.4323834038,False
7459-RRWQZ,1,64.65,15,Month-to-month,Bank transfer (automatic),DSL,0.4321670495,True
7446-YPODE,0,60.25,11,Month-to-month,Bank transfer (automatic),DSL,0.4321380409,False
8706-HRADD,0,43.55,21,Month-to-month,Mailed check,DSL,0.4320734096,False
3445-HXXGF,1,45.3,58,Month-to-month,Electronic check,DSL,0.4320158116,True
4672-FOTSD,0,67.25,12,Month-to-month,Electronic check,DSL,0.4320049567,False
9828-QHFBK,0,51.15,24,Month-to-month,Electronic check,DSL,0.4319860961,False
4374-YMUSQ,0,116.25,34,One year,Credit card (automatic),Fiber optic,0.4319264857,False
8735-IJJEG,0,50.2,14,Month-to-month,Credit card (automatic),DSL,0.4319183288,False
7797-EJMDP,0,66.05,8,Month-to-month,Bank transfer (automatic),DSL,0.4316844675,False
0877-SDMBN,1,103.95,54,One year,Bank transfer (automatic),Fiber optic,0.4316437815,True
0103-CSITQ,0,109.4,57,One year,Bank transfer (automatic),Fiber optic,0.4315147748,False
1353-LJWEM,0,60.9,11,Month-to-month,Electronic check,DSL,0.4314712646,False
9659-ZTWSM,0,107.35,66,One year,Bank transfer (automatic),Fiber optic,0.4313750904,False
1049-FYSYG,0,35.65,17,Month-to-month,Credit card (automatic),DSL,0.4312618751,False
6476-YHMGA,0,76.5,15,Month-to-month,Bank transfer (automatic),DSL,0.431081859,False
4925-LMHOK,1,58.6,15,Month-to-month,Credit card (automatic),DSL,0.4308445342,True
8421-WZOOW,0,95.3,57,Month-to-month,Credit card (automatic),Fiber optic,0.4307660489,False
9820-RMCQV,1,48.55,11,Month-to-month,Credit card (automatic),DSL,0.4306618905,True
8070-AAWZP,0,34.25,24,Month-to-month,Mailed check,DSL,0.4302952046,False
2886-KEFUM,1,107.5,63,One year,Electronic check,Fiber optic,0.4300953306,True
7103-IPXPJ,0,99.4,50,One year,Electronic check,Fiber optic,0.4300326914,False
4472-VESGY,0,98.15,52,Month-to-month,Bank transfer (automatic),Fiber optic,0.429958057,False
3255-GRXMG,0,45.65,18,Month-to-month,Credit card (automatic),DSL,0.4298677017,False
8495-LJDFO,0,108.95,64,Month-to-month,Bank transfer (automatic),Fiber optic,0.4297445702,False
7989-AWGEH,0,39.2,49,Month-to-month,Electronic check,DSL,0.4294117088,False
4194-WHFCB,0,96.65,59,Month-to-month,Bank transfer (automatic),Fiber optic,0.4291191496,False
8980-WQFWL,0,62.1,35,Month-to-month,Electronic check,DSL,0.4290939522,False
4132-POCZS,0,39.9,52,Month-to-month,Electronic check,DSL,0.4289672155,False
5981-ZVXOT,0,108.35,35,One year,Electronic check,Fiber optic,0.4287379349,False
6647-ZEDXT,0,110.45,30,One year,Credit card (automatic),Fiber optic,0.428716388,False
9350-VLHMB,0,89.55,67,Month-to-month,Bank transfer (automatic),Fiber optic,0.4287025449,False
6198-PNNSZ,0,109.8,56,One year,Bank transfer (automatic),Fiber optic,0.4286300585,False
2560-PPCHE,0,105.05,65,One year,Bank transfer (automatic),Fiber optic,0.4283514143,False
3873-NFTGI,0,55.5,14,Month-to-month,Credit card (automatic),DSL,0.4283056108,False
7879-CGSFV,0,100.9,55,One year,Mailed check,Fiber optic,0.4282514577,False
5136-KCKGI,1,103.7,33,One year,Mailed check,Fiber optic,0.4282348601,True
2796-UUZZO,0,80.3,63,Month-to-month,Credit card (automatic),Fiber optic,0.428139023,False
0939-EREMR,0,53.45,13,Month-to-month,Mailed check,DSL,0.4280693082,False
7622-NXQZR,0,30.1,28,Month-to-month,Credit card (automatic),DSL,0.4278807898,False
2403-BCASL,1,111.95,41,One year,Electronic check,Fiber optic,0.4276612524,True
2165-VOEGB,1,105.2,46,One year,Bank transfer (automatic),Fiber optic,0.4275606722,True
3629-WEAAM,0,64.1,8,Month-to-month,Mailed check,DSL,0.4274737729,False
9795-VOWON,0,24.35,7,One year,Credit card (automatic),DSL,0.427103473,False
2659-VXMWZ,1,111.3,67,One year,Electronic check,Fiber optic,0.4270575275,True
4868-AADLV,0,116.25,66,One year,Electronic check,Fiber optic,0.4268809361,False
0206-TBWLC,0,114.65,54,One year,Mailed check,Fiber optic,0.4267909096,False
7319-VENRZ,0,64.3,7,Month-to-month,Bank transfer (automatic),DSL,0.4266004785,False
8901-HJXTF,1,29.2,12,Month-to-month,Mailed check,DSL,0.4263588577,True
8967-SZQAS,0,50.45,14,Month-to-month,Electronic check,DSL,0.425654987,False
2279-AXJJK,0,95.65,52,Month-to-month,Credit card (automatic),Fiber optic,0.425652367,False
1202-KKGFU,0,54.2,12,Month-to-month,Bank transfer (automatic),DSL,0.4255036045,False
4280-DLSHD,0,54.75,8,Month-to-month,Mailed check,DSL,0.4253312457,False
8375-KVTHK,0,100.3,68,One year,Electronic check,Fiber optic,0.425309461,False
8952-WCVCD,0,104.45,41,One year,Bank transfer (automatic),Fiber optic,0.425292826,False
6854-EXGSF,0,65.5,8,Month-to-month,Bank transfer (automatic),DSL,0.4252801759,False
4753-PADAS,0,105.7,67,One year,Bank transfer (automatic),Fiber optic,0.4250561736,False
3016-KSVCP,0,33.75,29,Month-to-month,Mailed check,DSL,0.4249408998,False
8257-RZAHR,1,64.7,14,Month-to-month,Bank transfer (automatic),DSL,0.4248880916,True
9839-ETQOE,0,40.45,43,Month-to-month,Electronic check,DSL,0.4245248857,False
5945-AZYHT,0,109.6,71,One year,Electronic check,Fiber optic,0.4244211564,False
6952-OMNWB,0,80.35,68,Month-to-month,Credit card (automatic),Fiber optic,0.4243147997,False
2750-BJLSB,0,103.7,47,One year,Electronic check,Fiber optic,0.424041123,False
7130-CTCUS,0,54.55,16,Month-to-month,Bank transfer (automatic),DSL,0.4240370539,False
9058-HRZSV,0,94.4,65,Month-to-month,Electronic check,Fiber optic,0.4238330377,False
1217-VASWC,0,100.55,43,One year,Bank transfer (automatic),Fiber optic,0.4237314494,False
0348-SDKOL,1,102.1,58,Month-to-month,Credit card (automatic),Fiber optic,0.4237096676,True
5469-CTCWN,1,106.0,61,One year,Electronic check,Fiber optic,0.423558738,True
9099-FTUHS,0,54.4,23,Month-to-month,Electronic check,DSL,0.4234871028,False
7109-MFBYV,0,45.45,26,Month-to-month,Electronic check,DSL,0.4233440279,False
4619-EVPHY,0,91.0,20,One year,Bank transfer (automatic),Fiber optic,0.4233170008,False
6627-CFOSN,0,99.45,59,Month-to-month,Bank transfer (automatic),Fiber optic,0.4232387638,False
3680-CTHUH,0,116.6,60,One year,Credit card (automatic),Fiber optic,0.4232017444,False
6874-SGLHU,0,97.0,30,One year,Bank transfer (automatic),Fiber optic,0.4231578661,False
0431-APWVY,1,90.1,28,One year,Bank transfer (automatic),Fiber optic,0.4229315503,True
8095-WANWK,0,45.25,10,Month-to-month,Mailed check,DSL,0.4228256086,False
9833-TGFHX,0,97.1,42,One year,Electronic check,Fiber optic,0.4227653455,False
3756-VNWDH,0,100.75,65,One year,Electronic check,Fiber optic,0.4223090949,False
6344-SFJVH,0,24.9,20,Month-to-month,Credit card (automatic),DSL,0.4221397267,False
1410-RSCMR,0,71.35,7,Month-to-month,Credit card (automatic),DSL,0.4220675232,False
0130-SXOUN,0,89.4,66,Month-to-month,Credit card (automatic),Fiber optic,0.4218599418,False
5701-ZIKJE,0,50.55,13,Month-to-month,Mailed check,DSL,0.421768085,False
8148-BPLZQ,0,49.8,34,Month-to-month,Electronic check,DSL,0.4214214425,False
0691-IFBQW,1,110.0,46,One year,Electronic check,Fiber optic,0.4209305299,True
4832-VRBMR,0,103.15,65,One year,Bank transfer (automatic),Fiber optic,0.420620991,False
5730-RIITO,0,33.45,43,Month-to-month,Credit card (automatic),DSL,0.4205717057,False
6483-OATDN,0,51.3,8,Month-to-month,Credit card (automatic),DSL,0.4203432034,False
3190-XFANI,1,100.6,49,One year,Bank transfer (automatic),Fiber optic,0.4202830965,True
5443-SCMKX,0,94.3,58,One year,Electronic check,Fiber optic,0.4199118203,False
1357-MVDOZ,0,59.65,11,Month-to-month,Bank transfer (automatic),DSL,0.41980718,False
3030-YZADT,1,44.95,9,Month-to-month,Mailed check,DSL,0.4196582461,True
6128-DAFVY,0,44.85,56,Month-to-month,Credit card (automatic),DSL,0.4195559406,False
0186-CAERR,0,116.3,71,One year,Bank transfer (automatic),Fiber optic,0.4194750839,False
9522-BNTHX,0,56.25,34,Month-to-month,Electronic check,DSL,0.4194424927,False
7041-TXQJH,0,40.2,37,Month-to-month,Credit card (automatic),DSL,0.4193834813,False
1950-KSVVJ,0,113.3,45,One year,Mailed check,Fiber optic,0.4191835419,False
4833-QTJNO,0,83.85,67,Month-to-month,Bank transfer (automatic),Fiber optic,0.4188153403,False
4685-ERGHK,0,86.9,57,One year,Electronic check,Fiber optic,0.4186779163,False
8049-WJCLQ,0,60.2,10,Month-to-month,Mailed check,DSL,0.4185105816,False
2586-CWXVV,0,30.4,54,Month-to-month,Electronic check,DSL,0.4182484228,False
2623-DRYAM,0,101.75,70,One year,Electronic check,Fiber optic,0.4179306312,False
3999-WRNGR,0,49.75,60,Month-to-month,Electronic check,DSL,0.4178368234,False
1485-YDHMM,0,93.25,52,Month-to-month,Bank transfer (automatic),Fiber optic,0.4174152637,False
5285-MVEHD,0,105.6,56,One year,Credit card (automatic),Fiber optic,0.4173679128,False
0058-EVZWM,0,89.8,55,Month-to-month,Bank transfer (automatic),Fiber optic,0.4172309867,False
8904-OPDCK,0,24.95,54,Month-to-month,Bank transfer (automatic),DSL,0.4170406001,False
9097-ZUBYC,0,48.8,14,Month-to-month,Bank transfer (automatic),DSL,0.4169684183,False
0701-TJSEF,0,68.25,9,Month-to-month,Bank transfer (automatic),DSL,0.4162727358,False
9233-PSYHO,0,100.15,45,One year,Bank transfer (automatic),Fiber optic,0.4159592989,False
4827-USJHP,0,51.8,20,Month-to-month,Mailed check,DSL,0.4158218373,False
5921-NGYRH,0,73.55,64,Month-to-month,Mailed check,Fiber optic,0.4158193148,False
4712-AUQZO,0,33.6,18,Month-to-month,Mailed check,DSL,0.4154547669,False
8201-AAXCB,0,60.35,25,Month-to-month,Electronic check,DSL,0.4153939357,False
9825-YCXWZ,0,101.1,41,One year,Bank transfer (automatic),Fiber optic,0.4153910389,False
5136-RGMZO,0,71.05,31,Month-to-month,Electronic check,DSL,0.4153644205,False
4905-JEFDW,1,41.6,11,One year,Electronic check,DSL,0.4149848632,True
7799-DSEWS,0,68.35,18,Month-to-month,Electronic check,DSL,0.4145641688,False
4819-HJPIW,0,25.15,18,Month-to-month,Mailed check,DSL,0.4145512838,False
4184-VODJZ,0,91.35,63,One year,Electronic check,Fiber optic,0.4145285894,False
7639-SUPCW,1,48.8,22,Month-to-month,Credit card (automatic),DSL,0.4144255415,True
7188-CBBBA,0,95.5,65,One year,Electronic check,Fiber optic,0.4143526902,False
3948-FVVRP,0,54.8,9,Month-to-month,Mailed check,DSL,0.4141623371,False
6599-GZWCM,0,74.65,13,One year,Mailed check,Fiber optic,0.4141056849,False
2157-MXBJS,1,75.3,13,One year,Mailed check,DSL,0.4140635136,True
2927-QRRQV,0,94.65,46,One year,Electronic check,Fiber optic,0.414043532,False
8878-RYUKI,0,59.45,52,Month-to-month,Electronic check,DSL,0.4136618441,False
4816-OKWNX,0,103.4,50,One year,Bank transfer (automatic),Fiber optic,0.4135826258,False
2700-LUEVA,0,20.75,1,Month-to-month,Credit card (automatic),No,0.4135768837,False
8091-TTVAX,0,100.35,58,One year,Credit card (automatic),Fiber optic,0.4133469973,False
6497-TILVL,0,50.7,7,Month-to-month,Mailed check,DSL,0.4132925741,False
7382-DFJTU,0,55.2,18,Month-to-month,Credit card (automatic),DSL,0.4127959746,False
6849-OYAMU,1,100.0,19,One year,Bank transfer (automatic),Fiber optic,0.4127362668,True
8894-JVDCV,0,115.05,62,One year,Credit card (automatic),Fiber optic,0.4126932516,False
0156-FVPTA,1,54.2,22,Month-to-month,Electronic check,DSL,0.4123067078,True
8082-GHXOP,0,44.0,13,Month-to-month,Mailed check,DSL,0.4122058473,False
5876-HZVZM,1,55.9,6,Month-to-month,Credit card (automatic),DSL,0.4121710707,True
6559-RAKOZ,0,97.95,49,One year,Electronic check,Fiber optic,0.411592935,False
6397-JNZZG,1,55.55,43,Month-to-month,Credit card (automatic),DSL,0.4113853118,True
0719-SYFRB,1,61.65,12,Month-to-month,Mailed check,DSL,0.411139936,True
1794-SWWKL,0,59.65,15,Month-to-month,Bank transfer (automatic),DSL,0.4111217828,False
3316-UWXUY,0,93.5,50,Month-to-month,Credit card (automatic),Fiber optic,0.4107839123,False
5337-IIWKZ,0,44.85,34,Month-to-month,Electronic check,DSL,0.4107322446,False
8634-CILSZ,1,104.7,69,One year,Bank transfer (automatic),Fiber optic,0.4099454164,True
3466-BYAVD,0,69.5,15,Month-to-month,Mailed check,DSL,0.4099380816,False
6994-FGRHH,0,106.15,70,One year,Electronic check,Fiber optic,0.4098846963,False
8652-YHIYU,0,79.5,16,One year,Credit card (automatic),Fiber optic,0.4097966317,False
6429-SHBCB,0,69.6,19,Month-to-month,Mailed check,DSL,0.409589424,False
5828-DWPIL,0,89.1,62,Month-to-month,Electronic check,Fiber optic,0.4094365479,False
0523-VNGTF,0,50.5,52,Month-to-month,Electronic check,DSL,0.4094107439,False
1899-VXWXM,1,106.1,48,One year,Credit card (automatic),Fiber optic,0.4092570416,True
9862-KJTYK,0,25.35,19,Month-to-month,Credit card (automatic),DSL,0.4090879404,False
6898-MDLZW,0,53.75,12,Month-to-month,Mailed check,DSL,0.4089859631,False
2858-EIMXH,0,95.85,53,One year,Credit card (automatic),Fiber optic,0.4087462531,False
3170-GWYKC,0,104.95,60,Month-to-month,Bank transfer (automatic),Fiber optic,0.4087337098,False
0326-VDYXE,0,97.65,70,One year,Electronic check,Fiber optic,0.4087183627,False
5027-YOCXN,0,110.05,51,One year,Credit card (automatic),Fiber optic,0.4086653227,False
1360-JYXKQ,0,99.1,54,One year,Electronic check,Fiber optic,0.4085265214,False
5447-WZAFP,0,100.3,53,One year,Mailed check,Fiber optic,0.408523394,False
8715-KKTFG,0,103.3,61,One year,Bank transfer (automatic),Fiber optic,0.4084326941,False
5811-IWXYM,0,101.25,52,One year,Bank transfer (automatic),Fiber optic,0.4081295937,False
8495-PRWFH,0,55.65,42,Month-to-month,Electronic check,DSL,0.4080968874,False
2894-QOJRX,1,34.0,25,Month-to-month,Bank transfer (automatic),DSL,0.408038545,True
6777-TGHTM,1,106.95,53,One year,Credit card (automatic),Fiber optic,0.4077829582,True
6038-GCYEC,1,54.15,24,Month-to-month,Credit card (automatic),DSL,0.4077372959,True
3780-DDGSE,0,76.05,35,Month-to-month,Electronic check,DSL,0.4075455497,False
6797-UCJHZ,0,104.6,66,One year,Credit card (automatic),Fiber optic,0.4071485854,False
0603-OLQDC,0,69.85,12,Month-to-month,Mailed check,DSL,0.40674342,False
5298-GSTLM,0,101.4,60,One year,Bank transfer (automatic),Fiber optic,0.4066765509,False
3642-GKTCT,0,115.1,61,One year,Mailed check,Fiber optic,0.4063062909,False
3009-JWMPU,1,96.75,62,One year,Electronic check,Fiber optic,0.4063026223,True
7016-BPGEU,1,25.1,29,Month-to-month,Credit card (automatic),DSL,0.4062551115,True
7074-STDCN,0,40.6,39,Month-to-month,Electronic check,DSL,0.4061318451,False
0575-CUQOV,0,97.95,60,One year,Electronic check,Fiber optic,0.4059750557,False
1360-RCYRT,0,30.35,23,Month-to-month,Bank transfer (automatic),DSL,0.4058349733,False
1360-XFJMR,0,109.7,67,One year,Credit card (automatic),Fiber optic,0.4055748218,False
5649-TJHOV,1,36.5,27,Month-to-month,Bank transfer (automatic),DSL,0.405507214,True
0953-LGOVU,0,35.5,12,Month-to-month,Mailed check,DSL,0.4054648252,False
2972-YDYUW,0,94.7,57,One year,Electronic check,Fiber optic,0.40520035,False
5174-RNGBH,1,66.25,9,Month-to-month,Mailed check,DSL,0.4050167351,True
7000-WCEVQ,1,61.6,20,Month-to-month,Mailed check,DSL,0.4049176512,True
2911-UREFD,1,55.9,39,Month-to-month,Electronic check,DSL,0.4045546229,True
3097-IDVPU,0,50.1,19,Month-to-month,Credit card (automatic),DSL,0.4044860949,False
4693-VWVBO,0,19.55,3,Month-to-month,Electronic check,No,0.4042796359,False
8564-LDKFL,0,106.0,40,One year,Bank transfer (automatic),Fiber optic,0.4038572335,False
3639-XJHKQ,0,60.6,19,Month-to-month,Electronic check,DSL,0.4037645253,False
0516-OOHAR,0,100.35,28,One year,Bank transfer (automatic),Fiber optic,0.4031164594,False
0871-OPBXW,0,20.05,2,Month-to-month,Mailed check,No,0.4031144506,False
0595-ITUDF,0,91.8,64,Month-to-month,Electronic check,Fiber optic,0.4028830078,False
3301-LSLWQ,0,66.1,29,Month-to-month,Electronic check,DSL,0.4027276206,False
6131-FOYAS,0,59.6,35,Month-to-month,Electronic check,DSL,0.4025827201,False
2458-EOMRE,0,64.05,11,Month-to-month,Bank transfer (automatic),DSL,0.4025186315,False
1258-YMZNM,0,110.5,27,One year,Bank transfer (automatic),Fiber optic,0.4024060037,False
0481-SUMCB,0,102.15,45,One year,Bank transfer (automatic),Fiber optic,0.402387433,False
5966-EMAZU,0,108.5,64,One year,Mailed check,Fiber optic,0.4023592885,False
5424-RLQLC,0,59.65,10,Month-to-month,Mailed check,DSL,0.402224992,False
2027-OAQQC,1,49.05,43,Month-to-month,Bank transfer (automatic),DSL,0.4015541359,True
8812-ZRHFP,0,86.45,30,One year,Electronic check,Fiber optic,0.4013746134,False
7398-LXGYX,0,84.8,44,Month-to-month,Credit card (automatic),Fiber optic,0.4013554974,False
2250-IVBWA,0,81.05,64,Month-to-month,Electronic check,Fiber optic,0.4013164415,False
5223-UZAVK,0,100.3,64,One year,Credit card (automatic),Fiber optic,0.401247743,False
7789-HKSBS,0,105.2,42,One year,Bank transfer (automatic),Fiber optic,0.4011010934,False
7544-ZVIKX,0,105.05,58,One year,Bank transfer (automatic),Fiber optic,0.4010870407,False
1395-OFUWC,0,29.3,43,Month-to-month,Credit card (automatic),DSL,0.399909596,False
1135-HIORI,0,111.45,64,One year,Electronic check,Fiber optic,0.3998766836,False
2382-BCKQJ,1,100.15,62,One year,Electronic check,Fiber optic,0.3998033153,True
1703-MGIAB,0,69.0,17,Month-to-month,Mailed check,DSL,0.3995825609,False
0409-WTMPL,0,110.65,58,One year,Credit card (automatic),Fiber optic,0.3985585665,False
8773-HHUOZ,1,64.7,17,Month-to-month,Mailed check,DSL,0.3982821846,True
0036-IHMOT,0,103.7,55,One year,Bank transfer (automatic),Fiber optic,0.3981809077,False
0795-GMVQO,0,109.9,67,One year,Credit card (automatic),Fiber optic,0.3981124927,False
5939-XAIXZ,0,56.1,19,Month-to-month,Mailed check,DSL,0.3980025327,False
5084-OOVCJ,0,55.35,17,Month-to-month,Credit card (automatic),DSL,0.3979522611,False
3870-MQAMG,1,110.35,54,One year,Electronic check,Fiber optic,0.39778661,True
5897-ZYEKH,0,105.6,67,One year,Electronic check,Fiber optic,0.3977584689,False
2371-KFUOG,0,99.15,58,One year,Bank transfer (automatic),Fiber optic,0.3977199694,False
6959-GQEGV,0,75.95,45,Month-to-month,Electronic check,DSL,0.3977172269,False
7854-EKTJL,1,19.6,2,Month-to-month,Electronic check,No,0.3977078427,True
3472-OAOOR,0,34.95,19,Month-to-month,Mailed check,DSL,0.3975333132,False
5140-FOMCQ,0,109.15,59,One year,Credit card (automatic),Fiber optic,0.3975020852,False
8849-PRIQJ,0,109.4,67,One year,Electronic check,Fiber optic,0.3972576047,False
0853-NWIFK,0,100.3,45,One year,Electronic check,Fiber optic,0.3969919897,False
8124-NZVGJ,0,49.25,6,One year,Mailed check,DSL,0.3968255857,False
5180-UCIIQ,1,40.05,22,Month-to-month,Mailed check,DSL,0.3968230788,True
2782-JEEBU,0,36.0,21,Month-to-month,Mailed check,DSL,0.3967979446,False
2640-LYMOV,0,19.65,2,Month-to-month,Mailed check,No,0.3963518985,False
0727-BMPLR,1,100.0,55,One year,Electronic check,Fiber optic,0.3958025582,True
6723-WSNTY,0,108.1,66,One year,Credit card (automatic),Fiber optic,0.395707594,False
5949-HGVJL,0,73.05,26,Month-to-month,Electronic check,DSL,0.3956953901,False
7669-LCRSD,0,56.3,12,Month-to-month,Mailed check,DSL,0.3956673445,False
3086-RUCRN,0,103.1,66,Month-to-month,Bank transfer (automatic),Fiber optic,0.3955818817,False
5686-CMAWK,0,86.75,17,One year,Electronic check,Fiber optic,0.3955383287,False
3640-JQGJG,0,44.8,13,Month-to-month,Bank transfer (automatic),DSL,0.3953573266,False
5740-YHGTW,0,97.55,70,Month-to-month,Credit card (automatic),Fiber optic,0.3953222869,False
3521-SYVOR,1,64.75,37,Month-to-month,Electronic check,DSL,0.3952748549,True
8402-EIVQS,0,100.9,67,One year,Credit card (automatic),Fiber optic,0.3951885781,False
2320-SLKMB,0,44.45,26,Month-to-month,Credit card (automatic),DSL,0.3951250039,False
4851-BQDNX,0,85.05,40,One year,Electronic check,Fiber optic,0.3947389994,False
2692-AQCPF,0,108.05,65,One year,Credit card (automatic),Fiber optic,0.3947287547,False
8849-GYOKR,1,106.55,54,One year,Bank transfer (automatic),Fiber optic,0.3946570995,True
4323-OHFOW,0,105.55,70,One year,Bank transfer (automatic),Fiber optic,0.3946011149,False
3069-SSVSN,0,25.85,1,One year,Mailed check,DSL,0.3942169,False
8294-UIMBA,0,94.4,30,One year,Bank transfer (automatic),Fiber optic,0.3940339472,False
9101-BWFSS,1,108.55,50,One year,Electronic check,Fiber optic,0.3937559929,True
1091-SOZGA,0,99.8,56,One year,Credit card (automatic),Fiber optic,0.3937544797,False
2045-BMBTJ,0,59.45,33,Month-to-month,Bank transfer (automatic),DSL,0.3934908154,False
1229-RCALF,0,115.0,64,One year,Electronic check,Fiber optic,0.3934695899,False
9360-AHGNL,1,109.55,43,One year,Mailed check,Fiber optic,0.3934679123,True
0520-FDVVT,1,102.35,35,One year,Bank transfer (automatic),Fiber optic,0.3933678008,True
9475-NNDGC,0,113.15,71,One year,Bank transfer (automatic),Fiber optic,0.3933225762,False
1448-CYWKC,0,105.2,58,One year,Credit card (automatic),Fiber optic,0.3932880445,False
8930-XOTDP,0,55.95,18,Month-to-month,Mailed check,DSL,0.3929190496,False
4310-KEDTB,0,29.8,26,Month-to-month,Mailed check,DSL,0.39290222,False
1024-KPRBB,0,89.1,38,One year,Mailed check,Fiber optic,0.3923414753,False
1120-BMWUB,1,53.9,16,Month-to-month,Mailed check,DSL,0.3920234139,True
0961-ZWLVI,0,109.2,49,One year,Credit card (automatic),Fiber optic,0.3919847546,False
6227-FBDXH,0,99.5,69,One year,Bank transfer (automatic),Fiber optic,0.3919010518,False
9844-FELAJ,0,107.9,70,One year,Electronic check,Fiber optic,0.3918658623,False
0898-XCGTF,0,96.5,61,One year,Bank transfer (automatic),Fiber optic,0.3917378533,False
3511-APPBJ,0,99.95,23,One year,Credit card (automatic),Fiber optic,0.3916042396,False
2259-OUUSZ,0,35.5,7,One year,Credit card (automatic),DSL,0.3914675114,False
6253-WRFHY,0,64.75,13,One year,Electronic check,DSL,0.3914319335,False
6726-WEXXK,0,85.9,27,One year,Electronic check,Fiber optic,0.3913568653,False
1370-GGAWX,0,94.15,46,One year,Electronic check,Fiber optic,0.3909804625,False
8417-GSODA,0,92.2,28,One year,Bank transfer (automatic),Fiber optic,0.3908503315,False
8671-KKKOS,0,45.55,46,Month-to-month,Electronic check,DSL,0.3908192404,False
9496-IVVRP,0,51.0,11,Month-to-month,Bank transfer (automatic),DSL,0.3907042573,False
3059-NGMXB,0,69.2,14,Month-to-month,Mailed check,DSL,0.3899732641,False
2957-JIRMN,0,84.45,62,One year,Electronic check,Fiber optic,0.3898276564,False
1470-PSXNM,0,93.65,49,One year,Electronic check,Fiber optic,0.3885539159,False
7054-ENNGU,0,50.85,9,Month-to-month,Mailed check,DSL,0.3883708639,False
2460-FPSYH,1,55.8,40,Month-to-month,Electronic check,DSL,0.3881680054,True
7595-EHCDL,0,50.6,32,Month-to-month,Credit card (automatic),DSL,0.3881372027,False
5569-IDSEY,0,105.7,71,One year,Bank transfer (automatic),Fiber optic,0.3878923122,False
0308-GIQJT,0,105.75,71,One year,Bank transfer (automatic),Fiber optic,0.3871748844,False
7872-RDDLZ,0,54.9,67,Month-to-month,Electronic check,DSL,0.3871416283,False
3007-FDPEA,0,20.7,2,Month-to-month,Bank transfer (automatic),No,0.387006405,False
7883-ROJOC,0,44.9,19,Month-to-month,Mailed check,DSL,0.3869201249,False
5590-ZSKRV,0,54.65,8,Month-to-month,Mailed check,DSL,0.3863156599,False
3893-JRNFS,0,39.9,68,Month-to-month,Bank transfer (automatic),DSL,0.386261626,False
6743-HHQPF,0,25.1,42,Month-to-month,Credit card (automatic),DSL,0.3861802054,False
3858-XHYJO,0,105.75,40,One year,Bank transfer (automatic),Fiber optic,0.3860753996,False
9518-RWHZL,1,100.05,64,One year,Credit card (automatic),Fiber optic,0.3859949758,True
3806-YAZOV,0,18.8,3,Month-to-month,Mailed check,No,0.3859801313,False
4929-ROART,0,56.25,18,Month-to-month,Mailed check,DSL,0.3859765071,False
8292-TYSPY,1,55.0,19,Month-to-month,Credit card (automatic),DSL,0.3859225261,True
8166-ORCHU,0,93.55,33,One year,Electronic check,Fiber optic,0.3857053188,False
1297-VQDRP,0,107.15,68,One year,Credit card (automatic),Fiber optic,0.3856719598,False
6946-LMSQS,1,89.05,25,One year,Electronic check,Fiber optic,0.3853788565,True
4283-IVYCI,0,64.95,9,Month-to-month,Mailed check,DSL,0.3851780506,False
2359-QWQUL,1,104.7,39,One year,Credit card (automatic),Fiber optic,0.3851467421,True
3253-HKOKL,0,100.3,52,One year,Electronic check,Fiber optic,0.3851352869,False
2308-STERM,0,19.4,2,Month-to-month,Mailed check,No,0.3850722586,False
9754-CLVZW,0,38.85,26,Month-to-month,Credit card (automatic),DSL,0.3850121933,False
5533-RJFTJ,0,30.2,49,Month-to-month,Bank transfer (automatic),DSL,0.3849520663,False
7721-JXEAW,1,41.05,59,Month-to-month,Bank transfer (automatic),DSL,0.3849448255,True
6184-DYUOB,0,19.6,3,Month-to-month,Mailed check,No,0.3847145227,False
5438-QMDDL,0,59.8,19,Month-to-month,Mailed check,DSL,0.3845398745,False
3570-YUEKJ,0,49.55,42,Month-to-month,Electronic check,DSL,0.3844500673,False
0422-UXFAP,0,98.85,51,One year,Electronic check,Fiber optic,0.3843537082,False
9763-GRSKD,0,49.95,13,Month-to-month,Mailed check,DSL,0.384292802,False
5198-HQAEN,0,89.7,35,One year,Electronic check,Fiber optic,0.3838931272,False
0178-CIIKR,0,19.95,3,Month-to-month,Mailed check,No,0.3838210919,False
1422-DGUBX,0,79.25,32,One year,Electronic check,Fiber optic,0.383662116,False
0052-DCKON,0,115.8,66,One year,Bank transfer (automatic),Fiber optic,0.3834755854,False
3164-YAXFY,0,53.75,57,Month-to-month,Electronic check,DSL,0.3834032939,False
2696-ECXKC,0,100.9,55,One year,Mailed check,Fiber optic,0.3832977196,False
7596-LDUXP,0,85.15,12,One year,Credit card (automatic),Fiber optic,0.3832806654,False
3758-CKOQL,0,107.0,59,One year,Credit card (automatic),Fiber optic,0.3832371819,False
8433-WPJTV,0,103.9,65,One year,Bank transfer (automatic),Fiber optic,0.3829454793,False
9013-AQORL,0,45.55,48,Month-to-month,Credit card (automatic),DSL,0.382385693,False
8679-LZBMD,0,90.65,44,One year,Bank transfer (automatic),Fiber optic,0.382112102,False
7740-KKCXF,0,30.05,51,Month-to-month,Credit card (automatic),DSL,0.3818299559,False
5206-XZZQI,0,80.6,53,Month-to-month,Mailed check,Fiber optic,0.3812808868,False
9700-ZCLOT,0,20.0,2,Month-to-month,Mailed check,No,0.3812065128,False
3896-RCYYE,0,53.4,67,Month-to-month,Credit card (automatic),DSL,0.3811678202,False
7143-BQIBA,0,62.25,10,Month-to-month,Bank transfer (automatic),DSL,0.3811100485,False
9481-IEBZY,0,112.9,72,Month-to-month,Credit card (automatic),Fiber optic,0.3808489183,False
6475-VHUIZ,0,54.25,23,Month-to-month,Electronic check,DSL,0.380682709,False
9391-YZEJW,0,94.0,62,One year,Bank transfer (automatic),Fiber optic,0.380599863,False
1170-SASML,0,85.4,69,Month-to-month,Bank transfer (automatic),Fiber optic,0.3805350046,False
7746-AWNQW,0,35.75,28,Month-to-month,Mailed check,DSL,0.3800780117,False
4913-EHYUI,1,104.55,56,One year,Bank transfer (automatic),Fiber optic,0.3800751919,True
0748-RDGGM,1,109.5,70,One year,Bank transfer (automatic),Fiber optic,0.3799975889,True
0931-MHTEM,0,100.05,54,One year,Credit card (automatic),Fiber optic,0.379976551,False
8999-XXGNS,0,105.75,72,One year,Credit card (automatic),Fiber optic,0.3798799284,False
3209-ZPKFI,0,54.25,47,Month-to-month,Electronic check,DSL,0.3796658345,False
3927-NLNRY,1,94.25,53,One year,Bank transfer (automatic),Fiber optic,0.3792915155,True
1125-SNVCK,0,43.8,49,Month-to-month,Mailed check,DSL,0.3792855397,False
1104-FEJAM,0,64.4,28,Month-to-month,Electronic check,DSL,0.3791565701,False
6439-LAJXL,0,68.95,9,Month-to-month,Mailed check,DSL,0.3788197536,False
5995-OIGLP,1,56.65,12,Month-to-month,Mailed check,DSL,0.3787624502,True
7824-PANSQ,0,80.65,58,Month-to-month,Bank transfer (automatic),Fiber optic,0.3783191115,False
9938-EKRGF,0,84.45,15,Month-to-month,Mailed check,DSL,0.3781927206,False
9881-VCZEP,0,54.1,25,Month-to-month,Electronic check,DSL,0.3779250886,False
8399-YNDCH,1,60.05,21,Month-to-month,Bank transfer (automatic),DSL,0.3778651513,True
4939-KYYPY,0,59.45,27,Month-to-month,Electronic check,DSL,0.3776424277,False
1347-KTTTA,0,102.45,64,One year,Credit card (automatic),Fiber optic,0.3775025779,False
0689-DSXGL,0,85.8,52,Month-to-month,Bank transfer (automatic),Fiber optic,0.3774176484,False
8474-UMLNT,0,67.8,13,Month-to-month,Bank transfer (automatic),DSL,0.3771354005,False
6537-OTKMY,0,50.75,15,One year,Electronic check,DSL,0.3765728111,False
5067-DGXLL,0,20.25,2,Month-to-month,Mailed check,No,0.3764309196,False
5481-NTDOH,0,107.05,67,One year,Credit card (automatic),Fiber optic,0.3763567597,False
4338-EYCER,0,54.6,21,Month-to-month,Bank transfer (automatic),DSL,0.3763441483,False
9143-CANJF,0,55.15,24,Month-to-month,Electronic check,DSL,0.3763129089,False
2342-CKIAO,0,20.3,2,Month-to-month,Mailed check,No,0.3762715442,False
8268-YDIXR,0,93.15,56,One year,Electronic check,Fiber optic,0.3761930552,False
4316-XCSLJ,0,50.3,17,Month-to-month,Mailed check,DSL,0.3759091171,False
3946-JEWRQ,0,95.2,47,One year,Credit card (automatic),Fiber optic,0.3758760059,False
7055-VKGDA,1,105.4,54,One year,Credit card (automatic),Fiber optic,0.375585864,True
2946-KIQSP,0,33.45,35,Month-to-month,Mailed check,DSL,0.3754847737,False
4791-QRGMF,1,99.5,59,One year,Bank transfer (automatic),Fiber optic,0.3754832758,True
1768-HNVGJ,0,70.05,45,Month-to-month,Electronic check,DSL,0.3754428331,False
3521-MNKLV,0,49.7,24,Month-to-month,Mailed check,DSL,0.3753280389,False
8627-ZYGSZ,0,78.9,47,One year,Electronic check,Fiber optic,0.3753277755,False
1322-AGOQM,1,30.3,46,Month-to-month,Bank transfer (automatic),DSL,0.3750838049,True
6907-CQGPN,0,34.3,29,Month-to-month,Electronic check,DSL,0.3750236496,False
3982-XWFZQ,1,50.25,42,Month-to-month,Electronic check,DSL,0.3749080709,True
9154-QDGTH,0,104.3,43,One year,Credit card (automatic),Fiber optic,0.3748292349,False
7395-XWZOY,0,55.0,20,Month-to-month,Credit card (automatic),DSL,0.3747712635,False
0883-EIBTI,1,19.5,2,Month-to-month,Mailed check,No,0.3742492098,True
4415-WNGVR,0,79.2,12,One year,Electronic check,DSL,0.3739867092,False
7683-CBDKJ,1,65.45,14,Month-to-month,Electronic check,DSL,0.3738051731,True
7789-CRUVC,0,94.2,61,Month-to-month,Credit card (automatic),Fiber optic,0.3736669428,False
6465-GSRCL,0,106.6,67,One year,Bank transfer (automatic),Fiber optic,0.3734715469,False
6954-OOYZZ,0,44.35,18,Month-to-month,Bank transfer (automatic),DSL,0.3732408444,False
9114-VEPUF,0,96.1,62,One year,Electronic check,Fiber optic,0.3730337135,False
5578-NKCXI,0,99.25,58,One year,Credit card (automatic),Fiber optic,0.3729533691,False
0786-IVLAW,0,108.1,66,One year,Bank transfer (automatic),Fiber optic,0.3729363741,False
4710-FDUIZ,1,100.3,56,One year,Credit card (automatic),Fiber optic,0.3729038965,True
6794-HKIAJ,0,90.7,62,Month-to-month,Bank transfer (automatic),Fiber optic,0.3727372603,False
6383-ZTSIW,0,99.1,39,One year,Mailed check,Fiber optic,0.3724229486,False
3099-OONVS,0,54.3,25,Month-to-month,Electronic check,DSL,0.3720516601,False
6270-OMFIW,1,94.4,60,One year,Electronic check,Fiber optic,0.3717802892,True
6366-XIVKZ,0,63.15,13,Month-to-month,Mailed check,DSL,0.3714026704,False
5423-BHIXO,0,54.2,32,Month-to-month,Electronic check,DSL,0.3712384309,False
6305-YLBMM,1,104.05,69,One year,Bank transfer (automatic),Fiber optic,0.371055835,True
9818-XQCUV,0,20.35,2,Month-to-month,Mailed check,No,0.3709799087,False
0188-GWFLE,0,20.05,2,Month-to-month,Mailed check,No,0.3709643659,False
2748-MYRVK,1,99.9,63,One year,Bank transfer (automatic),Fiber optic,0.3708877634,True
8799-OXZMD,0,29.75,28,Month-to-month,Mailed check,DSL,0.3706549029,False
9494-BDNNC,0,95.3,66,One year,Electronic check,Fiber optic,0.370611643,False
5307-UVGNB,0,48.7,53,Month-to-month,Bank transfer (automatic),DSL,0.3704038614,False
4501-VCPFK,0,35.75,26,Month-to-month,Electronic check,DSL,0.3702197969,False
7619-ODSGN,1,54.75,24,Month-to-month,Electronic check,DSL,0.3702008498,True
4628-WQCQQ,1,85.15,35,One year,Electronic check,Fiber optic,0.3699854358,True
1796-JANOW,0,19.95,2,Month-to-month,Mailed check,No,0.3698628271,False
1134-YWTYF,0,53.8,27,Month-to-month,Electronic check,DSL,0.3697024777,False
0699-NDKJM,0,58.75,57,Month-to-month,Bank transfer (automatic),DSL,0.3695292126,False
7921-LMDFQ,0,94.0,51,One year,Bank transfer (automatic),Fiber optic,0.3695074762,False
7808-DVWEP,0,20.0,3,Month-to-month,Bank transfer (automatic),No,0.369361469,False
4800-CZMPC,1,103.25,48,One year,Credit card (automatic),Fiber optic,0.3691518862,True
0623-EJQEG,0,93.55,65,One year,Electronic check,Fiber optic,0.3690766589,False
3948-XHGNA,1,49.55,24,Month-to-month,Bank transfer (automatic),DSL,0.3689159501,True
8739-QOTTN,0,20.35,2,Month-to-month,Mailed check,No,0.3687993419,False
6214-EDAKZ,1,55.15,22,Month-to-month,Electronic check,DSL,0.3686949024,True
6620-JDYNW,0,60.6,18,Month-to-month,Mailed check,DSL,0.368660743,False
9139-WQQDY,1,100.45,49,One year,Mailed check,Fiber optic,0.3684821265,True
8756-RDDLT,0,44.95,68,Month-to-month,Electronic check,DSL,0.3679784295,False
4869-EPIUS,0,80.9,56,One year,Electronic check,Fiber optic,0.3678074079,False
3865-ZYKAD,0,84.9,69,Month-to-month,Credit card (automatic),Fiber optic,0.3677130298,False
0774-IFUVM,0,65.15,11,Month-to-month,Bank transfer (automatic),DSL,0.3676194198,False
5198-EFNBM,0,90.65,57,One year,Electronic check,Fiber optic,0.3674798348,False
9308-ANMVE,0,55.3,47,Month-to-month,Electronic check,DSL,0.3674598514,False
4377-VDHYI,0,90.8,32,One year,Electronic check,Fiber optic,0.3673232466,False
5014-WUQMG,0,96.1,47,One year,Electronic check,Fiber optic,0.3672998193,False
7163-OCEQI,0,78.65,22,One year,Mailed check,DSL,0.3672367438,False
2186-QZEYA,0,58.55,29,Month-to-month,Bank transfer (automatic),DSL,0.3669454413,False
3339-EAQNV,0,97.25,72,One year,Credit card (automatic),Fiber optic,0.3667907714,False
9774-NRNAU,0,84.8,27,Month-to-month,Bank transfer (automatic),DSL,0.3665376032,False
2229-VWQJH,0,49.3,24,Month-to-month,Credit card (automatic),DSL,0.3664091085,False
7854-EDSSA,1,59.0,22,Month-to-month,Electronic check,DSL,0.3663400783,True
7017-VFULY,0,20.1,2,Month-to-month,Bank transfer (automatic),No,0.3663190239,False
1017-FBQMM,0,106.05,62,One year,Credit card (automatic),Fiber optic,0.3662208069,False
1346-PJWTK,0,94.15,61,Month-to-month,Credit card (automatic),Fiber optic,0.3659951621,False
4332-MUOEZ,0,94.3,20,One year,Credit card (automatic),Fiber optic,0.3657586644,False
7129-AZJDE,0,78.95,34,One year,Bank transfer (automatic),Fiber optic,0.3645290014,False
1958-RNRKS,0,49.9,30,Month-to-month,Electronic check,DSL,0.3645258106,False
3744-ZBHON,0,20.2,3,Month-to-month,Electronic check,No,0.3644267502,False
0872-JCPIB,0,65.75,17,Month-to-month,Bank transfer (automatic),DSL,0.3642279782,False
0864-FVJNJ,0,113.35,64,One year,Electronic check,Fiber optic,0.3641561355,False
6821-JPCDC,0,97.05,48,One year,Electronic check,Fiber optic,0.3639903238,False
0193-ESZXP,1,105.5,58,One year,Credit card (automatic),Fiber optic,0.3637843394,True
0048-LUMLS,0,91.2,37,One year,Credit card (automatic),Fiber optic,0.3636648959,False
4827-LTQRJ,0,110.6,66,One year,Credit card (automatic),Fiber optic,0.3636549614,False
4003-FUSHP,0,61.55,19,Month-to-month,Credit card (automatic),DSL,0.3636272843,False
9419-IPPBE,0,90.15,51,One year,Electronic check,Fiber optic,0.3633900394,False
2929-QNSRW,1,98.25,56,One year,Electronic check,Fiber optic,0.3633643,True
5985-BEHZK,0,105.0,72,One year,Credit card (automatic),Fiber optic,0.3633567686,False
2908-ZTPNF,0,34.85,36,Month-to-month,Bank transfer (automatic),DSL,0.363230797,False
4350-ZTLPI,0,108.95,53,One year,Bank transfer (automatic),Fiber optic,0.3632088248,False
7025-IWFHT,0,89.55,41,One year,Electronic check,Fiber optic,0.3631982306,False
2266-SJNAT,0,109.15,72,One year,Credit card (automatic),Fiber optic,0.3629644556,False
3606-SBKRY,0,50.05,31,One year,Electronic check,DSL,0.3627976248,False
4701-MLJPN,1,55.25,31,Month-to-month,Electronic check,DSL,0.3624502908,True
8644-XYTSV,0,40.15,42,Month-to-month,Bank transfer (automatic),DSL,0.3623522792,False
7785-RDVIG,0,19.3,3,Month-to-month,Mailed check,No,0.3622633034,False
4418-LZMSV,0,61.8,13,Month-to-month,Bank transfer (automatic),DSL,0.3619438222,False
6942-LBFDP,0,20.55,2,Month-to-month,Mailed check,No,0.3618836824,False
7803-XOCCZ,0,84.05,52,Month-to-month,Bank transfer (automatic),Fiber optic,0.3618813145,False
3347-YJZZE,0,80.1,29,Month-to-month,Credit card (automatic),DSL,0.3618289434,False
4580-TMHJU,1,56.15,43,Month-to-month,Electronic check,DSL,0.3617781421,True
8565-HBFNN,0,107.2,69,One year,Credit card (automatic),Fiber optic,0.3617662718,False
2758-RNWXS,0,89.2,35,One year,Electronic check,Fiber optic,0.3616288124,False
4455-BFSPD,0,101.15,61,One year,Bank transfer (automatic),Fiber optic,0.361266637,False
0128-MKWSG,0,45.8,26,Month-to-month,Mailed check,DSL,0.3611525759,False
4237-CLSMM,0,20.0,2,Month-to-month,Mailed check,No,0.3611044256,False
7629-WIXZF,0,59.1,7,One year,Electronic check,DSL,0.361005203,False
6447-GORXK,0,25.0,31,Month-to-month,Credit card (automatic),DSL,0.3604748256,False
5066-GFJMM,0,19.9,3,Month-to-month,Mailed check,No,0.3603031387,False
2091-MJTFX,1,51.2,30,Month-to-month,Credit card (automatic),DSL,0.3598218468,True
3714-XPXBW,0,78.9,37,Month-to-month,Credit card (automatic),DSL,0.3597205313,False
9039-ZVJDC,0,19.1,3,Month-to-month,Mailed check,No,0.3595558724,False
7727-SHVZV,0,19.5,9,Month-to-month,Bank transfer (automatic),No,0.3591768867,False
7134-MJPDY,0,102.85,66,One year,Credit card (automatic),Fiber optic,0.3585526495,False
8213-TAZPM,0,108.75,69,One year,Bank transfer (automatic),Fiber optic,0.3583061613,False
4396-KLSEH,0,19.85,4,Month-to-month,Electronic check,No,0.3581666674,False
0959-WHOKV,0,99.0,42,One year,Electronic check,Fiber optic,0.3580725602,False
6680-NENYN,1,104.6,43,Two year,Electronic check,Fiber optic,0.3579235187,True
6035-BXTTY,0,54.65,32,Month-to-month,Bank transfer (automatic),DSL,0.3579078615,False
2055-SIFSS,0,51.65,55,Month-to-month,Bank transfer (automatic),DSL,0.3578258048,False
3160-TYXLT,0,46.3,53,Month-to-month,Bank transfer (automatic),DSL,0.3575848394,False
1697-NVVGY,0,66.4,19,Month-to-month,Bank transfer (automatic),DSL,0.3575605864,False
9137-NOQKA,0,19.2,2,Month-to-month,Electronic check,No,0.3573005641,False
1573-LGXBA,0,97.55,57,One year,Credit card (automatic),Fiber optic,0.3569298122,False
7088-FBAWU,0,74.55,17,Month-to-month,Mailed check,DSL,0.3562035659,False
8100-HZZLJ,0,63.95,43,Month-to-month,Electronic check,DSL,0.3560662546,False
8263-OKETD,0,68.9,20,Month-to-month,Credit card (automatic),DSL,0.3560254277,False
5353-WILCI,0,56.05,28,Month-to-month,Electronic check,DSL,0.3559159645,False
7919-ZODZZ,0,65.9,10,One year,Mailed check,DSL,0.3558988061,False
8731-WBBMB,0,81.9,26,Month-to-month,Bank transfer (automatic),DSL,0.355854089,False
2393-DIVAI,0,20.0,3,Month-to-month,Mailed check,No,0.3558033946,False
7718-UPSKJ,0,106.4,69,One year,Credit card (automatic),Fiber optic,0.3554870615,False
8769-KKTPH,0,99.65,63,One year,Credit card (automatic),Fiber optic,0.3553362967,False
1530-ZTDOZ,0,40.65,49,Month-to-month,Bank transfer (automatic),DSL,0.3552805992,False
9746-MDMBK,0,113.45,47,One year,Bank transfer (automatic),Fiber optic,0.3545223891,False
2851-STERV,0,73.0,35,One year,Electronic check,DSL,0.3544618801,False
5760-WRAHC,0,69.75,22,Month-to-month,Mailed check,DSL,0.3544369008,False
0289-IVARM,0,60.55,35,Month-to-month,Electronic check,DSL,0.354381164,False
9391-LMANN,0,95.95,53,One year,Electronic check,Fiber optic,0.3540140089,False
7826-VVKWT,0,96.55,24,Two year,Electronic check,Fiber optic,0.3538698871,False
9571-EDEBV,0,98.65,71,One year,Credit card (automatic),Fiber optic,0.3537468711,False
2959-EEXWB,0,50.9,45,Month-to-month,Bank transfer (automatic),DSL,0.3536777951,False
7124-UGSUR,1,104.4,61,One year,Credit card (automatic),Fiber optic,0.3535165365,True
0887-WBJVH,0,93.45,53,One year,Electronic check,Fiber optic,0.3533429271,False
2843-CQMEG,0,49.7,24,Month-to-month,Mailed check,DSL,0.3527363522,False
9342-VNIMQ,0,54.65,33,Month-to-month,Bank transfer (automatic),DSL,0.3527105036,False
2931-XIQBR,0,103.05,50,One year,Mailed check,Fiber optic,0.3525698117,False
4945-RVMTE,0,59.55,28,Month-to-month,Bank transfer (automatic),DSL,0.3523344754,False
3723-BFBGR,0,54.8,24,Month-to-month,Credit card (automatic),DSL,0.352330769,False
2801-NISEI,0,54.95,24,Month-to-month,Electronic check,DSL,0.352228905,False
6261-LHRTG,0,54.75,26,Month-to-month,Credit card (automatic),DSL,0.3520311444,False
7811-JIVPF,0,49.7,23,Month-to-month,Credit card (automatic),DSL,0.3517710617,False
5240-CAOYT,0,87.55,57,Month-to-month,Bank transfer (automatic),Fiber optic,0.3511244638,False
2237-ZFSMY,1,95.55,39,One year,Electronic check,Fiber optic,0.3510348121,True
4355-CVPVS,0,88.9,56,One year,Bank transfer (automatic),Fiber optic,0.3510176508,False
0396-HUJBP,0,19.3,2,Month-to-month,Mailed check,No,0.3507392526,False
0218-QNVAS,0,100.55,71,One year,Bank transfer (automatic),Fiber optic,0.3502990818,False
1492-QGCLU,0,85.7,53,Month-to-month,Electronic check,DSL,0.3500323736,False
5678-VFNEQ,0,104.1,71,One year,Credit card (automatic),Fiber optic,0.3497501104,False
8561-NMTBD,0,112.35,67,One year,Credit card (automatic),Fiber optic,0.3496098988,False
3195-TQDZX,0,20.25,3,Month-to-month,Electronic check,No,0.3493225446,False
0733-VUNUW,1,55.65,24,Month-to-month,Bank transfer (automatic),DSL,0.3492817536,True
6668-CNMFP,0,89.35,19,One year,Bank transfer (automatic),Fiber optic,0.3491542659,False
1060-ENTOF,0,105.4,67,One year,Credit card (automatic),Fiber optic,0.3483692228,False
2294-DMMUS,0,70.45,62,Month-to-month,Credit card (automatic),DSL,0.348357439,False
5562-YJQGT,0,20.35,2,Month-to-month,Credit card (automatic),No,0.3482536753,False
5968-XQIVE,0,89.7,72,One year,Electronic check,Fiber optic,0.3482476865,False
4826-DXMUP,0,72.1,35,One year,Mailed check,DSL,0.3481321802,False
8190-ZTQFB,0,51.35,41,One year,Electronic check,DSL,0.3480226896,False
3097-PYWXL,0,19.95,4,Month-to-month,Electronic check,No,0.3480176211,False
1465-WCZVT,0,19.65,3,Month-to-month,Mailed check,No,0.3478785065,False
7049-GKVZY,0,79.85,17,One year,Credit card (automatic),DSL,0.3478148372,False
5619-PTMIK,0,53.1,46,Month-to-month,Electronic check,DSL,0.3478055022,False
9770-LXDBK,0,20.4,3,Month-to-month,Mailed check,No,0.3477606169,False
9115-YQHGA,0,51.1,40,Month-to-month,Electronic check,DSL,0.3476775844,False
5294-IMHHT,0,97.75,53,One year,Bank transfer (automatic),Fiber optic,0.3475321208,False
5202-IVJNU,1,30.1,39,Month-to-month,Credit card (automatic),DSL,0.3474822738,True
0292-WEGCH,0,86.2,54,Month-to-month,Electronic check,DSL,0.3473116554,False
6333-YDVLT,0,110.0,65,One year,Credit card (automatic),Fiber optic,0.3472211656,False
2153-MREFK,1,99.2,37,One year,Electronic check,Fiber optic,0.3471212626,True
3786-WOVKF,0,106.85,72,One year,Bank transfer (automatic),Fiber optic,0.3469138145,False
4476-OSWTN,0,110.55,69,One year,Mailed check,Fiber optic,0.3468269666,False
1625-JAIIY,1,83.0,68,One year,Electronic check,Fiber optic,0.3461452276,True
4489-SNOJF,1,72.25,35,Month-to-month,Electronic check,DSL,0.3457792606,True
0002-ORFBO,0,65.6,9,One year,Mailed check,DSL,0.3455558359,False
2995-UPRYS,1,99.2,40,One year,Credit card (automatic),Fiber optic,0.3455043731,True
0997-YTLNY,0,48.8,19,Month-to-month,Mailed check,DSL,0.3454765548,False
5445-PZWGX,1,102.0,62,One year,Electronic check,Fiber optic,0.3454232188,True
6574-MCOEH,0,79.15,33,One year,Electronic check,DSL,0.3452247159,False
2303-PJYHN,0,19.85,2,Month-to-month,Bank transfer (automatic),No,0.3450816085,False
3807-BPOMJ,0,94.75,55,One year,Electronic check,Fiber optic,0.3449301771,False
4544-RXFMG,0,43.45,8,One year,Mailed check,DSL,0.3446824895,False
9101-NTIXF,0,19.4,2,Month-to-month,Mailed check,No,0.3445112316,False
5708-EVONK,1,93.4,58,Month-to-month,Bank transfer (automatic),Fiber optic,0.3444848975,True
3221-CJMSG,0,51.1,24,Month-to-month,Credit card (automatic),DSL,0.3442273312,False
6207-WIOLX,1,58.6,25,Month-to-month,Credit card (automatic),DSL,0.3441129868,True
2234-XADUH,0,103.2,72,One year,Credit card (automatic),Fiber optic,0.3440544077,False
4495-LHSSK,0,57.65,18,Month-to-month,Mailed check,DSL,0.3439543151,False
7874-ECPQJ,0,20.05,4,Month-to-month,Bank transfer (automatic),No,0.3437442022,False
4195-SMMNX,1,20.35,2,Month-to-month,Mailed check,No,0.3432127134,True
2432-TFSMK,0,89.6,18,One year,Credit card (automatic),Fiber optic,0.3429616889,False
9504-DSHWM,0,59.2,20,Month-to-month,Bank transfer (automatic),DSL,0.342789962,False
6728-DKUCO,0,104.15,72,One year,Electronic check,Fiber optic,0.3420873683,False
9074-KGVOX,0,39.45,50,Month-to-month,Credit card (automatic),DSL,0.3420684794,False
6008-NAIXK,0,55.45,54,One year,Electronic check,DSL,0.3420393587,False
2621-UDNLU,0,20.85,3,Month-to-month,Mailed check,No,0.341493004,False
8905-IAZPF,0,95.65,69,One year,Credit card (automatic),Fiber optic,0.3410158727,False
5624-RYAMH,0,19.5,9,Month-to-month,Electronic check,No,0.3409735077,False
7285-KLOTR,0,78.85,12,One year,Electronic check,DSL,0.3409597209,False
2898-MRKPI,0,101.05,68,One year,Credit card (automatic),Fiber optic,0.3407929788,False
8970-ANWXO,0,73.75,23,One year,Mailed check,DSL,0.3405409567,False
5366-OBVMR,0,50.3,18,Month-to-month,Mailed check,DSL,0.3404540736,False
8133-ANHHJ,0,103.0,49,One year,Bank transfer (automatic),Fiber optic,0.3402121677,False
8050-WYBND,0,49.45,22,One year,Credit card (automatic),DSL,0.3401551245,False
4765-OXPPD,1,65.0,9,Month-to-month,Mailed check,DSL,0.3401437079,True
1585-MQSSU,1,51.5,17,Month-to-month,Mailed check,DSL,0.3400899551,True
2577-GVSIL,0,73.45,35,One year,Bank transfer (automatic),DSL,0.3400008688,False
6890-PFRQX,0,69.5,18,Month-to-month,Mailed check,DSL,0.3399811282,False
2155-AMQRX,0,54.9,28,Month-to-month,Credit card (automatic),DSL,0.3399320166,False
8350-NYMVI,0,41.1,39,Month-to-month,Bank transfer (automatic),DSL,0.3398599019,False
0201-OAMXR,1,115.55,70,One year,Credit card (automatic),Fiber optic,0.3398382065,True
9138-EFSMO,0,78.95,26,One year,Bank transfer (automatic),Fiber optic,0.3397977808,False
9069-LGEUL,0,59.95,23,Month-to-month,Bank transfer (automatic),DSL,0.3394098759,False
4676-MQUEA,0,101.9,50,One year,Bank transfer (automatic),Fiber optic,0.3391716241,False
9853-JFZDU,0,56.85,35,Month-to-month,Electronic check,DSL,0.3390541382,False
4397-FRLTA,0,20.15,4,Month-to-month,Mailed check,No,0.3390228619,False
3709-OIJEA,0,85.2,26,One year,Electronic check,Fiber optic,0.3389672428,False
5702-SKUOB,0,19.6,4,Month-to-month,Mailed check,No,0.3389667605,False
6705-LNMDD,0,50.0,20,Month-to-month,Mailed check,DSL,0.3388028519,False
6092-QZVPP,0,79.2,36,Month-to-month,Credit card (automatic),DSL,0.3387432477,False
4510-PYUSH,1,57.15,38,Month-to-month,Credit card (automatic),DSL,0.3387050832,True
2830-LEWOA,0,103.9,61,One year,Credit card (automatic),Fiber optic,0.3385620803,False
5168-MQQCA,0,108.5,72,One year,Bank transfer (automatic),Fiber optic,0.338233679,False
5448-VWNAM,0,75.9,19,Month-to-month,Mailed check,DSL,0.3380946713,False
8033-ATFAS,0,59.85,39,Month-to-month,Mailed check,DSL,0.3378792359,False
8053-WWDRO,1,19.5,6,Month-to-month,Bank transfer (automatic),No,0.3377019953,True
2486-WYVVE,0,79.3,31,One year,Mailed check,DSL,0.3375936927,False
3633-CDBUW,0,80.85,17,One year,Electronic check,DSL,0.3375363234,False
3865-YIOTT,0,106.1,72,One year,Bank transfer (automatic),Fiber optic,0.3373768107,False
9970-QBCDA,0,19.7,6,Month-to-month,Credit card (automatic),No,0.3370004199,False
7233-IOQNP,0,34.0,43,Month-to-month,Bank transfer (automatic),DSL,0.3369069787,False
9555-SAHUZ,0,54.5,38,Month-to-month,Electronic check,DSL,0.3368266532,False
8741-LQOBK,0,35.05,46,Month-to-month,Bank transfer (automatic),DSL,0.3364284369,False
6502-KUGLL,0,59.45,14,Month-to-month,Bank transfer (automatic),DSL,0.3363942175,False
3179-GBRWV,0,64.95,21,Month-to-month,Bank transfer (automatic),DSL,0.3361260188,False
6575-SUVOI,0,69.5,25,Month-to-month,Credit card (automatic),DSL,0.3357837538,False
3230-WYKIR,1,82.0,18,One year,Credit card (automatic),DSL,0.3357432191,True
6368-NWMCE,0,68.15,38,Month-to-month,Credit card (automatic),DSL,0.335604094,False
3920-HIHMQ,0,49.5,26,Month-to-month,Mailed check,DSL,0.335551011,False
7940-UQQUG,0,104.4,64,One year,Bank transfer (automatic),Fiber optic,0.3355507742,False
7526-IVLYU,0,19.65,3,Month-to-month,Mailed check,No,0.3353486858,False
1131-SUEKT,0,98.45,61,One year,Bank transfer (automatic),Fiber optic,0.3351267712,False
2056-EVGZL,0,105.75,68,One year,Credit card (automatic),Fiber optic,0.3350501668,False
1442-OKRJE,0,103.15,66,One year,Bank transfer (automatic),Fiber optic,0.3346637189,False
4747-LCAQL,0,79.0,25,Month-to-month,Mailed check,DSL,0.3343593419,False
8734-FNWVH,0,59.7,31,Month-to-month,Bank transfer (automatic),DSL,0.3343540181,False
3470-BTGQO,0,45.65,21,Month-to-month,Mailed check,DSL,0.334024326,False
7502-BNYGS,0,69.1,46,Month-to-month,Credit card (automatic),DSL,0.3339035572,False
8548-AWOFC,0,63.85,66,Month-to-month,Electronic check,DSL,0.333844141,False
4139-JPIAM,0,44.45,51,Month-to-month,Credit card (automatic),DSL,0.3337802518,False
2284-VFLKH,0,99.25,49,One year,Credit card (automatic),Fiber optic,0.3336710091,False
7410-KTVFV,1,49.55,18,Month-to-month,Mailed check,DSL,0.333650917,True
8663-UPDGF,0,69.5,26,Month-to-month,Bank transfer (automatic),DSL,0.3335703323,False
8591-NXRCV,0,74.65,41,Month-to-month,Bank transfer (automatic),DSL,0.3334284943,False
0580-PIQHM,0,101.6,41,One year,Bank transfer (automatic),Fiber optic,0.3334097372,False
3285-UCQVC,1,28.6,37,Month-to-month,Credit card (automatic),DSL,0.3333841448,True
6576-FBXOJ,0,54.6,17,One year,Electronic check,DSL,0.3330912222,False
3126-WQMGH,0,52.15,49,Month-to-month,Credit card (automatic),DSL,0.332794005,False
7663-ZTEGJ,0,100.55,29,One year,Credit card (automatic),Fiber optic,0.3327619136,False
3038-PQIUY,0,66.15,38,Month-to-month,Bank transfer (automatic),DSL,0.3323677687,False
8150-QUDFX,0,19.85,2,Month-to-month,Mailed check,No,0.3323529461,False
1545-ACTAS,0,99.7,48,One year,Bank transfer (automatic),Fiber optic,0.3322228482,False
6839-ITVZJ,1,60.05,26,Month-to-month,Electronic check,DSL,0.3320476587,True
7402-PWYJJ,0,91.15,53,One year,Electronic check,Fiber optic,0.3320316123,False
3096-WPXBT,0,100.7,61,One year,Credit card (automatic),Fiber optic,0.3318839474,False
2969-WGHQO,0,69.45,7,One year,Electronic check,DSL,0.3314319886,False
6873-UDNLD,0,67.45,40,Month-to-month,Electronic check,DSL,0.3313544363,False
0842-IWYCP,0,44.95,46,Month-to-month,Bank transfer (automatic),DSL,0.3310157209,False
7661-CPURM,0,87.7,19,One year,Credit card (automatic),Fiber optic,0.3307600973,False
5376-PCKNB,0,104.45,72,One year,Credit card (automatic),Fiber optic,0.3307541914,False
0440-QEXBZ,0,50.15,44,Month-to-month,Mailed check,DSL,0.3305444539,False
2474-LCNUE,0,73.65,23,Month-to-month,Credit card (automatic),DSL,0.3305034114,False
0447-BEMNG,1,45.3,48,Month-to-month,Bank transfer (automatic),DSL,0.3303069029,True
6421-SZVEM,0,82.85,28,One year,Bank transfer (automatic),Fiber optic,0.3300731604,False
6425-YQLLO,1,105.95,66,One year,Credit card (automatic),Fiber optic,0.3296502748,True
5837-LXSDN,0,58.85,21,One year,Credit card (automatic),DSL,0.3290193522,False
9909-DFRJA,0,95.85,26,One year,Bank transfer (automatic),Fiber optic,0.3288944236,False
4083-BFNYK,0,95.0,38,One year,Credit card (automatic),Fiber optic,0.3285965684,False
0565-JUPYD,0,104.5,63,One year,Credit card (automatic),Fiber optic,0.3282287711,False
5144-PQCDZ,0,19.95,4,Month-to-month,Mailed check,No,0.3282267765,False
2446-ZKVAF,0,56.8,18,Month-to-month,Credit card (automatic),DSL,0.3280902518,False
5951-AOFIH,0,66.4,33,Month-to-month,Credit card (automatic),DSL,0.3279843771,False
3092-IGHWF,1,87.4,67,One year,Electronic check,Fiber optic,0.3277982892,True
3468-DRVQJ,0,70.3,10,One year,Electronic check,DSL,0.327388721,False
4908-XAXAY,0,89.85,49,One year,Bank transfer (automatic),Fiber optic,0.3273414299,False
4277-UDIEF,0,81.0,24,Month-to-month,Bank transfer (automatic),DSL,0.3273103671,False
4644-PIZRT,0,70.35,17,One year,Bank transfer (automatic),DSL,0.3271058907,False
1810-MVMAI,0,67.6,30,Month-to-month,Electronic check,DSL,0.3270894636,False
5149-CUZUJ,0,92.9,28,One year,Bank transfer (automatic),Fiber optic,0.3270242474,False
3345-JHUEO,0,20.2,4,Month-to-month,Electronic check,No,0.3269612844,False
1699-HPSBG,1,59.8,12,One year,Electronic check,DSL,0.3268382009,True
3898-BSJYF,0,73.55,10,One year,Credit card (automatic),DSL,0.3264525228,False
6614-VBEGU,0,69.45,24,Month-to-month,Bank transfer (automatic),DSL,0.326372848,False
6865-JZNKO,0,55.3,30,Month-to-month,Bank transfer (automatic),DSL,0.3262740898,False
7869-ZYDST,0,59.05,31,Month-to-month,Credit card (automatic),DSL,0.3261767976,False
2616-UUTFK,0,72.75,33,Month-to-month,Bank transfer (automatic),DSL,0.3261693801,False
4701-AHWMW,1,54.55,55,Month-to-month,Bank transfer (automatic),DSL,0.3258277179,True
2882-DDZPG,0,19.45,12,Month-to-month,Bank transfer (automatic),No,0.3249815971,False
4365-MSDYN,0,19.55,8,Month-to-month,Bank transfer (automatic),No,0.3249492847,False
3039-MJSLN,0,20.2,3,Month-to-month,Bank transfer (automatic),No,0.3249363512,False
1810-BOHSY,0,96.4,51,One year,Credit card (automatic),Fiber optic,0.3245566662,False
2791-SFVEW,0,20.15,9,Month-to-month,Bank transfer (automatic),No,0.3242963438,False
0285-INHLN,0,54.75,27,Month-to-month,Credit card (automatic),DSL,0.3242231794,False
8659-HDIYE,0,74.65,64,Month-to-month,Credit card (automatic),DSL,0.32403577,False
7672-VFMXZ,0,55.7,57,Month-to-month,Electronic check,DSL,0.3239679022,False
8627-EHGIP,1,53.95,44,One year,Mailed check,DSL,0.3239671412,True
3413-CSSTH,0,55.7,41,Month-to-month,Bank transfer (automatic),DSL,0.3239445784,False
6806-YDEUL,0,19.5,6,Month-to-month,Bank transfer (automatic),No,0.3237362048,False
7951-VRDVK,0,85.85,36,One year,Bank transfer (automatic),DSL,0.3229499508,False
6906-MPARY,0,89.6,40,One year,Credit card (automatic),Fiber optic,0.3228359071,False
0678-RLHVP,0,105.55,53,Two year,Electronic check,Fiber optic,0.3228339012,False
3707-LRWZD,1,84.05,32,One year,Electronic check,Fiber optic,0.322780903,True
9426-SXNHE,0,18.75,2,Month-to-month,Bank transfer (automatic),No,0.3227662796,False
2530-FMFXO,0,103.2,56,Two year,Electronic check,Fiber optic,0.3224942287,False
5832-TRLPB,0,75.35,29,One year,Bank transfer (automatic),DSL,0.322326737,False
2599-CZABP,0,44.6,14,One year,Electronic check,DSL,0.3221130697,False
1518-OMDIK,0,44.55,33,Month-to-month,Credit card (automatic),DSL,0.3219668477,False
4683-WYDOU,0,107.6,62,Two year,Bank transfer (automatic),Fiber optic,0.3219318966,False
7750-EYXWZ,0,60.65,12,One year,Electronic check,DSL,0.3218943686,False
8400-WZICQ,0,55.7,55,Month-to-month,Electronic check,DSL,0.3216321525,False
1755-RMCXH,0,20.3,2,Month-to-month,Mailed check,No,0.321547102,False
3391-JSQEW,0,50.15,40,Month-to-month,Mailed check,DSL,0.321514292,False
9831-BPFRI,1,89.55,39,One year,Electronic check,Fiber optic,0.3214479339,True
3977-QCRSL,0,20.15,5,Month-to-month,Mailed check,No,0.3213929144,False
7636-XUHWW,0,19.9,2,Month-to-month,Credit card (automatic),No,0.3211924061,False
8582-KRHPJ,0,35.0,50,Month-to-month,Mailed check,DSL,0.3210303182,False
2978-XXSOG,0,59.05,22,Month-to-month,Mailed check,DSL,0.3210286025,False
9314-QDMDW,0,61.25,11,One year,Electronic check,DSL,0.3205685411,False
7776-QWNFX,1,50.4,30,Month-to-month,Bank transfer (automatic),DSL,0.3205012797,True
3537-RYBHH,0,67.45,47,Month-to-month,Credit card (automatic),DSL,0.3204757565,False
8017-UVSZU,0,56.6,40,Month-to-month,Credit card (automatic),DSL,0.3204133728,False
9822-BIIGN,0,71.85,53,Month-to-month,Electronic check,DSL,0.320329067,False
6837-HAEVO,0,105.0,69,Two year,Electronic check,Fiber optic,0.3203088509,False
5393-HJZSM,0,76.3,32,Month-to-month,Bank transfer (automatic),DSL,0.3202983434,False
0824-VWDPO,0,96.75,45,One year,Bank transfer (automatic),Fiber optic,0.3202937029,False
9277-JOOMO,0,24.6,3,Month-to-month,Mailed check,No,0.320237725,False
1163-ONYEY,0,74.55,41,Month-to-month,Credit card (automatic),DSL,0.3201432978,False
2338-BQEZT,0,50.55,55,Month-to-month,Credit card (automatic),DSL,0.3200848624,False
0670-ANMUU,0,97.65,71,One year,Credit card (automatic),Fiber optic,0.3199178985,False
9837-FWLCH,0,19.2,12,Month-to-month,Electronic check,No,0.3199139354,False
8563-IIOXK,1,49.75,7,One year,Electronic check,DSL,0.3194927002,True
7123-WQUHX,0,95.0,38,One year,Bank transfer (automatic),Fiber optic,0.3193671358,False
9362-MWODR,0,64.1,40,Month-to-month,Credit card (automatic),DSL,0.3190159045,False
5919-VCZYM,0,20.05,2,Month-to-month,Mailed check,No,0.3189996563,False
9633-DENPU,0,58.6,47,Month-to-month,Bank transfer (automatic),DSL,0.3188894603,False
0384-RVBPI,0,64.4,20,Month-to-month,Credit card (automatic),DSL,0.3188738247,False
8199-ZLLSA,1,118.35,67,One year,Bank transfer (automatic),Fiber optic,0.3188285886,True
3863-QSTYI,0,64.65,59,Month-to-month,Electronic check,DSL,0.3187213339,False
4187-CINZD,1,95.25,46,One year,Credit card (automatic),Fiber optic,0.3183674591,True
5382-TEMLV,0,50.9,45,Month-to-month,Bank transfer (automatic),DSL,0.3182478797,False
7175-NTIXE,0,76.15,25,Month-to-month,Credit card (automatic),DSL,0.3182181011,False
0696-UKTOX,0,54.15,23,Month-to-month,Electronic check,DSL,0.3182136169,False
1336-EZFZY,0,20.05,4,Month-to-month,Mailed check,No,0.3181320142,False
0117-LFRMW,1,40.2,37,Month-to-month,Bank transfer (automatic),DSL,0.3178428901,True
3523-QRQLL,1,69.5,22,One year,Bank transfer (automatic),DSL,0.3177834623,True
0895-LMRSF,0,64.9,23,One year,Bank transfer (automatic),DSL,0.3173652151,False
7845-URHJN,1,20.15,8,Month-to-month,Bank transfer (automatic),No,0.3170825377,True
6469-QJKZW,0,20.15,4,Month-to-month,Electronic check,No,0.3170101197,False
6500-JVEGC,0,101.35,68,One year,Bank transfer (automatic),Fiber optic,0.3169126794,False
0479-HMSWA,0,105.45,26,Two year,Electronic check,Fiber optic,0.3167423633,False
2792-VPPET,0,20.5,3,Month-to-month,Electronic check,No,0.3164042822,False
6661-EIPZC,0,29.5,48,Month-to-month,Credit card (automatic),DSL,0.3160736461,False
3694-GLTJM,0,19.65,5,Month-to-month,Credit card (automatic),No,0.3159579954,False
4291-HYEBC,0,39.1,28,One year,Electronic check,DSL,0.3155114557,False
1352-VHKAJ,0,71.6,27,Month-to-month,Bank transfer (automatic),DSL,0.3151792796,False
9738-QLWTP,0,81.9,39,One year,Electronic check,Fiber optic,0.3151792755,False
8216-AZUUZ,0,100.4,42,Two year,Electronic check,Fiber optic,0.3150436609,False
1400-WIVLL,0,107.95,57,Two year,Electronic check,Fiber optic,0.3146003192,False
9470-RTWDV,0,82.0,26,One year,Credit card (automatic),DSL,0.314229387,False
8992-OBVDG,0,61.65,21,Month-to-month,Mailed check,DSL,0.3142012779,False
2889-FPWRM,1,117.8,72,One year,Bank transfer (automatic),Fiber optic,0.3140045965,True
3402-XRIUO,0,63.55,22,Month-to-month,Mailed check,DSL,0.3139606298,False
9039-RBEEE,1,48.95,39,Month-to-month,Credit card (automatic),DSL,0.3139455297,True
9060-HJJRW,0,56.4,51,One year,Credit card (automatic),DSL,0.3139182905,False
0076-LVEPS,0,45.0,29,Month-to-month,Mailed check,DSL,0.3138917111,False
3794-NFNCH,0,50.0,30,Month-to-month,Mailed check,DSL,0.3138440588,False
5092-STPKP,0,56.35,24,Month-to-month,Credit card (automatic),DSL,0.3136266627,False
7868-BGSZA,0,80.2,43,One year,Electronic check,DSL,0.3135652637,False
1679-JRFBR,0,108.15,70,One year,Credit card (automatic),Fiber optic,0.313554832,False
0744-GKNGE,0,86.8,64,Month-to-month,Bank transfer (automatic),Fiber optic,0.3134738498,False
9972-VAFJJ,0,94.0,53,One year,Electronic check,Fiber optic,0.313335096,False
6097-EQISJ,1,102.45,66,One year,Credit card (automatic),Fiber optic,0.3130399393,True
2896-TBNBE,0,80.8,40,One year,Electronic check,Fiber optic,0.3128414256,False
4785-NKHCX,0,20.05,5,Month-to-month,Bank transfer (automatic),No,0.3127265409,False
5195-KPUNQ,0,96.75,53,One year,Mailed check,Fiber optic,0.3127036685,False
3594-IVHJZ,0,20.45,2,Month-to-month,Mailed check,No,0.3126543178,False
5712-VBOXD,0,20.15,4,Month-to-month,Credit card (automatic),No,0.3124919171,False
8847-GEOOQ,0,60.2,60,Month-to-month,Bank transfer (automatic),DSL,0.3122966835,False
0820-FNRNX,0,66.7,17,Month-to-month,Mailed check,DSL,0.3122919504,False
6281-FKEWS,0,49.05,44,One year,Electronic check,DSL,0.3119927962,False
6322-PJJDJ,0,94.8,49,Two year,Electronic check,Fiber optic,0.311909282,False
5863-OOKCL,0,18.85,10,Month-to-month,Mailed check,No,0.3118006662,False
2001-MCUUW,0,108.65,46,Two year,Electronic check,Fiber optic,0.3117342653,False
0691-JVSYA,1,94.85,53,One year,Bank transfer (automatic),Fiber optic,0.3113709118,True
5081-NWSUP,0,64.9,10,One year,Mailed check,DSL,0.3112056798,False
4186-ZBUEW,0,70.7,36,One year,Mailed check,DSL,0.3111198709,False
2832-SCUCO,0,19.9,2,Month-to-month,Electronic check,No,0.3104931614,False
2212-LYASK,0,45.85,27,One year,Credit card (automatic),DSL,0.3104775987,False
9107-UKCKY,0,79.8,61,One year,Electronic check,DSL,0.3099863567,False
4140-WJAWW,1,19.85,5,Month-to-month,Credit card (automatic),No,0.30950065,True
3941-XTSKM,0,45.1,42,One year,Credit card (automatic),DSL,0.3092675672,False
7089-XXAYG,0,38.1,25,One year,Credit card (automatic),DSL,0.309264301,False
4081-DYXAV,1,44.85,19,One year,Credit card (automatic),DSL,0.3090191124,True
1840-BIUOG,0,68.7,20,One year,Electronic check,DSL,0.308927811,False
2887-JPYLU,0,45.2,41,Month-to-month,Bank transfer (automatic),DSL,0.3088479369,False
6583-SZVGP,0,108.1,48,Two year,Bank transfer (automatic),Fiber optic,0.3088393342,False
6972-SNKKW,0,20.0,6,Month-to-month,Mailed check,No,0.3087718224,False
7016-NVRIC,0,90.1,29,One year,Bank transfer (automatic),Fiber optic,0.3087440669,False
1444-VVSGW,1,115.65,70,One year,Credit card (automatic),Fiber optic,0.307825753,True
2967-MXRAV,0,18.8,1,One year,Mailed check,No,0.3078131699,False
1337-BOZWO,0,46.4,18,One year,Credit card (automatic),DSL,0.3071741646,False
4860-YZGZM,0,20.0,10,Month-to-month,Electronic check,No,0.3071563543,False
0268-QKIWO,1,19.75,3,Month-to-month,Electronic check,No,0.3070582,True
4423-JWZJN,0,90.25,64,One year,Credit card (automatic),Fiber optic,0.3069735582,False
8597-CWYHH,0,94.35,43,One year,Mailed check,Fiber optic,0.3068176166,False
3327-YBAKM,0,96.9,64,One year,Mailed check,Fiber optic,0.3066705384,False
9128-CPXKI,0,95.8,59,Two year,Electronic check,Fiber optic,0.3066472161,False
1684-FLBGS,0,69.5,23,Month-to-month,Credit card (automatic),DSL,0.306343924,False
3638-DIMPH,0,43.8,13,One year,Electronic check,DSL,0.3061003271,False
3450-WXOAT,0,45.2,46,Month-to-month,Credit card (automatic),DSL,0.3060936271,False
1852-XEMDW,0,65.05,22,Month-to-month,Mailed check,DSL,0.3060830289,False
0956-ACVZC,0,94.1,54,One year,Credit card (automatic),Fiber optic,0.3060509141,False
6408-OTUBZ,0,104.55,66,One year,Bank transfer (automatic),Fiber optic,0.3059400209,False
4936-YPJNK,0,19.9,10,Month-to-month,Mailed check,No,0.3057633047,False
9986-BONCE,1,20.95,4,Month-to-month,Bank transfer (automatic),No,0.3056733041,True
6278-FEPBZ,0,20.25,9,Month-to-month,Mailed check,No,0.3055345766,False
2108-GLPQB,0,55.55,25,Month-to-month,Credit card (automatic),DSL,0.3055084147,False
7572-KPVKK,0,104.05,62,Two year,Electronic check,Fiber optic,0.3054790683,False
5312-IRCFR,0,92.85,64,One year,Electronic check,Fiber optic,0.305388151,False
0655-YDGFJ,0,48.95,29,Month-to-month,Bank transfer (automatic),DSL,0.3052859187,False
4795-WRNVT,0,65.1,40,Month-to-month,Mailed check,DSL,0.3052403437,False
3621-CHYVB,0,49.9,57,Month-to-month,Bank transfer (automatic),DSL,0.3050690863,False
8205-OTCHB,1,43.75,22,One year,Bank transfer (automatic),DSL,0.3050278879,True
1480-IVEVR,0,81.6,35,One year,Bank transfer (automatic),Fiber optic,0.30499461,False
9978-HYCIN,0,84.95,47,One year,Bank transfer (automatic),Fiber optic,0.3048001245,False
2001-EWBQU,0,104.7,60,Two year,Electronic check,Fiber optic,0.304626693,False
4692-NNQRU,0,79.2,21,One year,Electronic check,Fiber optic,0.3046090587,False
4531-AUZNK,0,95.15,51,One year,Mailed check,Fiber optic,0.3045271527,False
7787-BNTZM,0,20.15,6,Month-to-month,Bank transfer (automatic),No,0.3042908087,False
4541-RMRLG,1,19.25,7,Month-to-month,Electronic check,No,0.3041938009,True
4016-BJKTZ,0,108.9,25,Two year,Electronic check,Fiber optic,0.3041931487,False
9518-IMLHK,0,72.45,31,Month-to-month,Bank transfer (automatic),DSL,0.3040747165,False
0068-FIGTF,0,78.2,27,One year,Mailed check,DSL,0.3040025131,False
1376-HHBDV,0,48.8,30,Month-to-month,Mailed check,DSL,0.3038366065,False
1666-JZPZT,0,49.0,27,Month-to-month,Mailed check,DSL,0.3038359639,False
3022-BEXHZ,0,111.2,67,Two year,Bank transfer (automatic),Fiber optic,0.3038165651,False
9742-XOKTS,0,89.55,67,One year,Electronic check,Fiber optic,0.3037063743,False
0816-TSPHQ,0,20.75,2,Month-to-month,Mailed check,No,0.3034125728,False
7459-IMVYU,0,69.95,38,Month-to-month,Electronic check,DSL,0.3033503217,False
0297-RBCSG,0,65.35,19,One year,Bank transfer (automatic),DSL,0.3033021641,False
6202-DYYFX,0,76.0,22,One year,Credit card (automatic),Fiber optic,0.3031848519,False
3324-OIRTO,0,104.65,71,One year,Bank transfer (automatic),Fiber optic,0.3031212734,False
6981-TDRFT,0,54.3,44,One year,Electronic check,DSL,0.3029103025,False
6158-DWPZT,1,24.1,9,One year,Bank transfer (automatic),DSL,0.3028055865,True
3410-MHHUM,0,94.4,44,One year,Electronic check,Fiber optic,0.3027486353,False
0096-FCPUF,0,64.5,30,Month-to-month,Mailed check,DSL,0.3027155888,False
3736-BLEPA,0,91.25,28,One year,Bank transfer (automatic),Fiber optic,0.3026292542,False
5150-LJNSR,0,98.05,31,One year,Bank transfer (automatic),Fiber optic,0.3025027439,False
4504-YOULA,0,59.45,35,Month-to-month,Credit card (automatic),DSL,0.3019062861,False
0584-BJQGZ,0,78.35,25,Month-to-month,Bank transfer (automatic),DSL,0.3018428254,False
8624-GIOUT,1,59.75,49,Month-to-month,Credit card (automatic),DSL,0.3014854365,True
7013-PSXHK,0,80.75,40,One year,Mailed check,DSL,0.3014487562,False
6993-YCOBK,0,110.6,60,Two year,Electronic check,Fiber optic,0.3011005695,False
7136-RVDTZ,1,45.25,70,One year,Electronic check,DSL,0.3010689877,True
5996-NRVXR,0,98.15,40,One year,Credit card (automatic),Fiber optic,0.3010188869,False
0137-UDEUO,1,19.85,3,Month-to-month,Mailed check,No,0.3009801261,True
1097-FSPVW,0,54.55,42,Month-to-month,Credit card (automatic),DSL,0.3008574082,False
6319-QSUSR,0,19.7,11,Month-to-month,Credit card (automatic),No,0.3006690277,False
6804-GDMOI,1,106.6,61,Two year,Electronic check,Fiber optic,0.3002804776,True
3936-QQFLL,0,19.75,2,Month-to-month,Mailed check,No,0.2999878606,False
2740-JFBOK,0,24.0,10,Month-to-month,Electronic check,No,0.2999707854,False
3282-ZISZV,0,83.7,32,One year,Credit card (automatic),DSL,0.2994306213,False
7080-TNUWP,0,95.0,70,One year,Bank transfer (automatic),Fiber optic,0.2993065549,False
9402-ROUMJ,0,100.25,67,One year,Bank transfer (automatic),Fiber optic,0.2990504187,False
4422-QVIJA,0,50.15,35,Month-to-month,Mailed check,DSL,0.2990433626,False
0725-CXOTM,0,89.65,36,One year,Credit card (automatic),DSL,0.2989669485,False
1153-GNOLC,0,39.1,33,One year,Electronic check,DSL,0.2989111624,False
0308-IVGOK,0,40.4,11,One year,Credit card (automatic),DSL,0.2986955823,False
3229-USWAR,0,79.95,34,One year,Bank transfer (automatic),DSL,0.2981004875,False
0396-UKGAI,0,55.3,23,Month-to-month,Bank transfer (automatic),DSL,0.2978671124,False
0369-ZGOVK,0,70.4,28,One year,Bank transfer (automatic),Fiber optic,0.2976434832,False
7673-LPRNY,0,78.55,23,One year,Electronic check,DSL,0.2975980049,False
3070-BDOQC,0,99.65,60,Two year,Electronic check,Fiber optic,0.2972938223,False
3675-EQOZA,0,20.65,5,Month-to-month,Bank transfer (automatic),No,0.2972499842,False
6734-CKRSM,0,20.0,3,Month-to-month,Mailed check,No,0.2969122884,False
8003-EWNDZ,0,21.2,10,Month-to-month,Electronic check,No,0.2968338176,False
2233-FAGXV,0,24.3,5,Month-to-month,Mailed check,No,0.2967953509,False
0440-UEDAI,0,94.45,53,One year,Credit card (automatic),Fiber optic,0.2964461778,False
4000-VGMQP,0,78.95,38,One year,Credit card (automatic),DSL,0.2963656014,False
4139-SUGLD,1,35.4,31,Month-to-month,Bank transfer (automatic),DSL,0.2962912187,True
1814-DKOLC,0,25.45,5,Month-to-month,Mailed check,No,0.2961947664,False
5748-RNCJT,1,106.5,69,Two year,Bank transfer (automatic),Fiber optic,0.2961830465,True
6341-JVQGF,0,81.15,31,One year,Mailed check,DSL,0.2961312416,False
0030-FNXPP,0,19.85,3,Month-to-month,Mailed check,No,0.296122167,False
9256-JTBNZ,0,20.3,11,Month-to-month,Bank transfer (automatic),No,0.2960923191,False
3387-PLKUI,0,18.8,13,Month-to-month,Mailed check,No,0.2960402146,False
0620-XEFWH,0,18.85,4,Month-to-month,Mailed check,No,0.295996255,False
5176-LDKUH,0,75.15,48,One year,Electronic check,Fiber optic,0.2959953526,False
0366-NQSHS,0,19.35,2,Month-to-month,Mailed check,No,0.2959945513,False
9391-DXGGG,0,89.15,44,One year,Credit card (automatic),Fiber optic,0.2959701762,False
3363-EWLGO,0,19.95,5,Month-to-month,Mailed check,No,0.2959243497,False
5850-BDWCY,0,20.2,6,Month-to-month,Mailed check,No,0.2958523596,False
8467-WYNSR,0,55.1,22,Month-to-month,Mailed check,DSL,0.2956750406,False
6469-MRVET,0,20.2,1,One year,Electronic check,No,0.2956062386,False
4815-YOSUK,0,104.9,72,One year,Credit card (automatic),Fiber optic,0.2956035023,False
6738-ISCBM,0,54.0,44,One year,Electronic check,DSL,0.295590981,False
4429-WYGFR,0,49.15,26,Month-to-month,Bank transfer (automatic),DSL,0.2954564554,False
9788-YTFGE,0,19.95,7,Month-to-month,Mailed check,No,0.2953020509,False
2320-YKQBO,0,19.3,7,Month-to-month,Mailed check,No,0.2952421432,False
2096-XOTMO,0,19.35,16,Month-to-month,Mailed check,No,0.2951710318,False
8200-KLNYW,0,80.9,21,One year,Mailed check,DSL,0.2950314551,False
6840-RESVB,0,84.8,24,One year,Mailed check,DSL,0.2948036917,False
7605-SNLQG,0,50.25,45,Month-to-month,Credit card (automatic),DSL,0.2946872223,False
4700-UBQMV,0,75.9,21,One year,Bank transfer (automatic),DSL,0.2946239545,False
3594-UVONA,1,85.95,35,One year,Credit card (automatic),DSL,0.294588031,True
3156-QLHBO,0,19.25,2,Month-to-month,Mailed check,No,0.2945869499,False
7674-YTAFD,0,79.95,33,One year,Bank transfer (automatic),Fiber optic,0.2945776858,False
0208-BPQEJ,0,19.4,12,Month-to-month,Bank transfer (automatic),No,0.2944781189,False
5193-QLVZB,0,104.75,63,Two year,Bank transfer (automatic),Fiber optic,0.294388949,False
2805-EDJPQ,0,99.75,56,One year,Credit card (automatic),Fiber optic,0.2941787585,False
8410-BGQXN,0,19.4,4,Month-to-month,Mailed check,No,0.294069941,False
3275-RHRNE,0,60.0,28,One year,Credit card (automatic),DSL,0.2938990615,False
7856-GANIL,0,98.7,45,One year,Bank transfer (automatic),Fiber optic,0.2937117448,False
2683-JXWQQ,0,33.6,61,Month-to-month,Bank transfer (automatic),DSL,0.2936889194,False
3703-TTEPD,0,65.35,21,Month-to-month,Bank transfer (automatic),DSL,0.2935206793,False
5269-NRGDP,0,73.15,42,One year,Electronic check,DSL,0.2925218155,False
7607-QKKTJ,0,95.0,45,One year,Credit card (automatic),Fiber optic,0.2924871564,False
1591-MQJTP,0,93.65,51,One year,Bank transfer (automatic),Fiber optic,0.2924429118,False
0750-EBAIU,0,91.25,52,One year,Electronic check,Fiber optic,0.2924295218,False
9033-EOXWV,1,74.05,12,One year,Mailed check,DSL,0.2923856588,True
4973-RLZVI,0,74.65,30,One year,Credit card (automatic),DSL,0.292252595,False
5989-OMNJE,0,57.6,24,One year,Electronic check,DSL,0.2920215937,False
2379-GYFLQ,0,94.9,46,One year,Credit card (automatic),Fiber optic,0.2917555883,False
4353-HYOJD,0,49.85,27,Month-to-month,Mailed check,DSL,0.2917410199,False
8947-YRTDV,0,94.8,32,One year,Mailed check,Fiber optic,0.2915447273,False
1543-LLLFT,0,98.3,61,One year,Mailed check,Fiber optic,0.2914116156,False
6231-WFGFH,0,20.5,4,Month-to-month,Mailed check,No,0.2912288596,False
6968-MHOMU,0,45.0,58,One year,Credit card (automatic),DSL,0.2912197003,False
7521-YXVZY,0,19.95,3,Month-to-month,Mailed check,No,0.2911854019,False
4770-QAZXN,0,19.45,13,Month-to-month,Credit card (automatic),No,0.2911107738,False
9863-JZAIC,1,55.0,35,Month-to-month,Mailed check,DSL,0.2910780439,True
3750-RNQKR,0,19.45,12,Month-to-month,Mailed check,No,0.2909851166,False
1397-XKKWR,0,35.3,7,One year,Mailed check,DSL,0.2909046285,False
3077-RSNTJ,0,19.7,6,Month-to-month,Mailed check,No,0.2908957483,False
5222-JCXZT,0,19.0,4,Month-to-month,Mailed check,No,0.290652105,False
1449-XQEMT,1,19.8,3,Month-to-month,Mailed check,No,0.2906112521,True
7108-DGVUU,0,71.7,21,One year,Bank transfer (automatic),DSL,0.2904489382,False
4508-OEBEY,0,75.5,31,One year,Credit card (automatic),DSL,0.2904211011,False
5478-JJVZK,0,60.9,33,Month-to-month,Mailed check,DSL,0.2903120564,False
2732-ISEZX,0,20.5,5,Month-to-month,Mailed check,No,0.2901720954,False
9367-OIUXP,0,20.7,4,Month-to-month,Mailed check,No,0.2901700275,False
4837-QUSFT,0,100.15,65,One year,Bank transfer (automatic),Fiber optic,0.2899762586,False
2087-QAREY,0,54.7,22,Month-to-month,Mailed check,DSL,0.2899678004,False
9554-DFKIC,0,54.45,30,Month-to-month,Bank transfer (automatic),DSL,0.2899512835,False
1735-XMJVH,0,19.35,8,Month-to-month,Mailed check,No,0.2896241919,False
0310-VQXAM,0,19.85,9,Month-to-month,Mailed check,No,0.2895982498,False
6075-QMNRR,0,49.75,52,Month-to-month,Bank transfer (automatic),DSL,0.2895026721,False
2794-XIMMO,1,60.45,53,One year,Electronic check,DSL,0.2894595138,True
1247-QBVSH,0,50.2,43,Month-to-month,Mailed check,DSL,0.2893186723,False
4011-ARPHK,0,50.35,27,Month-to-month,Mailed check,DSL,0.289144262,False
0303-WMMRN,0,19.25,5,Month-to-month,Mailed check,No,0.2890557585,False
0690-SRQID,0,19.65,4,Month-to-month,Mailed check,No,0.2888719697,False
4801-KFYKL,0,19.45,8,Month-to-month,Bank transfer (automatic),No,0.2887251235,False
9929-PLVPA,0,20.4,4,Month-to-month,Credit card (automatic),No,0.2886519719,False
6728-CZFEI,0,56.15,15,One year,Mailed check,DSL,0.2884554027,False
4430-YHXGG,0,25.45,4,Month-to-month,Mailed check,No,0.2883813833,False
6733-LRIZX,0,108.95,35,Two year,Electronic check,Fiber optic,0.2882730256,False
0136-IFMYD,0,109.95,69,Two year,Electronic check,Fiber optic,0.2882253854,False
7820-ZYGNY,0,90.45,63,One year,Credit card (automatic),Fiber optic,0.2881224439,False
6749-UTDVX,0,103.65,72,Two year,Electronic check,Fiber optic,0.2880685751,False
4622-YNKIJ,0,88.95,33,Two year,Electronic check,Fiber optic,0.2878810079,False
4002-BQWPQ,0,81.75,25,Month-to-month,Bank transfer (automatic),DSL,0.2877427306,False
9200-NLNPD,0,54.05,56,One year,Bank transfer (automatic),DSL,0.2875587595,False
4075-JFPGR,0,93.5,51,One year,Electronic check,Fiber optic,0.2872806884,False
2898-LSJGD,1,55.95,21,One year,Electronic check,DSL,0.2872029777,True
5756-JYOJT,0,64.9,11,One year,Credit card (automatic),DSL,0.2871990852,False
4726-DLWQN,0,70.35,50,Month-to-month,Bank transfer (automatic),DSL,0.2871235784,False
7629-WFGLW,0,95.65,56,One year,Electronic check,Fiber optic,0.2870470648,False
5286-YHCVC,0,104.8,72,Two year,Bank transfer (automatic),Fiber optic,0.2867448345,False
6682-QJDGB,1,55.25,40,Month-to-month,Mailed check,DSL,0.2867061654,True
1428-IEDPR,0,109.3,52,Two year,Electronic check,Fiber optic,0.2865526732,False
1114-CENIM,1,55.0,54,Month-to-month,Credit card (automatic),DSL,0.286257619,True
1866-NXPSP,0,75.55,36,One year,Mailed check,DSL,0.2862399248,False
4129-LYCOI,0,104.0,67,Two year,Electronic check,Fiber optic,0.286111651,False
3104-OWCGK,1,90.95,60,One year,Electronic check,Fiber optic,0.2860429424,True
4923-ADWXJ,0,65.8,25,Month-to-month,Bank transfer (automatic),DSL,0.2858145946,False
5832-EXGTT,0,60.2,29,Month-to-month,Mailed check,DSL,0.2856713299,False
4776-XSKYQ,0,30.25,12,One year,Credit card (automatic),DSL,0.2853043378,False
2065-MMKGR,0,71.0,29,One year,Credit card (automatic),DSL,0.285062757,False
4926-UMJZD,0,49.2,31,Month-to-month,Mailed check,DSL,0.2850505992,False
3313-QKNKB,1,85.55,59,One year,Electronic check,Fiber optic,0.2850198116,True
7446-KQISO,0,109.75,45,Two year,Bank transfer (automatic),Fiber optic,0.2849626063,False
1121-QSIVB,0,77.55,44,One year,Mailed check,DSL,0.2846961292,False
2851-MMUTZ,0,56.15,27,Month-to-month,Mailed check,DSL,0.2846557263,False
1925-GMVBW,0,20.55,5,Month-to-month,Credit card (automatic),No,0.2845931461,False
0708-SJDIS,0,65.0,34,Month-to-month,Mailed check,DSL,0.2845810413,False
1855-CFULU,0,20.05,4,Month-to-month,Mailed check,No,0.2840753469,False
3181-MIZBN,0,19.75,16,Month-to-month,Electronic check,No,0.2840531853,False
8295-FHIVV,0,19.4,7,Month-to-month,Mailed check,No,0.2838137605,False
1386-ZIKUV,0,18.95,7,Month-to-month,Mailed check,No,0.2837081761,False
0471-LVHGK,1,73.0,41,One year,Electronic check,DSL,0.283566123,True
0484-FFVBJ,0,64.85,32,One year,Bank transfer (automatic),DSL,0.2833839524,False
8713-IGZSO,0,24.85,2,Month-to-month,Mailed check,No,0.283349085,False
9931-KGHOA,0,55.0,46,Month-to-month,Bank transfer (automatic),DSL,0.2831386454,False
1004-NOZNR,0,94.8,56,One year,Credit card (automatic),Fiber optic,0.2830169577,False
3224-DFQNQ,0,89.0,66,One year,Electronic check,Fiber optic,0.282702868,False
1452-XRSJV,0,51.05,39,Month-to-month,Credit card (automatic),DSL,0.2826248886,False
5315-CKEQK,0,51.0,28,One year,Electronic check,DSL,0.2823707724,False
1991-VOPLL,0,19.05,9,Month-to-month,Mailed check,No,0.2823049939,False
9364-YKUVW,0,19.8,15,Month-to-month,Mailed check,No,0.2821375828,False
5013-SBUIH,1,109.65,50,Two year,Electronic check,Fiber optic,0.2820942471,True
2858-MOFSQ,1,55.85,17,One year,Mailed check,DSL,0.2820616245,True
4072-IPYLT,0,51.05,36,Month-to-month,Credit card (automatic),DSL,0.2820275658,False
6937-GCDGQ,0,48.95,19,One year,Bank transfer (automatic),DSL,0.2817253096,False
9798-DRYDS,0,61.95,17,One year,Mailed check,DSL,0.281647747,False
2023-VQFDL,0,19.0,18,Month-to-month,Electronic check,No,0.2816303187,False
3374-TTZTK,0,106.3,52,Two year,Electronic check,Fiber optic,0.2813629484,False
4119-ZYPZY,0,106.8,71,Two year,Electronic check,Fiber optic,0.2812718859,False
4797-MIWUM,0,20.25,7,Month-to-month,Bank transfer (automatic),No,0.2810429448,False
2639-UGMAZ,0,56.45,71,One year,Electronic check,DSL,0.2810325548,False
5197-PYEPU,0,94.45,42,One year,Credit card (automatic),Fiber optic,0.281003673,False
7361-YPXFS,0,64.45,28,Month-to-month,Bank transfer (automatic),DSL,0.2808392236,False
1309-XGFSN,0,80.85,52,One year,Electronic check,DSL,0.2804669339,False
6345-ULYRW,1,88.4,44,One year,Mailed check,Fiber optic,0.2804554409,True
5345-BMKWB,0,20.25,8,Month-to-month,Mailed check,No,0.2803136385,False
5396-IZEPB,0,19.7,9,Month-to-month,Credit card (automatic),No,0.2801880815,False
7036-ZZKBD,0,66.4,31,Month-to-month,Credit card (automatic),DSL,0.2799262748,False
2307-FYNNL,0,109.05,65,Two year,Electronic check,Fiber optic,0.2798819255,False
7343-EOBEU,0,23.6,3,Month-to-month,Mailed check,No,0.2798288969,False
6035-RIIOM,0,97.2,54,Two year,Bank transfer (automatic),Fiber optic,0.2796990679,False
6164-HXUGH,0,19.85,6,Month-to-month,Mailed check,No,0.2796256206,False
5360-LJCNJ,0,105.15,71,Two year,Bank transfer (automatic),Fiber optic,0.2794690109,False
2019-HDCZY,0,102.6,63,Two year,Electronic check,Fiber optic,0.2794642832,False
0377-JBKKT,0,57.95,22,Month-to-month,Mailed check,DSL,0.2793916668,False
1371-WEPDS,0,55.8,40,One year,Electronic check,DSL,0.2792110005,False
5562-BETPV,0,19.65,1,One year,Mailed check,No,0.2791425627,False
4385-ZKVNW,0,54.9,44,Month-to-month,Bank transfer (automatic),DSL,0.2789978806,False
1045-LTCYT,0,21.05,8,Month-to-month,Credit card (automatic),No,0.2789146584,False
2239-CFOUJ,0,20.4,1,One year,Mailed check,No,0.278619288,False
5155-AZQPB,0,49.9,28,Month-to-month,Mailed check,DSL,0.2783913682,False
0723-FDLAY,0,85.25,44,One year,Bank transfer (automatic),DSL,0.2781563985,False
1064-FBXNK,0,19.85,1,One year,Credit card (automatic),No,0.2779913791,False
7576-ASEJU,0,74.7,41,One year,Credit card (automatic),DSL,0.2779357625,False
1257-SXUXQ,0,19.45,5,Month-to-month,Mailed check,No,0.277340258,False
2159-TURXX,0,20.05,5,Month-to-month,Credit card (automatic),No,0.277261204,False
7839-NUIAA,0,59.8,61,Month-to-month,Electronic check,DSL,0.277078573,False
1009-IRMNA,1,20.0,7,Month-to-month,Bank transfer (automatic),No,0.2770778898,True
9367-TCUYN,0,20.1,12,Month-to-month,Mailed check,No,0.2770036503,False
1116-DXXDF,0,100.45,39,Two year,Electronic check,Fiber optic,0.2766386317,False
7614-QVWQL,1,51.8,49,One year,Bank transfer (automatic),DSL,0.2759357372,True
4946-EDSEW,1,19.25,11,Month-to-month,Mailed check,No,0.2759147112,True
1087-UDSIH,1,19.6,3,Month-to-month,Mailed check,No,0.2758092046,True
2773-OVBPK,0,111.3,67,Two year,Bank transfer (automatic),Fiber optic,0.2756376762,False
0743-HRVFF,0,56.15,51,One year,Electronic check,DSL,0.275587717,False
9644-KVCNC,0,92.15,66,One year,Bank transfer (automatic),Fiber optic,0.2755538207,False
3096-YXENJ,0,107.65,65,Two year,Bank transfer (automatic),Fiber optic,0.275348138,False
5473-KHBPS,0,95.7,52,One year,Credit card (automatic),Fiber optic,0.2753363691,False
8865-TNMNX,0,49.55,10,One year,Mailed check,DSL,0.2751966894,False
4501-UYKBC,0,69.1,46,One year,Credit card (automatic),DSL,0.2751142214,False
7716-YTYHG,1,82.05,48,One year,Mailed check,Fiber optic,0.2749799221,True
3407-QGWLG,0,20.05,3,Month-to-month,Mailed check,No,0.274773554,False
8752-GHJFU,0,92.0,71,One year,Electronic check,Fiber optic,0.274759975,False
2988-QRAJY,0,110.05,69,Two year,Credit card (automatic),Fiber optic,0.2747220287,False
5151-HQRDG,0,55.05,37,Month-to-month,Mailed check,DSL,0.2743636889,False
4160-AMJTL,1,19.65,8,Month-to-month,Electronic check,No,0.2740099173,True
6994-ORCWG,0,54.25,14,One year,Mailed check,DSL,0.2736246871,False
4419-UJMUS,0,99.35,69,Two year,Electronic check,Fiber optic,0.2733949497,False
3863-IUBJR,1,53.65,12,One year,Credit card (automatic),DSL,0.273286775,True
7432-FFVAR,0,90.95,46,One year,Bank transfer (automatic),Fiber optic,0.2732658916,False
1142-IHLOO,0,87.55,51,One year,Credit card (automatic),Fiber optic,0.2731758171,False
2371-JUNGC,0,20.25,11,Month-to-month,Mailed check,No,0.2729774786,False
4986-MXSFP,0,20.0,2,Month-to-month,Mailed check,No,0.2728651104,False
9488-FYQAU,0,109.25,63,Two year,Bank transfer (automatic),Fiber optic,0.2724594364,False
7764-BDPEE,0,20.85,3,Month-to-month,Mailed check,No,0.2723086257,False
9086-YJYXS,0,77.2,34,One year,Bank transfer (automatic),DSL,0.2722542486,False
1710-RCXUS,0,90.35,51,One year,Credit card (automatic),Fiber optic,0.2721955424,False
0114-RSRRW,0,19.95,10,Month-to-month,Bank transfer (automatic),No,0.2720424289,False
2410-CIYFZ,0,20.4,2,Month-to-month,Mailed check,No,0.2715131298,False
7931-PXHFC,1,62.3,38,One year,Mailed check,DSL,0.2713408445,True
6265-SXWBU,0,95.75,69,One year,Credit card (automatic),Fiber optic,0.2712356555,False
2439-QKJUL,0,20.25,5,Month-to-month,Mailed check,No,0.2711939258,False
1697-BCSHV,0,66.8,58,Month-to-month,Bank transfer (automatic),DSL,0.2711215052,False
2428-ZMCTB,0,19.75,10,Month-to-month,Credit card (automatic),No,0.2710322322,False
9259-PACGQ,1,62.65,34,Month-to-month,Electronic check,DSL,0.270977189,True
5640-CAXOA,0,40.35,30,One year,Credit card (automatic),DSL,0.2709281829,False
8845-LWKGE,0,64.5,30,One year,Electronic check,DSL,0.2707290828,False
2402-TAIRZ,0,80.05,37,One year,Electronic check,Fiber optic,0.2706589971,False
7234-KMNRQ,0,19.0,4,Month-to-month,Mailed check,No,0.2706549088,False
7968-QUXNS,0,18.95,6,Month-to-month,Mailed check,No,0.2706212867,False
5913-INRQV,0,90.15,34,One year,Mailed check,Fiber optic,0.2705038297,False
4486-EFAEB,0,20.4,13,Month-to-month,Electronic check,No,0.2704435927,False
9691-HKOVS,0,90.15,55,One year,Electronic check,DSL,0.270104189,False
3026-ATZYV,0,75.1,37,One year,Bank transfer (automatic),DSL,0.2700942308,False
8319-QBEHW,0,39.95,26,One year,Bank transfer (automatic),DSL,0.2700225341,False
7156-MXBJE,0,85.1,43,One year,Credit card (automatic),DSL,0.2698012271,False
8879-ZKJOF,0,79.85,41,One year,Bank transfer (automatic),DSL,0.2697572026,False
7657-DYEPJ,1,70.15,38,One year,Credit card (automatic),DSL,0.2696573206,True
1447-PJGGA,1,95.25,57,Two year,Electronic check,Fiber optic,0.2691703434,True
4198-VFOEA,0,33.6,12,One year,Mailed check,DSL,0.2688318434,False
9114-AAFQH,0,65.65,48,One year,Electronic check,DSL,0.2688303512,False
7136-IHZJA,0,71.35,40,Month-to-month,Mailed check,DSL,0.2684862504,False
0930-EHUZA,0,76.35,36,One year,Mailed check,DSL,0.2683344337,False
1409-PHXTF,0,110.45,54,Two year,Electronic check,Fiber optic,0.2681069115,False
9770-KXGQU,0,98.6,53,One year,Mailed check,Fiber optic,0.2678117638,False
4020-KIUDI,0,19.85,6,Month-to-month,Credit card (automatic),No,0.2677117434,False
0557-ASKVU,0,54.4,18,One year,Credit card (automatic),DSL,0.2676024548,False
2150-UWTFY,1,61.15,22,Month-to-month,Mailed check,DSL,0.2674381024,True
0665-XHDJU,0,99.4,72,Two year,Electronic check,Fiber optic,0.267220743,False
6979-TNDEU,0,19.2,8,Month-to-month,Mailed check,No,0.2671871154,False
7094-MSZAO,0,20.05,10,Month-to-month,Credit card (automatic),No,0.2671069455,False
5955-EPOAZ,0,20.95,6,Month-to-month,Mailed check,No,0.2670506529,False
9565-JSNFM,1,70.45,38,One year,Bank transfer (automatic),Fiber optic,0.2670174532,True
2363-BJLSL,0,80.4,62,Month-to-month,Bank transfer (automatic),DSL,0.2669097862,False
1732-FEKLD,0,94.75,54,One year,Bank transfer (automatic),Fiber optic,0.2667309987,False
2223-KAGMX,1,19.4,15,Month-to-month,Bank transfer (automatic),No,0.26668567,True
1265-XTECC,1,96.55,68,One year,Credit card (automatic),Fiber optic,0.2665474973,True
6776-TLWOI,1,19.85,3,Month-to-month,Mailed check,No,0.2664466014,True
2928-HLDBA,0,20.7,6,Month-to-month,Mailed check,No,0.2664436055,False
5514-YQENT,0,111.15,41,Two year,Electronic check,Fiber optic,0.2663941288,False
7925-PNRGI,0,81.3,45,Month-to-month,Mailed check,DSL,0.2662295525,False
0750-EKNGL,0,20.75,7,Month-to-month,Mailed check,No,0.2662128356,False
2391-IPLOP,0,69.65,50,One year,Electronic check,DSL,0.2659285007,False
2450-ZKEED,0,53.8,11,One year,Bank transfer (automatic),DSL,0.2658103942,False
5160-UXJED,0,44.6,17,One year,Mailed check,DSL,0.2656389678,False
8080-POTJR,0,79.3,30,One year,Credit card (automatic),DSL,0.2656284785,False
9405-GPBBG,0,110.5,64,Two year,Credit card (automatic),Fiber optic,0.2655851521,False
5012-YSPJJ,0,54.35,31,Month-to-month,Mailed check,DSL,0.2655740796,False
0257-KXZGU,0,62.45,32,Month-to-month,Bank transfer (automatic),DSL,0.2655319474,False
6490-FGZAT,0,20.65,6,Month-to-month,Mailed check,No,0.2655191001,False
7217-JYHOQ,0,70.3,24,Month-to-month,Credit card (automatic),DSL,0.2655082603,False
3675-YDUPJ,0,19.85,10,Month-to-month,Mailed check,No,0.2654789768,False
9170-GYZJC,1,79.9,41,Month-to-month,Credit card (automatic),DSL,0.265262981,True
1099-BTKWT,0,54.4,68,One year,Electronic check,DSL,0.2651456658,False
6242-SGYTS,0,94.95,62,One year,Credit card (automatic),Fiber optic,0.265045777,False
8746-OQQRW,0,25.25,4,Month-to-month,Mailed check,No,0.2647970925,False
8138-EALND,0,19.75,15,Month-to-month,Mailed check,No,0.2646437091,False
9972-NKTFD,0,54.65,28,Month-to-month,Bank transfer (automatic),DSL,0.2645532941,False
8851-RAGOV,0,71.05,25,Month-to-month,Mailed check,DSL,0.2645058581,False
6732-FZUGP,0,94.9,47,One year,Credit card (automatic),Fiber optic,0.264178162,False
6621-YOBKI,0,20.35,5,Month-to-month,Mailed check,No,0.2640204094,False
9027-YFHQJ,0,25.05,7,Month-to-month,Bank transfer (automatic),No,0.2639730797,False
3011-WQKSZ,0,20.0,19,Month-to-month,Electronic check,No,0.2639705736,False
9609-BENEA,0,69.0,35,One year,Electronic check,DSL,0.2638284789,False
0723-VSOBE,0,34.2,45,One year,Electronic check,DSL,0.2636368308,False
4732-RRJZC,0,20.25,7,Month-to-month,Mailed check,No,0.2635335515,False
3981-QSVQI,0,19.7,8,Month-to-month,Bank transfer (automatic),No,0.2633946121,False
8984-EYLLL,0,105.25,64,Two year,Electronic check,Fiber optic,0.2632824463,False
8996-ZROXE,0,53.5,57,One year,Electronic check,DSL,0.2629691386,False
0489-WMEMG,0,49.45,23,One year,Electronic check,DSL,0.2626673911,False
0960-HUWBM,0,104.1,65,Two year,Bank transfer (automatic),Fiber optic,0.2625523931,False
3417-TSCIC,0,24.85,29,One year,Mailed check,DSL,0.2625447198,False
6549-YMFAW,0,21.25,9,Month-to-month,Mailed check,No,0.2624376442,False
7519-JTWQH,0,110.5,69,Two year,Bank transfer (automatic),Fiber optic,0.262350841,False
9578-FOMUK,0,24.8,15,Month-to-month,Electronic check,No,0.2622761097,False
1345-GKDZZ,0,19.55,6,Month-to-month,Mailed check,No,0.2621605309,False
2558-BUOZZ,0,94.8,47,One year,Bank transfer (automatic),Fiber optic,0.2620769353,False
7102-JJVTX,0,48.6,9,One year,Mailed check,DSL,0.2619671762,False
1090-PYKCI,0,105.1,69,One year,Credit card (automatic),Fiber optic,0.2618659449,False
4558-CGYCZ,0,19.75,4,Month-to-month,Mailed check,No,0.2614001794,False
7610-TVOPG,0,26.35,15,Month-to-month,Electronic check,No,0.2613495299,False
4274-DRSQT,0,88.9,66,One year,Bank transfer (automatic),Fiber optic,0.2610899852,False
6296-DDOOR,0,58.2,19,One year,Electronic check,DSL,0.2609612434,False
1925-LFCZZ,0,50.05,55,One year,Bank transfer (automatic),DSL,0.2609515692,False
3428-MMGUB,0,89.55,60,Two year,Electronic check,Fiber optic,0.2606772798,False
5236-XMZJY,0,59.65,42,Month-to-month,Bank transfer (automatic),DSL,0.2604069866,False
7740-BTPUX,0,113.6,55,Two year,Electronic check,Fiber optic,0.2603949256,False
4785-QRJHC,1,59.9,46,One year,Bank transfer (automatic),DSL,0.2603170458,True
1099-GODLO,0,20.35,1,Two year,Mailed check,No,0.2601218882,False
4903-UYAVB,1,19.35,5,Month-to-month,Mailed check,No,0.2600612216,True
8107-RZLNV,0,106.3,72,Two year,Bank transfer (automatic),Fiber optic,0.2597161354,False
7219-TLZHO,0,20.85,4,Month-to-month,Mailed check,No,0.2596464319,False
9931-DCEZH,0,54.4,28,One year,Credit card (automatic),DSL,0.2595734868,False
8707-RMEZH,0,87.3,69,One year,Credit card (automatic),Fiber optic,0.2594487624,False
0975-UYDTX,0,90.1,26,One year,Credit card (automatic),DSL,0.2591898585,False
6586-PSJOX,0,55.2,15,One year,Credit card (automatic),DSL,0.2591663154,False
9786-IJYDL,0,113.2,35,Two year,Mailed check,Fiber optic,0.25916515,False
6131-JLWZM,0,20.3,13,Month-to-month,Mailed check,No,0.2591130481,False
7964-YESJC,0,66.3,24,Month-to-month,Mailed check,DSL,0.2588998714,False
8404-VLQFB,0,25.25,15,Month-to-month,Electronic check,No,0.2586164163,False
2466-NEJOJ,0,19.65,8,Month-to-month,Credit card (automatic),No,0.2585185993,False
4182-BGSIQ,0,19.8,10,Month-to-month,Bank transfer (automatic),No,0.258292986,False
7105-BENQF,0,64.85,15,One year,Mailed check,DSL,0.2582703298,False
3351-NQLDI,1,94.35,67,One year,Credit card (automatic),Fiber optic,0.2581388587,True
1696-HXOWK,0,95.65,71,One year,Mailed check,Fiber optic,0.258096181,False
4654-DLAMQ,0,97.0,64,One year,Bank transfer (automatic),Fiber optic,0.25793482,False
0201-MIBOL,0,102.4,66,Two year,Bank transfer (automatic),Fiber optic,0.2577879556,False
9933-QRGTX,0,97.2,60,Two year,Electronic check,Fiber optic,0.2574032122,False
8224-IVVPA,0,56.7,27,Month-to-month,Mailed check,DSL,0.2573669083,False
2202-OUTMO,0,60.85,34,Month-to-month,Bank transfer (automatic),DSL,0.257259589,False
8944-AILEF,0,19.45,15,Month-to-month,Credit card (automatic),No,0.2571616289,False
3259-FDWOY,1,106.0,71,Two year,Bank transfer (automatic),Fiber optic,0.2567899042,True
1094-BKOSX,0,51.0,45,One year,Bank transfer (automatic),DSL,0.2566629659,False
8006-PYCSW,0,20.1,2,Month-to-month,Mailed check,No,0.2565562648,False
1150-FTQGN,0,94.15,60,One year,Bank transfer (automatic),Fiber optic,0.2564841312,False
7516-GMHUV,0,105.05,50,Two year,Credit card (automatic),Fiber optic,0.2563324488,False
0549-CYCQN,0,79.6,51,One year,Bank transfer (automatic),Fiber optic,0.2561782447,False
8945-MUQUF,1,94.8,51,One year,Electronic check,Fiber optic,0.2560835372,True
9938-ZREHM,0,72.1,37,One year,Mailed check,DSL,0.2560257521,False
5268-DSMNQ,0,97.95,62,One year,Credit card (automatic),Fiber optic,0.2559829922,False
4023-RTIQM,0,50.4,31,One year,Credit card (automatic),DSL,0.2559474102,False
9495-REDIY,0,40.65,25,One year,Credit card (automatic),DSL,0.2559438814,False
5032-USPKF,0,84.1,38,One year,Bank transfer (automatic),DSL,0.2557472572,False
3552-CTCYF,0,104.8,63,Two year,Bank transfer (automatic),Fiber optic,0.2557322016,False
8065-QBYTO,0,99.65,71,One year,Credit card (automatic),Fiber optic,0.2556185601,False
0266-CLZKZ,0,105.65,67,Two year,Bank transfer (automatic),Fiber optic,0.2555279795,False
6250-CGGUN,0,84.4,54,One year,Electronic check,Fiber optic,0.2553099051,False
6941-KXRRV,0,58.95,48,One year,Bank transfer (automatic),DSL,0.2552279288,False
3214-IYUUQ,0,93.7,61,One year,Bank transfer (automatic),Fiber optic,0.2552244677,False
8401-EMUWF,0,69.4,42,Month-to-month,Bank transfer (automatic),DSL,0.2548441602,False
5766-XQXMQ,1,68.85,29,Month-to-month,Bank transfer (automatic),DSL,0.2547791097,True
2931-VUVJN,0,94.05,59,One year,Electronic check,Fiber optic,0.2547769919,False
8738-JOKAR,0,67.7,42,One year,Mailed check,DSL,0.2547193948,False
4759-PXTAN,0,80.1,59,One year,Electronic check,DSL,0.2546678755,False
6838-HVLXG,0,20.3,12,Month-to-month,Mailed check,No,0.2544792995,False
5577-OTWWW,1,19.75,15,Month-to-month,Bank transfer (automatic),No,0.254474223,True
7228-PAQPD,0,59.1,14,One year,Credit card (automatic),DSL,0.2544211473,False
6394-HHHZM,0,20.7,3,Month-to-month,Mailed check,No,0.2542025748,False
1784-BXEFA,0,20.55,10,Month-to-month,Mailed check,No,0.2541230531,False
7841-FCRQD,0,53.75,33,One year,Credit card (automatic),DSL,0.2538345862,False
6266-QHOJZ,0,89.85,65,One year,Electronic check,Fiber optic,0.2538087909,False
3012-VFFMN,0,20.65,7,Month-to-month,Mailed check,No,0.2536835907,False
2839-RFSQE,1,20.65,2,Month-to-month,Mailed check,No,0.2533601136,True
2294-SALNE,0,86.8,23,One year,Mailed check,Fiber optic,0.2531665075,False
2519-TWKFS,0,55.1,25,One year,Mailed check,DSL,0.253159845,False
7208-PSIHR,0,104.3,70,Two year,Bank transfer (automatic),Fiber optic,0.2531350079,False
7336-RLLRH,0,80.85,27,One year,Mailed check,DSL,0.2529089436,False
2316-ESMLS,0,33.15,12,One year,Credit card (automatic),DSL,0.2526525494,False
9762-YAQAA,0,81.4,39,One year,Credit card (automatic),Fiber optic,0.2525417336,False
1708-PBBOA,0,54.75,42,One year,Electronic check,DSL,0.2524983239,False
7266-GSSJX,0,20.45,11,Month-to-month,Electronic check,No,0.2524895978,False
2911-IJORQ,0,90.6,37,One year,Bank transfer (automatic),DSL,0.2523919324,False
1389-WNUIB,0,76.0,20,One year,Bank transfer (automatic),DSL,0.2522610653,False
4682-BLBUC,0,70.95,44,One year,Electronic check,DSL,0.2521113774,False
8221-EQDGL,0,61.0,35,Month-to-month,Mailed check,DSL,0.2520742144,False
5566-SOEZD,0,80.65,27,One year,Credit card (automatic),Fiber optic,0.252025508,False
2798-NYLMZ,0,108.55,71,Two year,Credit card (automatic),Fiber optic,0.2517580473,False
6663-JOCQO,0,75.25,31,One year,Bank transfer (automatic),DSL,0.2515959687,False
0347-UBKUZ,0,19.9,15,Month-to-month,Mailed check,No,0.2511659348,False
1264-FUHCX,0,56.3,49,One year,Credit card (automatic),DSL,0.2511330626,False
0516-UXRMT,0,92.05,62,One year,Electronic check,Fiber optic,0.2509792863,False
3729-OWRVL,0,110.35,65,Two year,Electronic check,Fiber optic,0.2509609451,False
8071-SBTRN,0,111.15,70,Two year,Mailed check,Fiber optic,0.2509535481,False
7470-DYNOE,0,61.1,53,One year,Electronic check,DSL,0.2508856514,False
9025-ZRPVR,1,18.95,9,Month-to-month,Mailed check,No,0.2507476553,True
0716-BQNDX,0,93.75,57,Two year,Electronic check,Fiber optic,0.2506482323,False
9677-AVKED,0,84.6,53,One year,Electronic check,DSL,0.2506190922,False
0345-XMMUG,0,108.9,46,Two year,Credit card (automatic),Fiber optic,0.250473412,False
6752-APNJL,0,54.5,42,Month-to-month,Mailed check,DSL,0.2504126425,False
1730-VFMWO,0,50.2,34,Month-to-month,Bank transfer (automatic),DSL,0.2503560201,False
7964-ZRKKG,0,88.4,67,One year,Bank transfer (automatic),Fiber optic,0.2501574966,False
6036-TTFYU,0,19.6,16,Month-to-month,Mailed check,No,0.2501224536,False
1921-KYSAY,0,68.6,41,One year,Electronic check,DSL,0.2499698368,False
5593-SUAOO,0,83.15,24,One year,Bank transfer (automatic),Fiber optic,0.249716838,False
8869-LIHMK,0,115.1,64,Two year,Bank transfer (automatic),Fiber optic,0.2495820379,False
0667-NSRGI,0,69.55,48,One year,Mailed check,DSL,0.2492017694,False
5384-ZTTWP,0,19.8,15,Month-to-month,Mailed check,No,0.2491591334,False
5061-PBXFW,0,61.4,32,Month-to-month,Bank transfer (automatic),DSL,0.2490133834,False
2651-ZCBXV,0,108.0,54,Two year,Credit card (automatic),Fiber optic,0.2489932695,False
7781-EWARA,0,60.35,70,One year,Electronic check,DSL,0.2486850532,False
4822-LPTYJ,0,103.75,72,Two year,Bank transfer (automatic),Fiber optic,0.2485103023,False
0440-MOGPM,0,80.55,41,One year,Electronic check,DSL,0.2485040036,False
2040-OBMLJ,0,81.7,31,One year,Credit card (automatic),Fiber optic,0.2483901177,False
4366-CTOUZ,0,100.2,50,Two year,Mailed check,Fiber optic,0.2483845852,False
5447-VYTKW,0,53.45,27,Month-to-month,Mailed check,DSL,0.2483737792,False
1707-HABPF,0,91.3,46,One year,Bank transfer (automatic),Fiber optic,0.2482735497,False
8089-UZWLX,0,104.05,71,Two year,Bank transfer (automatic),Fiber optic,0.2477502664,False
8498-XXGWA,0,55.15,65,Month-to-month,Mailed check,DSL,0.2476108245,False
2408-PSJVE,0,61.9,44,Month-to-month,Mailed check,DSL,0.2473199055,False
3915-ODIYG,0,71.75,60,One year,Electronic check,DSL,0.2470557052,False
1385-TQOZW,0,20.45,9,Month-to-month,Credit card (automatic),No,0.2470151413,False
4906-ZHGPK,0,70.7,54,One year,Electronic check,DSL,0.2469213704,False
8044-BGWPI,0,21.15,12,Month-to-month,Electronic check,No,0.2469073111,False
7976-CICYS,0,20.7,4,Month-to-month,Credit card (automatic),No,0.2463438593,False
9618-LFJRU,0,20.45,4,Month-to-month,Credit card (automatic),No,0.2461914314,False
6734-FQAJX,0,105.05,67,Two year,Electronic check,Fiber optic,0.2461368243,False
7184-LRUUR,0,65.25,22,One year,Bank transfer (automatic),DSL,0.2460962526,False
4063-EIKNQ,0,20.95,11,Month-to-month,Bank transfer (automatic),No,0.2459577826,False
5651-CRHKQ,0,86.2,41,One year,Bank transfer (automatic),Fiber optic,0.2456236356,False
0031-PVLZI,1,20.35,4,Month-to-month,Mailed check,No,0.2454948704,True
7036-TYDEC,0,104.0,69,Two year,Electronic check,Fiber optic,0.2454320815,False
1163-VIPRI,0,109.3,65,Two year,Electronic check,Fiber optic,0.2454215781,False
7696-AMHOD,0,78.0,49,One year,Credit card (automatic),DSL,0.2452034358,False
5795-KTGUD,0,110.8,68,Two year,Bank transfer (automatic),Fiber optic,0.2451145027,False
6297-NOOPG,0,110.5,70,Two year,Electronic check,Fiber optic,0.2450737485,False
1641-BYBTK,0,20.2,6,Month-to-month,Mailed check,No,0.2445953483,False
3617-XLSGQ,0,109.25,66,Two year,Bank transfer (automatic),Fiber optic,0.2445747828,False
5524-KHNJP,0,74.75,33,One year,Credit card (automatic),DSL,0.2445444878,False
9932-WBWIK,0,20.35,11,Month-to-month,Mailed check,No,0.2444508972,False
3363-DTIVD,0,105.55,71,Two year,Electronic check,Fiber optic,0.2443376517,False
6156-UZDLF,0,87.15,26,One year,Credit card (automatic),Fiber optic,0.2442869503,False
0278-YXOOG,1,21.05,5,Month-to-month,Mailed check,No,0.2442088486,True
2324-EFHVG,0,104.4,64,Two year,Bank transfer (automatic),Fiber optic,0.2441677644,False
1877-HKBQX,0,54.6,11,One year,Mailed check,DSL,0.2441363167,False
4611-ANLQC,0,50.05,60,One year,Electronic check,DSL,0.2438388471,False
6386-SZZKH,1,107.95,49,Two year,Bank transfer (automatic),Fiber optic,0.2435721822,True
6617-WLBQC,0,81.85,23,One year,Credit card (automatic),Fiber optic,0.2435344088,False
6778-JFCMK,0,50.6,24,One year,Mailed check,DSL,0.2435323839,False
1036-GUDCL,0,79.05,60,Month-to-month,Credit card (automatic),DSL,0.2434225686,False
1042-HFUCW,0,54.75,25,One year,Credit card (automatic),DSL,0.2433621418,False
0303-UNCIP,0,65.0,41,One year,Mailed check,DSL,0.2432113701,False
7531-GQHME,0,20.05,12,Month-to-month,Credit card (automatic),No,0.2431681724,False
7623-HKYRK,0,19.7,6,Month-to-month,Mailed check,No,0.2430204483,False
6112-KTHFQ,0,19.3,13,Month-to-month,Mailed check,No,0.2429865908,False
2038-YSEZE,0,67.45,29,Month-to-month,Mailed check,DSL,0.24295498,False
8387-UGUSU,0,20.05,15,Month-to-month,Mailed check,No,0.2428871244,False
9040-KZVWO,0,75.5,26,One year,Bank transfer (automatic),Fiber optic,0.2428723917,False
8405-IGQFX,0,90.05,63,One year,Credit card (automatic),Fiber optic,0.2426458949,False
9076-AXYIK,0,102.1,64,Two year,Electronic check,Fiber optic,0.2424202444,False
9386-LDCZR,0,90.65,43,One year,Credit card (automatic),Fiber optic,0.242280456,False
4694-PHWFW,0,19.95,8,Month-to-month,Mailed check,No,0.2419641792,False
6603-QWSPR,0,104.4,46,Two year,Bank transfer (automatic),Fiber optic,0.2417305179,False
7838-LAZFO,0,78.8,45,One year,Bank transfer (automatic),DSL,0.2416228165,False
7666-WKRON,1,80.45,39,Two year,Electronic check,Fiber optic,0.2415531779,True
8788-DOXSU,0,61.35,59,One year,Bank transfer (automatic),DSL,0.2414256882,False
7159-NOKYQ,0,93.15,67,Two year,Electronic check,Fiber optic,0.2412392226,False
4719-UMSIY,0,19.65,6,Month-to-month,Mailed check,No,0.2411700474,False
1621-YNCJH,0,106.05,36,Two year,Credit card (automatic),Fiber optic,0.2408715905,False
0080-EMYVY,0,51.45,14,One year,Credit card (automatic),DSL,0.2408576896,False
6103-QCKFX,0,56.25,44,Month-to-month,Bank transfer (automatic),DSL,0.2408500326,False
9432-RUVSL,0,102.5,48,Two year,Credit card (automatic),Fiber optic,0.2404186296,False
4390-KYULV,1,20.55,3,Month-to-month,Credit card (automatic),No,0.2402232814,True
7762-URZQH,1,106.05,66,Two year,Credit card (automatic),Fiber optic,0.2401561808,True
5397-TUPSH,0,70.95,65,One year,Bank transfer (automatic),Fiber optic,0.2401188547,False
6648-INWPS,0,20.15,16,Month-to-month,Electronic check,No,0.2401126083,False
2739-CCZMB,0,20.35,5,Month-to-month,Credit card (automatic),No,0.2400537886,False
8821-KVZKQ,0,58.4,70,One year,Bank transfer (automatic),DSL,0.2400242387,False
3186-AJIEK,0,105.65,66,Two year,Bank transfer (automatic),Fiber optic,0.2399312349,False
5774-XZTQC,0,20.45,7,Month-to-month,Mailed check,No,0.2397885054,False
6302-JGYRJ,1,79.45,31,One year,Mailed check,DSL,0.239732187,True
0810-BDHAW,0,78.4,24,One year,Electronic check,DSL,0.2396529133,False
5687-DKDTV,1,20.35,4,Month-to-month,Mailed check,No,0.2395486863,True
2277-BKJKN,0,99.2,71,Two year,Electronic check,Fiber optic,0.2395455368,False
9480-BQJEI,0,92.3,62,One year,Bank transfer (automatic),Fiber optic,0.2394702786,False
3441-CGZJH,0,60.4,43,One year,Credit card (automatic),DSL,0.23918318,False
4488-PSYCG,1,20.25,16,Month-to-month,Bank transfer (automatic),No,0.2391382555,True
3724-UCSHY,0,19.55,6,Month-to-month,Mailed check,No,0.2391323932,False
9388-ZEYVT,0,44.15,43,One year,Electronic check,DSL,0.2391306926,False
0384-LPITE,0,62.05,40,One year,Credit card (automatic),DSL,0.2389589741,False
0373-AIVNJ,0,39.55,9,One year,Mailed check,DSL,0.2389322101,False
6620-HVDUJ,0,60.45,24,Month-to-month,Bank transfer (automatic),DSL,0.2387732681,False
8910-ICHIU,0,95.65,46,One year,Credit card (automatic),Fiber optic,0.238728244,False
0112-QWPNC,1,84.35,49,One year,Electronic check,DSL,0.2386606416,True
9715-WZCLW,0,97.2,71,Two year,Electronic check,Fiber optic,0.2385206133,False
2930-UOTMB,1,65.25,31,Month-to-month,Credit card (automatic),DSL,0.2383698261,True
8409-WQJUX,0,54.2,25,One year,Electronic check,DSL,0.2383565693,False
5343-SGUBI,0,80.2,52,One year,Mailed check,Fiber optic,0.2383037818,False
6377-KSLXC,0,19.95,5,Month-to-month,Mailed check,No,0.2382575676,False
7691-KGKGP,0,65.0,53,Month-to-month,Credit card (automatic),DSL,0.2382329753,False
0661-WCQNQ,0,56.25,22,One year,Credit card (automatic),DSL,0.2380930274,False
7777-UNYHB,0,20.1,12,Month-to-month,Credit card (automatic),No,0.2379757028,False
1301-LOPVR,0,55.35,29,One year,Credit card (automatic),DSL,0.2379207427,False
2419-FSORS,0,108.4,72,Two year,Electronic check,Fiber optic,0.2378201916,False
0496-AHOOK,0,74.4,24,One year,Bank transfer (automatic),DSL,0.2376439911,False
8550-XSXUQ,0,70.55,48,One year,Credit card (automatic),DSL,0.2375117864,False
4627-MIHJH,0,110.25,69,Two year,Credit card (automatic),Fiber optic,0.237478707,False
4697-LUPSU,0,20.2,2,One year,Mailed check,No,0.2372749122,False
1702-CCFNJ,0,61.35,52,Month-to-month,Bank transfer (automatic),DSL,0.2372498493,False
6103-LIANB,0,99.5,59,Two year,Credit card (automatic),Fiber optic,0.2368974586,False
9289-LBQVU,0,70.15,64,One year,Mailed check,DSL,0.236865885,False
1095-WGNGG,0,101.05,61,Two year,Bank transfer (automatic),Fiber optic,0.2368330706,False
8707-HOEDG,0,110.2,70,Two year,Electronic check,Fiber optic,0.2366971301,False
4104-PVRPS,0,53.6,24,Month-to-month,Mailed check,DSL,0.2366949171,False
6838-YAUVY,0,95.1,54,Two year,Bank transfer (automatic),Fiber optic,0.2364051004,False
2233-TXSIU,0,44.45,17,One year,Credit card (automatic),DSL,0.2364009692,False
7105-MXJLL,0,60.7,26,One year,Mailed check,DSL,0.2361277097,False
7541-YLXCL,1,65.4,36,One year,Mailed check,DSL,0.2360880313,True
1696-MZVAU,0,25.25,39,One year,Credit card (automatic),DSL,0.2359481744,False
0594-UFTUL,0,19.85,13,Month-to-month,Mailed check,No,0.2359365609,False
9513-DXHDA,0,81.7,27,One year,Electronic check,DSL,0.2359150088,False
3137-NYQQI,0,64.8,17,One year,Mailed check,DSL,0.2358088969,False
0083-PIVIK,0,81.25,64,One year,Electronic check,DSL,0.2357729832,False
0098-BOWSO,0,19.4,27,Month-to-month,Electronic check,No,0.2356030983,False
2890-WFBHU,0,79.85,59,One year,Credit card (automatic),DSL,0.2353068404,False
9294-TDIPC,0,20.2,5,Month-to-month,Mailed check,No,0.2352586822,False
6261-RCVNS,1,73.9,42,One year,Credit card (automatic),DSL,0.2349274762,True
2717-HVIZY,0,20.05,8,Month-to-month,Mailed check,No,0.2346259966,False
9695-IDRZR,0,116.15,34,Two year,Credit card (automatic),Fiber optic,0.2345090493,False
9592-ERDKV,0,79.25,37,One year,Mailed check,DSL,0.2344971291,False
8314-DPQHL,0,50.8,9,One year,Mailed check,DSL,0.2343121664,False
8231-BSWXX,0,79.05,71,One year,Credit card (automatic),Fiber optic,0.2342953912,False
8220-OCUFY,0,60.25,21,One year,Electronic check,DSL,0.2342906705,False
0463-WZZKO,0,20.75,3,Month-to-month,Credit card (automatic),No,0.2340285142,False
7641-TQFHN,0,100.55,39,Two year,Mailed check,Fiber optic,0.2339712772,False
9938-TKDGL,0,99.55,68,Two year,Electronic check,Fiber optic,0.2339313636,False
4003-OCTMP,0,64.0,31,One year,Electronic check,DSL,0.233908692,False
0356-OBMAC,0,99.9,56,Two year,Bank transfer (automatic),Fiber optic,0.2338358137,False
3197-NNYNB,0,105.1,65,Two year,Credit card (automatic),Fiber optic,0.2335989055,False
0835-JKADZ,0,111.25,71,Two year,Electronic check,Fiber optic,0.2335436262,False
0679-TDGAK,0,75.5,50,One year,Electronic check,DSL,0.2331546259,False
4043-MKDTV,0,105.25,71,Two year,Electronic check,Fiber optic,0.2328954989,False
3766-EJLFL,0,109.05,68,Two year,Bank transfer (automatic),Fiber optic,0.2327489536,False
5915-DGNVC,0,71.8,49,One year,Electronic check,DSL,0.2324435673,False
0134-XWXCE,0,74.85,44,One year,Bank transfer (automatic),DSL,0.2322386675,False
3597-YASZG,0,104.45,70,Two year,Bank transfer (automatic),Fiber optic,0.2321004425,False
8929-KSWIH,0,99.3,25,Two year,Bank transfer (automatic),Fiber optic,0.2320125938,False
3612-YUNGG,0,109.2,64,Two year,Credit card (automatic),Fiber optic,0.2318579917,False
6308-CQRBU,0,109.25,71,Two year,Electronic check,Fiber optic,0.2316943603,False
8822-KNBHV,0,83.45,48,One year,Credit card (automatic),DSL,0.2314522946,False
7707-PYBBH,0,61.9,40,Month-to-month,Mailed check,DSL,0.2312070009,False
4522-XRWWI,0,80.45,42,One year,Credit card (automatic),DSL,0.2311075692,False
6352-GIGGQ,0,88.8,67,One year,Bank transfer (automatic),DSL,0.2309822734,False
9848-JQJTX,0,100.9,72,Two year,Bank transfer (automatic),Fiber optic,0.230901009,False
8318-LCNBW,0,53.15,35,One year,Credit card (automatic),DSL,0.2307108687,False
6258-NGCNG,0,23.5,7,Month-to-month,Mailed check,No,0.2306881919,False
7706-DZNKK,0,20.45,11,Month-to-month,Credit card (automatic),No,0.2305579874,False
4654-GGUII,0,40.2,18,One year,Mailed check,DSL,0.2304488289,False
9031-ZVQPT,0,108.2,72,Two year,Electronic check,Fiber optic,0.230430012,False
4369-NYSCF,0,75.75,56,One year,Bank transfer (automatic),DSL,0.2304107173,False
5018-LXQQG,0,66.3,30,Month-to-month,Bank transfer (automatic),DSL,0.2304008574,False
9351-LZYGF,0,66.4,42,Month-to-month,Credit card (automatic),DSL,0.2302588687,False
5944-UGLLK,0,54.9,53,One year,Credit card (automatic),DSL,0.2302164625,False
2073-QBVBI,0,35.45,41,One year,Mailed check,DSL,0.2302025259,False
7100-FQPRV,0,71.9,43,One year,Credit card (automatic),DSL,0.2301817687,False
3061-BCKYI,0,19.9,14,Month-to-month,Mailed check,No,0.2300874869,False
3354-OADJP,0,54.25,8,One year,Bank transfer (automatic),DSL,0.2299638862,False
6161-ERDGD,0,85.45,71,One year,Electronic check,DSL,0.2299494657,False
3733-UOCWF,0,85.55,61,One year,Bank transfer (automatic),Fiber optic,0.2298738954,False
6481-OGDOO,1,90.6,67,One year,Credit card (automatic),Fiber optic,0.2292259721,True
6303-KFWSL,0,55.25,29,One year,Electronic check,DSL,0.2292125185,False
6968-URWQU,0,56.35,43,One year,Mailed check,DSL,0.2291628205,False
1218-VKFPE,1,19.0,12,Month-to-month,Mailed check,No,0.2288236476,True
9987-LUTYD,0,55.15,13,One year,Mailed check,DSL,0.2287698155,False
7753-USQYQ,0,64.2,55,One year,Electronic check,DSL,0.2287422111,False
6671-NGWON,0,20.35,7,Month-to-month,Mailed check,No,0.2284461121,False
9512-PHSMG,0,20.55,10,Month-to-month,Mailed check,No,0.2284364403,False
2533-QVMSK,1,94.1,61,Two year,Electronic check,Fiber optic,0.2283867026,True
1563-IWQEX,0,19.7,12,Month-to-month,Mailed check,No,0.2281769516,False
4091-TVOCN,0,78.75,48,One year,Credit card (automatic),DSL,0.2281375412,False
3969-JQABI,0,65.25,58,Month-to-month,Credit card (automatic),DSL,0.2281141498,False
6990-YNRIO,1,108.65,65,Two year,Bank transfer (automatic),Fiber optic,0.2278852385,True
6040-CGACY,0,19.6,15,Month-to-month,Mailed check,No,0.2278366033,False
0607-MVMGC,0,78.75,45,One year,Credit card (automatic),DSL,0.2278328943,False
6478-HRRCZ,0,70.5,32,One year,Mailed check,DSL,0.2277214154,False
2522-WLNSF,0,64.2,34,One year,Bank transfer (automatic),DSL,0.2276966894,False
2292-XQWSV,0,60.3,40,One year,Mailed check,DSL,0.2276708854,False
8646-JCOMS,0,90.55,66,One year,Bank transfer (automatic),Fiber optic,0.2274890973,False
5055-BRMNE,0,106.7,67,Two year,Credit card (automatic),Fiber optic,0.2274847569,False
9146-JRIOX,0,25.55,14,Month-to-month,Mailed check,No,0.2272731635,False
4626-OZDTJ,0,78.65,51,One year,Credit card (automatic),DSL,0.2272244828,False
9577-WJVCQ,0,54.45,68,Month-to-month,Mailed check,DSL,0.2272009795,False
4730-AWNAU,0,60.7,36,One year,Credit card (automatic),DSL,0.2270980162,False
8439-LTUGF,0,20.0,10,Month-to-month,Credit card (automatic),No,0.2270519752,False
0983-TATYJ,0,51.45,33,One year,Mailed check,DSL,0.2266623571,False
3658-QQJYD,0,74.3,62,One year,Credit card (automatic),DSL,0.2266308327,False
4712-UYOOI,0,20.0,20,Month-to-month,Electronic check,No,0.2265750551,False
5872-OEQNH,0,44.45,60,One year,Electronic check,DSL,0.2263235779,False
6082-GLJIX,0,19.25,18,Month-to-month,Mailed check,No,0.2260905205,False
1898-JSNDC,0,58.6,39,One year,Credit card (automatic),DSL,0.2259817221,False
4079-ULGFR,0,20.0,16,Month-to-month,Mailed check,No,0.225723035,False
0568-ONFPC,1,25.9,5,Month-to-month,Bank transfer (automatic),No,0.2256943082,True
8079-XRJRS,1,89.75,65,One year,Electronic check,Fiber optic,0.2256630324,True
6933-VLYFX,0,59.95,31,One year,Electronic check,DSL,0.2255144011,False
6289-CPNLD,1,73.9,33,One year,Mailed check,DSL,0.2254802992,True
2332-EFBJY,1,19.7,16,Month-to-month,Mailed check,No,0.2254368603,True
3696-XRIEN,0,82.5,50,One year,Credit card (automatic),DSL,0.2253875466,False
7954-MLBUN,0,99.45,31,Two year,Bank transfer (automatic),Fiber optic,0.225376328,False
7833-PKIHD,0,76.4,51,One year,Bank transfer (automatic),DSL,0.2251875265,False
0305-SQECB,0,36.05,11,One year,Mailed check,DSL,0.2251667187,False
0840-DCNZE,0,86.95,47,One year,Bank transfer (automatic),DSL,0.2251228281,False
1137-DGOWI,0,70.25,30,One year,Bank transfer (automatic),DSL,0.2250427616,False
9411-TPQQV,0,54.55,40,One year,Bank transfer (automatic),DSL,0.2247730372,False
3571-DPYUH,0,94.7,58,One year,Credit card (automatic),Fiber optic,0.2247481458,False
5681-LLOEI,0,91.25,43,One year,Credit card (automatic),Fiber optic,0.2244088963,False
6322-HRPFA,0,59.6,49,Month-to-month,Credit card (automatic),DSL,0.2243788319,False
9139-TWBAS,0,47.85,26,One year,Bank transfer (automatic),DSL,0.2243745258,False
3847-BAERP,0,20.9,10,Month-to-month,Mailed check,No,0.2243051694,False
7472-EQOAV,0,86.7,71,One year,Bank transfer (automatic),Fiber optic,0.2233831948,False
7471-MQPOS,0,72.9,71,One year,Bank transfer (automatic),DSL,0.2233176506,False
3716-LRGXK,0,101.15,60,Two year,Credit card (automatic),Fiber optic,0.2232536847,False
5756-OZRIO,0,64.05,61,One year,Bank transfer (automatic),DSL,0.2230997105,False
1383-EZRWL,1,20.05,7,Month-to-month,Mailed check,No,0.222960625,True
9782-LGXMC,0,61.75,49,Month-to-month,Bank transfer (automatic),DSL,0.2229531079,False
7746-QYVCO,0,55.85,16,One year,Mailed check,DSL,0.2229192946,False
9378-FXTIZ,1,70.15,54,One year,Credit card (automatic),DSL,0.2228974864,True
6050-FFXES,0,105.35,69,Two year,Bank transfer (automatic),Fiber optic,0.2223256764,False
8261-GWDBQ,0,116.05,60,Two year,Bank transfer (automatic),Fiber optic,0.2222280024,False
8041-TMEID,0,108.5,63,Two year,Credit card (automatic),Fiber optic,0.2220588144,False
9586-JGQKH,0,105.4,64,Two year,Bank transfer (automatic),Fiber optic,0.2219220202,False
5025-GOOKI,0,18.9,20,Month-to-month,Credit card (automatic),No,0.2216638235,False
9959-WOFKT,0,106.7,71,Two year,Bank transfer (automatic),Fiber optic,0.221660184,False
8496-DMZUK,0,90.4,30,One year,Bank transfer (automatic),Fiber optic,0.2215338792,False
4576-CSAJH,1,55.15,22,One year,Credit card (automatic),DSL,0.2213994185,True
7998-ZLXWN,0,20.45,15,Month-to-month,Credit card (automatic),No,0.2212076134,False
4083-EUGRJ,1,20.25,9,Month-to-month,Mailed check,No,0.2212009325,True
7140-ADSMJ,0,20.45,8,Month-to-month,Credit card (automatic),No,0.2208642077,False
8465-SBRXP,0,94.9,38,Two year,Bank transfer (automatic),Fiber optic,0.2207888119,False
5089-IFSDP,1,109.45,58,Two year,Bank transfer (automatic),Fiber optic,0.2205545553,True
8317-BVKSO,0,20.05,14,Month-to-month,Electronic check,No,0.220503871,False
8963-MQVYN,0,20.55,22,Month-to-month,Electronic check,No,0.220414421,False
0787-LHDYT,0,20.6,16,Month-to-month,Credit card (automatic),No,0.2203915591,False
2834-JKOOW,0,45.9,15,One year,Mailed check,DSL,0.2202829859,False
5753-QQWPW,0,59.9,28,One year,Electronic check,DSL,0.220212273,False
6171-ZTVYB,0,66.25,43,Month-to-month,Bank transfer (automatic),DSL,0.2200836757,False
3530-CRZSB,0,20.65,7,Month-to-month,Mailed check,No,0.2200060225,False
8035-BUYVG,1,42.35,40,One year,Electronic check,DSL,0.2198648914,True
1136-XGEQU,0,84.15,50,One year,Credit card (automatic),DSL,0.219850733,False
5120-ZBLAI,0,75.7,50,One year,Bank transfer (automatic),DSL,0.2195659206,False
0380-ZCSBI,0,20.0,10,Month-to-month,Credit card (automatic),No,0.2195226044,False
4713-ZBURT,0,99.7,45,Two year,Bank transfer (automatic),Fiber optic,0.2194472399,False
1208-DNHLN,1,48.35,23,One year,Credit card (automatic),DSL,0.2194044207,True
9199-PWQVC,0,79.7,63,One year,Credit card (automatic),DSL,0.2192411907,False
5161-XEUVX,0,94.3,37,Two year,Mailed check,Fiber optic,0.2191050995,False
2710-WYVXG,0,71.1,3,Two year,Mailed check,DSL,0.2190569044,False
2242-MFOTG,0,80.1,33,One year,Bank transfer (automatic),Fiber optic,0.2188934919,False
4134-BSXLX,0,60.9,28,Month-to-month,Mailed check,DSL,0.2187427752,False
4199-QHJNM,0,102.9,67,Two year,Bank transfer (automatic),Fiber optic,0.2186050887,False
9730-DRTMJ,0,72.8,32,One year,Credit card (automatic),DSL,0.2182134947,False
1850-AKQEP,0,20.35,8,Month-to-month,Mailed check,No,0.218119266,False
2055-BFOCC,0,84.0,63,One year,Bank transfer (automatic),DSL,0.218093425,False
8735-NBLWT,0,20.4,9,Month-to-month,Mailed check,No,0.2177414428,False
3752-CQSJI,0,20.45,13,Month-to-month,Mailed check,No,0.2168472288,False
5294-CDGWY,1,59.3,51,One year,Electronic check,DSL,0.216796625,True
7182-OVLBJ,0,101.15,62,Two year,Bank transfer (automatic),Fiber optic,0.2166837264,False
9711-FJTBX,0,85.85,56,One year,Mailed check,Fiber optic,0.2163212105,False
8559-WNQZS,0,20.45,1,Two year,Mailed check,No,0.2161992369,False
0635-WKOLD,0,70.75,40,One year,Credit card (automatic),DSL,0.2158937956,False
5537-UXXVS,0,19.25,20,Month-to-month,Bank transfer (automatic),No,0.2157251587,False
4957-TIALW,0,65.6,15,One year,Credit card (automatic),DSL,0.2156680452,False
1544-JJMYL,0,69.35,27,One year,Credit card (automatic),DSL,0.2155128553,False
4636-OLWOE,0,61.0,54,One year,Electronic check,DSL,0.2154549357,False
1353-GHZOS,0,59.75,22,One year,Bank transfer (automatic),DSL,0.215337144,False
4903-CNOZC,0,70.9,29,One year,Credit card (automatic),DSL,0.2153207342,False
2636-SJDOU,0,84.3,64,One year,Credit card (automatic),Fiber optic,0.2152305024,False
5446-DKWYW,0,65.2,61,One year,Electronic check,DSL,0.2151021733,False
5020-ZSTTY,1,82.45,54,One year,Bank transfer (automatic),DSL,0.2150347636,True
5018-HEKFO,0,24.5,10,Month-to-month,Mailed check,No,0.2148812361,False
2546-KZAAT,0,75.4,52,One year,Mailed check,DSL,0.2148637081,False
0074-HDKDG,0,61.6,25,One year,Bank transfer (automatic),DSL,0.2147637341,False
7520-HQWJU,0,67.45,66,Month-to-month,Bank transfer (automatic),DSL,0.2146870241,False
4742-DRORA,0,95.4,60,One year,Bank transfer (automatic),Fiber optic,0.21453361,False
5815-HGGHV,0,64.15,20,One year,Mailed check,DSL,0.2145059913,False
8099-MZPUJ,0,111.8,48,Two year,Credit card (automatic),Fiber optic,0.2143848711,False
5153-LXKDT,0,110.2,68,Two year,Electronic check,Fiber optic,0.2143252776,False
6196-HBOBZ,0,99.35,65,Two year,Electronic check,Fiber optic,0.2141085506,False
4598-ZADCK,0,53.6,53,One year,Electronic check,DSL,0.2140953728,False
4881-GQJTW,0,19.6,14,Month-to-month,Credit card (automatic),No,0.2139922174,False
8097-VBQTZ,0,69.9,54,Month-to-month,Mailed check,DSL,0.2137389644,False
8819-ZBYNA,0,109.1,58,Two year,Credit card (automatic),Fiber optic,0.2134641696,False
2541-YGPKE,0,63.7,42,One year,Credit card (automatic),DSL,0.2133517073,False
1614-JBEBI,0,20.7,8,Month-to-month,Mailed check,No,0.2132233209,False
5663-QBGIS,0,98.35,72,Two year,Bank transfer (automatic),Fiber optic,0.2132018989,False
2483-XSSMZ,0,47.85,39,One year,Electronic check,DSL,0.2131133254,False
1183-CANVH,0,60.0,23,One year,Bank transfer (automatic),DSL,0.2129923685,False
6402-SSEJG,0,61.05,25,One year,Electronic check,DSL,0.2125930314,False
9702-AIUJO,0,44.8,50,One year,Bank transfer (automatic),DSL,0.2122240999,False
5917-HBSDW,0,19.35,37,Month-to-month,Electronic check,No,0.2121775302,False
0621-JFHOL,0,29.6,10,Two year,Mailed check,DSL,0.212162339,False
4806-DXQCE,0,113.65,70,Two year,Electronic check,Fiber optic,0.2120096602,False
6878-GGDWG,0,19.4,32,Month-to-month,Bank transfer (automatic),No,0.2120095241,False
9817-APLHW,0,25.0,12,Month-to-month,Electronic check,No,0.2119184054,False
6992-TKNYO,0,69.0,38,One year,Credit card (automatic),DSL,0.2118633326,False
8406-LNMHF,0,82.95,59,One year,Credit card (automatic),Fiber optic,0.2117727232,False
5229-DTFYB,0,98.8,41,Two year,Bank transfer (automatic),Fiber optic,0.2117368544,False
5236-PERKL,1,112.95,57,Two year,Bank transfer (automatic),Fiber optic,0.2113340036,True
8608-OZTLB,0,74.05,38,One year,Electronic check,DSL,0.2112816752,False
8782-NUUOL,0,79.0,60,One year,Mailed check,DSL,0.2111957905,False
4568-TTZRT,0,20.4,9,Month-to-month,Mailed check,No,0.2111851814,False
6445-TNRXS,0,114.7,68,Two year,Bank transfer (automatic),Fiber optic,0.21094385,False
9758-MFWGD,0,29.9,48,One year,Bank transfer (automatic),DSL,0.2107835491,False
1536-YHDOE,0,62.1,17,One year,Mailed check,DSL,0.2107383433,False
3682-YEUWS,0,24.4,10,Month-to-month,Mailed check,No,0.2107146793,False
8785-EPNCG,1,23.15,11,Month-to-month,Credit card (automatic),No,0.2106947119,True
1282-IHQAC,0,44.05,70,One year,Credit card (automatic),DSL,0.2104287518,False
9670-BPNXF,0,62.55,45,One year,Credit card (automatic),DSL,0.210291202,False
5468-BPMMO,0,19.6,46,Month-to-month,Electronic check,No,0.2102771338,False
8610-ZIKJJ,0,20.3,2,One year,Mailed check,No,0.2102164884,False
5386-THSLQ,0,45.55,66,One year,Bank transfer (automatic),DSL,0.2099611381,False
4054-CUMIA,0,20.25,18,Month-to-month,Mailed check,No,0.2097691335,False
6506-EYCNH,0,19.55,28,Month-to-month,Bank transfer (automatic),No,0.209584004,False
1154-HYWWO,0,70.6,38,One year,Mailed check,DSL,0.2094622063,False
5499-ECUTN,0,66.05,47,One year,Credit card (automatic),DSL,0.2094144591,False
2925-MXLSX,0,68.95,30,One year,Credit card (automatic),DSL,0.2093315058,False
8466-PZBLH,0,104.6,67,Two year,Bank transfer (automatic),Fiber optic,0.2093023209,False
3551-GAEGL,0,30.4,34,One year,Bank transfer (automatic),DSL,0.2092173032,False
5555-RNPGT,0,24.8,10,Month-to-month,Credit card (automatic),No,0.2091068472,False
8591-TKMZH,0,111.1,59,Two year,Mailed check,Fiber optic,0.2089096262,False
1891-QRQSA,0,111.6,64,Two year,Bank transfer (automatic),Fiber optic,0.2087544788,False
7654-YWJUF,0,84.25,43,One year,Bank transfer (automatic),Fiber optic,0.2087295955,False
6869-FGJJC,0,79.6,68,One year,Credit card (automatic),Fiber optic,0.2085768057,False
4115-UMJFQ,0,35.75,69,One year,Bank transfer (automatic),DSL,0.208564598,False
0142-GVYSN,0,20.3,26,Month-to-month,Electronic check,No,0.2083991551,False
2789-CZANW,0,110.3,64,Two year,Bank transfer (automatic),Fiber optic,0.2082119465,False
2632-IVXVF,0,111.75,68,Two year,Credit card (automatic),Fiber optic,0.2080740559,False
8224-UAXBZ,0,45.35,58,One year,Electronic check,DSL,0.2079000377,False
3090-HAWSU,1,111.6,61,Two year,Credit card (automatic),Fiber optic,0.2078613123,True
2578-JQPHZ,0,100.1,44,Two year,Bank transfer (automatic),Fiber optic,0.2077881763,False
8883-GRDWQ,0,54.0,20,One year,Mailed check,DSL,0.2075564689,False
2877-VDUER,0,40.9,35,One year,Mailed check,DSL,0.2074051383,False
5204-HMGYF,0,87.2,49,One year,Mailed check,DSL,0.2073602741,False
6778-EICRF,0,74.8,24,One year,Mailed check,DSL,0.2071738288,False
6568-POCUI,0,95.2,45,Two year,Credit card (automatic),Fiber optic,0.2071042517,False
2927-CVULT,0,104.05,53,Two year,Bank transfer (automatic),Fiber optic,0.2070955059,False
2205-LPVGL,0,89.85,58,One year,Bank transfer (automatic),Fiber optic,0.2068606145,False
4895-TMWIR,1,19.95,11,Month-to-month,Mailed check,No,0.206648001,True
1237-WIYYZ,0,19.55,18,Month-to-month,Mailed check,No,0.2065076146,False
9313-CDOGY,0,19.6,38,Month-to-month,Electronic check,No,0.2064155361,False
4389-UEFCZ,0,105.5,72,Two year,Electronic check,Fiber optic,0.2064080764,False
2330-PQGDQ,0,84.2,51,One year,Bank transfer (automatic),Fiber optic,0.2062385967,False
5688-KZTSN,1,20.0,15,Month-to-month,Electronic check,No,0.2061998835,True
5440-FLBQG,1,108.4,69,Two year,Bank transfer (automatic),Fiber optic,0.2060469044,True
0310-SUCIN,0,84.8,71,One year,Bank transfer (automatic),DSL,0.2057316341,False
4578-PHJYZ,0,68.75,52,One year,Electronic check,DSL,0.2055152915,False
3635-JBPSG,0,38.8,15,Two year,Mailed check,DSL,0.2054866447,False
6797-LNAQX,1,98.3,70,Two year,Bank transfer (automatic),Fiber optic,0.2054771417,True
5375-XLDOF,0,114.35,69,Two year,Bank transfer (automatic),Fiber optic,0.205377214,False
7663-CUXZB,0,113.75,59,Two year,Electronic check,Fiber optic,0.2052833259,False
5887-IKKYO,0,94.35,58,Two year,Bank transfer (automatic),Fiber optic,0.2050383855,False
4079-VTGLK,0,74.85,30,Two year,Electronic check,DSL,0.2049674937,False
3192-NQECA,1,110.0,68,Two year,Bank transfer (automatic),Fiber optic,0.2049548486,True
6616-AALSR,0,104.3,65,Two year,Credit card (automatic),Fiber optic,0.2046901184,False
4174-LPGTI,1,66.5,41,One year,Bank transfer (automatic),DSL,0.2046144475,True
7816-VGHTO,0,40.55,6,Two year,Mailed check,DSL,0.2044545551,False
8480-PPONV,0,115.55,62,Two year,Bank transfer (automatic),Fiber optic,0.2044388671,False
1222-LRYKO,0,26.35,6,Month-to-month,Mailed check,No,0.2044192644,False
8777-MBMTS,0,105.85,65,Two year,Credit card (automatic),Fiber optic,0.2043351318,False
2054-PJOCK,0,80.55,60,One year,Credit card (automatic),DSL,0.2043183418,False
8932-CZHRQ,0,76.75,68,One year,Credit card (automatic),DSL,0.2041069596,False
1159-WFSGR,0,20.4,16,Month-to-month,Electronic check,No,0.2031953013,False
5998-DZLYR,0,94.35,61,Two year,Bank transfer (automatic),Fiber optic,0.203091986,False
5574-NXZIU,0,109.2,63,Two year,Credit card (automatic),Fiber optic,0.2029098695,False
6900-RBKER,0,89.45,52,Two year,Credit card (automatic),Fiber optic,0.2027431656,False
3800-LYTRK,0,55.7,14,One year,Mailed check,DSL,0.2026234305,False
4049-ZPALD,0,99.0,64,Two year,Bank transfer (automatic),Fiber optic,0.2024381883,False
3705-RHRFR,0,99.15,69,Two year,Bank transfer (automatic),Fiber optic,0.2024173541,False
9750-BOOHV,0,30.15,32,One year,Mailed check,DSL,0.2024085388,False
7107-UBYKY,0,25.75,35,Month-to-month,Electronic check,No,0.2023317955,False
0530-IJVDB,0,114.6,70,Two year,Electronic check,Fiber optic,0.2022980078,False
1096-ADRUX,0,74.25,66,One year,Bank transfer (automatic),Fiber optic,0.2022669019,False
2958-NHPPS,0,20.85,23,Month-to-month,Electronic check,No,0.2021441798,False
2812-ENYMO,0,54.55,26,One year,Credit card (automatic),DSL,0.2021148838,False
0661-KBKPA,0,78.75,53,One year,Mailed check,DSL,0.2020653215,False
1539-LNKHM,0,20.4,12,Month-to-month,Mailed check,No,0.2019019668,False
1936-UAFEH,0,110.25,68,Two year,Credit card (automatic),Fiber optic,0.2017043849,False
1834-ABKHQ,0,50.95,52,One year,Bank transfer (automatic),DSL,0.2014152069,False
7901-IIDQV,0,54.6,24,One year,Bank transfer (automatic),DSL,0.2012689971,False
4378-MYPGO,0,105.25,68,Two year,Bank transfer (automatic),Fiber optic,0.2012318568,False
2129-ALKBS,0,26.2,40,Month-to-month,Electronic check,No,0.201196241,False
9967-ATRFS,0,19.9,19,Month-to-month,Mailed check,No,0.201179103,False
0487-VVUVK,0,19.15,25,Month-to-month,Mailed check,No,0.2010909099,False
0533-UCAAU,0,71.1,57,One year,Credit card (automatic),DSL,0.2008258926,False
6861-OKBCE,1,20.1,11,Month-to-month,Credit card (automatic),No,0.2007231518,True
1557-EMYVT,0,115.05,43,Two year,Credit card (automatic),Fiber optic,0.200688716,False
3648-GZPHF,0,36.25,32,One year,Mailed check,DSL,0.2006044512,False
2724-FJDYW,0,54.85,39,One year,Bank transfer (automatic),DSL,0.2005939199,False
4393-OBCRR,0,20.25,3,One year,Mailed check,No,0.2005933196,False
3318-ISQFQ,0,19.5,20,Month-to-month,Bank transfer (automatic),No,0.2003935415,False
2061-VVFST,0,19.5,37,Month-to-month,Bank transfer (automatic),No,0.2003728314,False
9251-WNSOD,0,75.1,67,One year,Mailed check,DSL,0.200338875,False
9705-ZJBCG,0,54.15,13,One year,Bank transfer (automatic),DSL,0.2001085559,False
1488-SYSFC,0,20.65,31,Month-to-month,Electronic check,No,0.1995945216,False
7994-XIRTR,0,65.25,54,One year,Bank transfer (automatic),DSL,0.1993435966,False
6870-ECSHE,0,20.45,2,One year,Mailed check,No,0.199265655,False
4328-VUFWD,0,59.3,39,One year,Electronic check,DSL,0.1992548463,False
9589-ABEPT,0,92.45,69,Two year,Mailed check,Fiber optic,0.1989163392,False
8097-OMULG,0,76.75,59,One year,Credit card (automatic),DSL,0.1989054689,False
8034-RYTVV,0,84.25,55,One year,Credit card (automatic),Fiber optic,0.1988037873,False
1661-CZBAU,0,70.95,48,One year,Bank transfer (automatic),DSL,0.1987827718,False
9720-JJJOR,0,60.3,41,One year,Bank transfer (automatic),DSL,0.1986788427,False
5090-EMGTC,0,100.05,59,Two year,Mailed check,Fiber optic,0.1986303738,False
6848-YLDFR,0,75.2,58,One year,Credit card (automatic),DSL,0.198440031,False
6635-MYYYZ,1,85.35,30,One year,Bank transfer (automatic),DSL,0.1983760169,True
1729-VLAZJ,0,40.25,10,One year,Mailed check,DSL,0.1983456719,False
3530-VWVGU,0,19.9,22,Month-to-month,Mailed check,No,0.1981608096,False
2323-ARSVR,0,111.05,67,Two year,Electronic check,Fiber optic,0.1981026964,False
5985-TBABQ,0,74.75,32,One year,Mailed check,DSL,0.1979501047,False
6195-MELTI,0,54.65,57,One year,Mailed check,DSL,0.1979298931,False
0233-FTHAV,0,79.2,60,One year,Bank transfer (automatic),Fiber optic,0.1978724414,False
4853-RULSV,1,104.0,70,Two year,Credit card (automatic),Fiber optic,0.1977209974,True
4667-QONEA,0,74.85,60,One year,Credit card (automatic),DSL,0.197459016,False
3824-RHKVR,0,19.7,17,Month-to-month,Credit card (automatic),No,0.1973916057,False
5203-XEHAX,0,64.35,34,One year,Electronic check,DSL,0.1973555153,False
8573-CGOCC,0,19.75,16,Month-to-month,Credit card (automatic),No,0.1973202597,False
7168-HDQHG,0,19.2,36,Month-to-month,Bank transfer (automatic),No,0.1972794116,False
3407-JMJQQ,0,109.0,71,Two year,Bank transfer (automatic),Fiber optic,0.1969235347,False
0181-RITDD,0,108.15,62,Two year,Mailed check,Fiber optic,0.1969071999,False
9467-ROOLM,0,19.05,25,Month-to-month,Mailed check,No,0.1968535123,False
4686-GEFRM,0,98.7,70,Two year,Bank transfer (automatic),Fiber optic,0.1968420467,False
5278-PNYOX,0,100.65,49,Two year,Credit card (automatic),Fiber optic,0.1966141685,False
8246-SHFGA,0,21.1,17,Month-to-month,Credit card (automatic),No,0.1965766694,False
5857-XRECV,0,20.5,2,One year,Bank transfer (automatic),No,0.196386268,False
7176-WRTNX,0,114.95,70,Two year,Bank transfer (automatic),Fiber optic,0.1962457563,False
1741-WTPON,0,115.85,56,Two year,Mailed check,Fiber optic,0.1961969354,False
0628-CNQRM,1,67.5,22,One year,Bank transfer (automatic),DSL,0.1960805183,True
6999-CHVCF,0,102.1,68,Two year,Bank transfer (automatic),Fiber optic,0.1958572021,False
0946-FKYTX,0,30.1,52,One year,Mailed check,DSL,0.1957344048,False
1051-EQPZR,0,19.6,44,Month-to-month,Mailed check,No,0.195681112,False
3181-VTHOE,0,51.05,70,One year,Bank transfer (automatic),DSL,0.1955942773,False
5975-BAICR,0,63.7,36,One year,Credit card (automatic),DSL,0.1955837747,False
6967-PEJLL,0,40.2,37,One year,Electronic check,DSL,0.195581123,False
9152-AMKAK,0,80.25,6,Two year,Mailed check,DSL,0.195442801,False
5829-NVSQN,0,68.75,23,One year,Bank transfer (automatic),DSL,0.1954329948,False
1088-CNNKB,0,80.0,63,One year,Credit card (automatic),DSL,0.1954074961,False
8226-BXGES,0,89.45,64,One year,Bank transfer (automatic),Fiber optic,0.1952418647,False
4778-IZARL,0,110.1,63,Two year,Credit card (automatic),Fiber optic,0.1951505933,False
2197-OMWGI,0,53.0,68,Two year,Electronic check,DSL,0.1950550895,False
2150-WLKUW,0,63.9,40,One year,Bank transfer (automatic),DSL,0.194897835,False
2834-JRTUA,1,108.05,71,Two year,Electronic check,Fiber optic,0.1948909699,True
2321-OMBXY,1,80.3,38,One year,Credit card (automatic),DSL,0.1948716403,True
9309-BZGNT,0,29.8,69,One year,Credit card (automatic),DSL,0.1947842639,False
7010-ZMVBF,0,20.45,18,Month-to-month,Mailed check,No,0.1945315493,False
5791-KAJFD,0,68.75,56,One year,Bank transfer (automatic),DSL,0.1945246731,False
4616-ULAOA,0,110.8,65,Two year,Credit card (automatic),Fiber optic,0.1939101695,False
2469-DTSGX,0,111.65,72,Two year,Electronic check,Fiber optic,0.1938768875,False
6416-JNVRK,0,55.65,46,One year,Credit card (automatic),DSL,0.1936291513,False
9330-VOFSZ,0,110.8,60,Two year,Credit card (automatic),Fiber optic,0.1934544989,False
9357-UJRUN,0,58.35,24,One year,Electronic check,DSL,0.1933776454,False
7690-KPNCU,0,73.05,64,One year,Credit card (automatic),DSL,0.1933667256,False
7317-GGVPB,1,108.6,71,Two year,Credit card (automatic),Fiber optic,0.1933613346,True
6766-HFKLA,0,103.2,56,Two year,Bank transfer (automatic),Fiber optic,0.1933576383,False
5965-GGPRW,0,105.25,72,Two year,Bank transfer (automatic),Fiber optic,0.1931854188,False
5073-RZGBK,0,80.05,50,One year,Bank transfer (automatic),DSL,0.1927712557,False
7542-CYDDM,0,20.05,18,Month-to-month,Mailed check,No,0.1927667968,False
3850-OKINF,0,66.2,71,One year,Electronic check,DSL,0.1925931236,False
2680-XKKNJ,0,58.2,8,One year,Bank transfer (automatic),DSL,0.1925564494,False
7711-YIJWC,0,84.9,61,One year,Bank transfer (automatic),DSL,0.1925272224,False
6827-IEAUQ,0,66.15,27,One year,Mailed check,DSL,0.1922418514,False
3043-SUDUA,0,19.9,32,Month-to-month,Bank transfer (automatic),No,0.1921816866,False
4981-FLTMF,0,65.2,57,Month-to-month,Bank transfer (automatic),DSL,0.1919095165,False
0547-HURJB,0,21.05,12,Month-to-month,Credit card (automatic),No,0.1918284917,False
2550-AEVRU,0,53.45,57,One year,Electronic check,DSL,0.1916242914,False
0815-MFZGM,0,99.0,42,Two year,Credit card (automatic),Fiber optic,0.1915928578,False
8348-JLBUG,0,80.3,64,One year,Credit card (automatic),Fiber optic,0.1915365749,False
7876-AEHIG,0,60.15,51,One year,Bank transfer (automatic),DSL,0.1914341725,False
1474-JUWSM,0,68.4,58,One year,Electronic check,DSL,0.1914206002,False
1334-PDUKM,0,86.45,68,One year,Credit card (automatic),Fiber optic,0.1913408741,False
2361-FJWNO,0,36.0,40,One year,Credit card (automatic),DSL,0.191169702,False
6121-TNHBO,0,83.0,63,One year,Bank transfer (automatic),DSL,0.1911415953,False
8085-MSNLK,0,113.95,62,Two year,Mailed check,Fiber optic,0.1904844553,False
5414-OFQCB,0,90.45,57,Two year,Credit card (automatic),Fiber optic,0.1904389332,False
0254-KCJGT,0,81.4,52,One year,Credit card (automatic),DSL,0.1903208278,False
5149-QYTTU,0,95.15,71,One year,Credit card (automatic),Fiber optic,0.1902538462,False
2790-XUYMV,0,85.45,71,One year,Credit card (automatic),Fiber optic,0.1899648885,False
2868-LLSKM,0,83.65,68,One year,Bank transfer (automatic),Fiber optic,0.1899103601,False
4135-FRWKJ,0,76.25,55,One year,Electronic check,DSL,0.1896465452,False
4163-KIUHY,0,25.6,35,Month-to-month,Electronic check,No,0.1892435047,False
9955-QOPOY,0,60.8,69,One year,Credit card (automatic),DSL,0.1891757904,False
3739-YBWAB,0,35.35,36,One year,Mailed check,DSL,0.1891456892,False
7758-UJWYS,0,40.55,34,Two year,Electronic check,DSL,0.1890766399,False
1226-JZNKR,0,19.8,8,One year,Electronic check,No,0.1890112909,False
7356-AYNJP,0,23.9,4,One year,Electronic check,No,0.1890064663,False
2364-UFROM,0,70.4,30,One year,Electronic check,DSL,0.1884185042,False
5504-WSIUR,0,90.25,70,One year,Bank transfer (automatic),Fiber optic,0.1883976835,False
9894-QMIMJ,0,55.8,23,One year,Bank transfer (automatic),DSL,0.188331322,False
0458-HEUZG,0,35.4,13,Two year,Mailed check,DSL,0.18827075,False
4670-TABXH,0,109.75,72,Two year,Credit card (automatic),Fiber optic,0.1881079522,False
0022-TCJCI,1,62.7,45,One year,Credit card (automatic),DSL,0.1879086679,True
4342-HFXWS,0,69.7,48,One year,Bank transfer (automatic),DSL,0.1878679234,False
1431-CYWMH,0,19.05,22,Month-to-month,Bank transfer (automatic),No,0.1878614152,False
1402-PTHGN,0,61.5,18,One year,Mailed check,DSL,0.1878603998,False
8659-IOOPU,0,100.45,71,Two year,Electronic check,Fiber optic,0.1870523936,False
7508-KBIMB,0,56.25,24,One year,Credit card (automatic),DSL,0.1870113171,False
6476-EPYZR,0,20.5,12,Month-to-month,Mailed check,No,0.1867113305,False
9558-IHEZX,0,106.75,71,Two year,Credit card (automatic),Fiber optic,0.1865313692,False
1304-SEGFY,0,97.85,72,Two year,Electronic check,Fiber optic,0.1864692435,False
7762-ONLJY,0,19.7,6,One year,Mailed check,No,0.1864533231,False
5327-CNLUQ,0,96.9,48,Two year,Bank transfer (automatic),Fiber optic,0.1864475054,False
7017-VFHAY,0,115.1,61,Two year,Credit card (automatic),Fiber optic,0.186233468,False
4547-FZJWE,0,59.45,55,One year,Credit card (automatic),DSL,0.1861374602,False
5693-PIPCS,0,99.65,41,Two year,Credit card (automatic),Fiber optic,0.1859705999,False
3205-MXZRA,0,59.45,26,One year,Credit card (automatic),DSL,0.1859475277,False
6047-SUHPR,0,59.8,39,One year,Electronic check,DSL,0.1858942433,False
6614-FHDBO,0,109.2,72,Two year,Bank transfer (automatic),Fiber optic,0.1858229064,False
7566-DSRLQ,0,110.15,72,Two year,Electronic check,Fiber optic,0.1858025414,False
3340-QBBFM,0,54.1,36,One year,Credit card (automatic),DSL,0.1857512465,False
6556-DBKZF,0,76.05,71,Two year,Electronic check,Fiber optic,0.1855634306,False
5701-GUXDC,0,35.4,26,One year,Credit card (automatic),DSL,0.1851396774,False
8152-VETUR,0,97.7,72,Two year,Credit card (automatic),Fiber optic,0.1850743918,False
7997-EASSD,0,81.2,63,One year,Credit card (automatic),Fiber optic,0.1844977907,False
4057-FKCZK,0,82.5,58,Two year,Bank transfer (automatic),Fiber optic,0.1840581709,False
8901-UPRHR,0,109.2,72,Two year,Bank transfer (automatic),Fiber optic,0.1839052556,False
8109-YUOHE,0,56.1,17,One year,Mailed check,DSL,0.1837051876,False
1057-FOGLZ,0,19.65,18,Month-to-month,Mailed check,No,0.1835031208,False
6440-DKQGE,0,64.5,30,One year,Credit card (automatic),DSL,0.1834856139,False
3315-IKYZQ,0,50.8,28,One year,Mailed check,DSL,0.1831287368,False
9052-DHNKM,0,61.55,26,One year,Electronic check,DSL,0.1829890064,False
3034-ZBEQN,1,34.7,48,One year,Mailed check,DSL,0.1825992128,True
0020-INWCK,0,95.75,71,Two year,Credit card (automatic),Fiber optic,0.1824958423,False
6682-VCIXC,0,51.25,43,One year,Bank transfer (automatic),DSL,0.1824809587,False
0727-BNRLG,0,97.65,69,Two year,Credit card (automatic),Fiber optic,0.1823203555,False
5062-CJJKH,0,53.65,25,One year,Mailed check,DSL,0.1820712214,False
3882-IYOIJ,0,115.25,60,Two year,Credit card (automatic),Fiber optic,0.1819069065,False
9830-ECLEN,0,50.0,58,One year,Mailed check,DSL,0.1819059506,False
8809-RIHDD,1,103.4,72,Two year,Electronic check,Fiber optic,0.1818876752,True
5616-PRTNT,1,19.4,20,Month-to-month,Electronic check,No,0.1818126881,True
1150-WFARN,1,108.75,67,Two year,Credit card (automatic),Fiber optic,0.1816026264,True
5546-BYZSM,0,20.45,41,Month-to-month,Electronic check,No,0.1813328376,False
3190-FZATL,0,19.95,14,Month-to-month,Mailed check,No,0.1811794506,False
0742-LAFQK,0,99.15,72,Two year,Electronic check,Fiber optic,0.1811201016,False
5186-PEIZU,0,19.25,35,Month-to-month,Bank transfer (automatic),No,0.1810427321,False
1162-ECVII,0,109.75,72,Two year,Bank transfer (automatic),Fiber optic,0.1809205363,False
6252-DFGTK,0,68.1,37,One year,Credit card (automatic),DSL,0.1808309713,False
1576-PFZIW,0,105.35,70,Two year,Credit card (automatic),Fiber optic,0.1807683913,False
6286-ZHAOK,0,25.55,20,Month-to-month,Bank transfer (automatic),No,0.1807670685,False
8780-RSYYU,0,19.2,25,Month-to-month,Credit card (automatic),No,0.1807155692,False
3569-VLDHH,0,75.1,66,One year,Electronic check,DSL,0.1806830035,False
5724-BIDBU,0,55.35,49,One year,Electronic check,DSL,0.1805752764,False
0401-WDBXM,0,105.55,72,Two year,Bank transfer (automatic),Fiber optic,0.180544507,False
4106-HADHQ,1,80.0,39,One year,Credit card (automatic),DSL,0.1805438715,True
6257-DTAYD,0,104.15,71,Two year,Credit card (automatic),Fiber optic,0.1804237878,False
4116-IQRFR,0,24.1,4,One year,Credit card (automatic),No,0.1802445066,False
1984-GPTEH,0,25.15,29,Month-to-month,Electronic check,No,0.1802418797,False
2144-ESWKO,0,35.2,43,One year,Credit card (automatic),DSL,0.1800627798,False
8204-TIFGJ,0,20.3,23,Month-to-month,Bank transfer (automatic),No,0.1800281182,False
4114-QMKVN,0,68.75,56,One year,Bank transfer (automatic),DSL,0.1800176217,False
2405-LBMUW,0,50.7,61,One year,Bank transfer (automatic),DSL,0.179830669,False
9174-IHETN,0,70.35,50,Two year,Credit card (automatic),Fiber optic,0.1797431486,False
0516-QREYC,0,20.3,24,Month-to-month,Mailed check,No,0.1797308129,False
4808-YNLEU,0,62.15,35,One year,Bank transfer (automatic),DSL,0.1796570427,False
3115-JPJDD,0,81.25,59,One year,Credit card (automatic),Fiber optic,0.1796158295,False
8942-DBMHZ,0,20.45,12,Month-to-month,Mailed check,No,0.1795219095,False
1140-UKVZG,0,24.8,17,Month-to-month,Mailed check,No,0.1794977363,False
0657-DOGUM,0,60.6,48,One year,Bank transfer (automatic),DSL,0.1794697909,False
7083-YNSKY,1,25.4,15,Month-to-month,Credit card (automatic),No,0.1794497374,True
8559-CIZFV,1,77.5,21,One year,Mailed check,DSL,0.1792182726,True
6933-FHBZC,0,56.05,26,One year,Mailed check,DSL,0.1788272135,False
9359-UGBTK,0,72.35,67,One year,Bank transfer (automatic),DSL,0.1787210995,False
1298-PHBTI,0,84.8,71,Two year,Electronic check,Fiber optic,0.1787210671,False
5161-UBZXI,0,106.35,69,Two year,Credit card (automatic),Fiber optic,0.1785020983,False
3487-EARAT,0,74.1,70,One year,Credit card (automatic),DSL,0.1781153992,False
7445-WMRBW,0,73.85,48,One year,Bank transfer (automatic),DSL,0.1778893219,False
2164-SOQXL,0,20.05,20,Month-to-month,Mailed check,No,0.1775672364,False
6598-RFFVI,1,19.3,2,One year,Credit card (automatic),No,0.1774069359,True
5256-SKJGO,0,54.6,64,Two year,Electronic check,DSL,0.1772620655,False
1032-MAELW,0,78.45,68,One year,Electronic check,DSL,0.1768739537,False
2192-CKRLV,0,49.2,72,Two year,Electronic check,DSL,0.1768725264,False
7868-TMWMZ,0,110.0,60,Two year,Bank transfer (automatic),Fiber optic,0.1768414469,False
0454-OKRCT,0,80.6,33,Two year,Bank transfer (automatic),Fiber optic,0.1768332933,False
6174-NRBTZ,0,30.75,46,One year,Bank transfer (automatic),DSL,0.1767492873,False
5214-NLTIT,0,90.8,72,Two year,Credit card (automatic),Fiber optic,0.1766868163,False
6559-ILWKJ,1,49.35,71,Two year,Electronic check,DSL,0.1766773207,True
9570-KYEUA,0,99.25,64,Two year,Credit card (automatic),Fiber optic,0.1765741021,False
4877-TSOFF,0,75.75,55,One year,Bank transfer (automatic),DSL,0.1762556508,False
5297-MDOIR,0,81.15,63,One year,Credit card (automatic),Fiber optic,0.1761134985,False
0572-ZJKLT,0,99.65,46,Two year,Mailed check,Fiber optic,0.1760236429,False
5954-BDFSG,0,107.5,72,Two year,Credit card (automatic),Fiber optic,0.17601434,False
8898-KASCD,0,35.55,39,One year,Mailed check,DSL,0.1754088868,False
0519-DRGTI,0,20.35,20,Month-to-month,Mailed check,No,0.1747662385,False
1744-JHKYS,0,24.7,34,Month-to-month,Electronic check,No,0.1747008397,False
1265-HVPZB,0,66.4,59,One year,Credit card (automatic),DSL,0.1746426408,False
0536-ACXIP,0,109.55,72,Two year,Electronic check,Fiber optic,0.1745110992,False
0565-IYCGT,1,78.6,69,One year,Credit card (automatic),DSL,0.1744058187,True
7636-PEPNS,0,44.1,58,One year,Mailed check,DSL,0.1743108814,False
8690-UPCZI,0,69.05,29,One year,Bank transfer (automatic),DSL,0.1742841245,False
1338-CECEE,0,68.5,41,One year,Bank transfer (automatic),DSL,0.1741888489,False
5049-MUBWG,0,75.0,26,One year,Bank transfer (automatic),DSL,0.1741327172,False
9207-ZPANB,0,67.45,37,One year,Electronic check,DSL,0.1737418258,False
1545-JFUML,0,99.0,71,Two year,Electronic check,Fiber optic,0.1736129405,False
3442-ZHHCC,0,76.9,68,One year,Credit card (automatic),DSL,0.1736109843,False
6505-OZNPG,0,63.4,6,Two year,Mailed check,DSL,0.1735080494,False
4884-TVUQF,0,101.3,57,Two year,Credit card (automatic),Fiber optic,0.1734695244,False
4159-NAAIX,0,97.45,63,Two year,Bank transfer (automatic),Fiber optic,0.1730637941,False
6048-UWKAL,0,105.4,69,Two year,Credit card (automatic),Fiber optic,0.1729551139,False
4854-SSLTN,0,59.5,2,Two year,Mailed check,DSL,0.1729488754,False
1866-DIOQZ,0,66.8,71,One year,Bank transfer (automatic),DSL,0.1728281058,False
6016-LVTJQ,0,20.65,34,Month-to-month,Mailed check,No,0.1725276521,False
1725-IQNIY,1,109.75,54,Two year,Bank transfer (automatic),Fiber optic,0.1725209512,True
0020-JDNXP,0,61.25,34,One year,Mailed check,DSL,0.1723181021,False
6727-IOTLZ,0,81.95,14,Two year,Mailed check,DSL,0.1723086332,False
3957-HHLMR,0,65.2,70,One year,Bank transfer (automatic),DSL,0.1722843082,False
9867-NNXLC,0,20.05,22,Month-to-month,Mailed check,No,0.1721925396,False
4322-RCYMT,1,75.8,68,One year,Bank transfer (automatic),DSL,0.1721085569,True
9391-TTOYH,0,19.5,23,Month-to-month,Mailed check,No,0.1720175853,False
3397-AVTKU,0,60.0,43,Two year,Electronic check,DSL,0.1720083198,False
5173-ZXXXL,0,19.95,2,One year,Mailed check,No,0.171674135,False
9134-WYRVP,0,86.35,51,One year,Mailed check,Fiber optic,0.1715386463,False
2495-TTHBQ,0,20.4,4,One year,Mailed check,No,0.171532959,False
9142-XMYJH,0,19.35,29,Month-to-month,Credit card (automatic),No,0.171491152,False
6509-TSGWN,0,26.45,37,Month-to-month,Mailed check,No,0.1713944223,False
9640-ZSLDC,0,60.6,53,One year,Credit card (automatic),DSL,0.1713759682,False
8909-BOLNL,0,21.2,3,One year,Mailed check,No,0.1713267064,False
6061-GWWAV,0,70.2,41,One year,Mailed check,DSL,0.1711518695,False
6674-KVJHG,0,25.2,11,One year,Electronic check,No,0.1711365177,False
9845-PEEKO,0,79.2,59,Two year,Credit card (automatic),Fiber optic,0.1709546201,False
8984-HPEMB,0,118.65,71,Two year,Electronic check,Fiber optic,0.1709126166,False
3301-VKTGC,0,85.5,68,One year,Bank transfer (automatic),Fiber optic,0.1707665558,False
4189-NAKJS,0,51.55,26,One year,Credit card (automatic),DSL,0.1706117939,False
2746-DIJLO,0,56.3,41,One year,Credit card (automatic),DSL,0.1704436695,False
5825-XJOCM,0,64.4,48,One year,Bank transfer (automatic),DSL,0.1703910484,False
0872-CASZJ,0,69.1,59,One year,Mailed check,DSL,0.1703167019,False
6893-ODYYE,0,90.1,50,One year,Credit card (automatic),Fiber optic,0.170236453,False
8777-PVYGU,0,64.3,52,One year,Mailed check,DSL,0.1700357752,False
9500-IWPXQ,0,79.4,61,One year,Electronic check,DSL,0.1699654964,False
4223-BKEOR,0,64.85,21,One year,Mailed check,DSL,0.1698333407,False
8680-CGLTP,0,58.75,29,One year,Electronic check,DSL,0.1697274695,False
4445-KWOKW,0,60.15,42,One year,Bank transfer (automatic),DSL,0.1697220081,False
5855-EIBDE,0,106.65,49,Two year,Credit card (automatic),Fiber optic,0.1696715368,False
3021-VLNRJ,0,70.8,50,One year,Credit card (automatic),DSL,0.1694994107,False
5696-CEIQJ,0,103.15,67,Two year,Bank transfer (automatic),Fiber optic,0.169452545,False
2085-JVGAD,0,20.35,37,Month-to-month,Bank transfer (automatic),No,0.1694201394,False
9796-MVYXX,0,39.7,14,Two year,Mailed check,DSL,0.1692537425,False
1904-WAJAA,0,64.35,24,Two year,Electronic check,DSL,0.1692343525,False
2200-DSAAL,0,80.65,68,Two year,Electronic check,DSL,0.1691782351,False
6461-PPAXN,0,54.95,35,One year,Bank transfer (automatic),DSL,0.1689591379,False
6202-JVYEU,0,19.9,9,One year,Electronic check,No,0.16894601,False
1171-TYKUR,0,25.4,47,Month-to-month,Electronic check,No,0.1686092477,False
2243-FNMMI,0,19.4,20,Month-to-month,Mailed check,No,0.1685221058,False
1527-SXDPN,1,96.25,52,Two year,Bank transfer (automatic),Fiber optic,0.1684953142,True
1325-USMEC,0,99.35,70,Two year,Credit card (automatic),Fiber optic,0.1684614444,False
9209-NWPGU,0,65.4,44,One year,Electronic check,DSL,0.1684018497,False
9412-ARGBX,1,95.5,48,Two year,Mailed check,Fiber optic,0.1679553799,True
8681-ICONS,0,20.65,29,Month-to-month,Mailed check,No,0.1676506482,False
9330-DHBFL,0,66.25,23,One year,Mailed check,DSL,0.1672122398,False
2434-EEVDB,0,94.6,64,Two year,Credit card (automatic),Fiber optic,0.1671849925,False
7691-XVTZH,0,89.95,68,Two year,Bank transfer (automatic),Fiber optic,0.1671592929,False
8016-ZMGMO,0,70.85,66,One year,Bank transfer (automatic),DSL,0.1671214441,False
8469-SNFFH,0,79.4,70,One year,Bank transfer (automatic),DSL,0.1670944058,False
9053-JZFKV,1,116.2,67,Two year,Credit card (automatic),Fiber optic,0.1669342989,True
0484-JPBRU,0,25.25,41,Month-to-month,Bank transfer (automatic),No,0.1669325047,False
8760-ZRHKE,0,69.2,71,One year,Electronic check,DSL,0.1668369856,False
9928-BZVLZ,0,49.85,12,Two year,Mailed check,DSL,0.1667766006,False
2634-HCZGT,1,60.05,53,One year,Electronic check,DSL,0.1667350486,True
2361-UPSND,0,70.6,46,One year,Mailed check,DSL,0.1665850455,False
7055-JCGNI,0,111.95,70,Two year,Credit card (automatic),Fiber optic,0.1659927784,False
3518-FSTWG,0,109.55,72,Two year,Bank transfer (automatic),Fiber optic,0.1657055078,False
7492-TAFJD,0,38.55,7,Two year,Mailed check,DSL,0.1656045671,False
5372-FBKBN,0,20.75,21,Month-to-month,Mailed check,No,0.1655526321,False
8668-KNZTI,0,53.75,52,One year,Electronic check,DSL,0.1655500654,False
4526-RMTLL,0,76.15,8,Two year,Credit card (automatic),DSL,0.1655384093,False
9546-KDTRB,0,24.7,19,Month-to-month,Bank transfer (automatic),No,0.1651093631,False
9000-PLFUZ,0,49.45,60,Two year,Credit card (automatic),DSL,0.1650526049,False
2171-UDMFD,0,19.45,32,Month-to-month,Credit card (automatic),No,0.1649062333,False
4039-PIMHX,0,49.8,49,Two year,Mailed check,DSL,0.1641879474,False
0895-UADGO,0,44.55,8,Two year,Mailed check,DSL,0.1641620889,False
5671-RQRLP,0,75.65,70,Two year,Credit card (automatic),Fiber optic,0.1638601883,False
6950-TWMYB,0,79.95,54,Two year,Bank transfer (automatic),Fiber optic,0.1631061862,False
6993-YGFJV,0,112.55,69,Two year,Bank transfer (automatic),Fiber optic,0.1624173076,False
5777-KJIRB,0,50.25,40,One year,Mailed check,DSL,0.1622052342,False
6784-XYJAE,0,55.8,36,One year,Electronic check,DSL,0.1621930183,False
6244-BESBM,0,95.2,69,Two year,Credit card (automatic),Fiber optic,0.1621554775,False
8313-AFGBW,0,73.6,47,Two year,Electronic check,DSL,0.1620656173,False
6481-LXPWL,0,36.1,56,One year,Credit card (automatic),DSL,0.1620292604,False
0104-PPXDV,0,50.3,58,One year,Credit card (automatic),DSL,0.1620288515,False
1929-ZCBHE,0,40.3,47,One year,Electronic check,DSL,0.1619152809,False
6194-HBGQN,0,81.15,51,One year,Credit card (automatic),DSL,0.1618694024,False
0980-FEXWF,0,50.35,26,One year,Mailed check,DSL,0.1618239367,False
0234-TEVTT,0,45.0,48,One year,Credit card (automatic),DSL,0.1618138983,False
1303-SRDOK,0,69.05,55,Two year,Credit card (automatic),Fiber optic,0.1617371954,False
7730-CLDSV,0,98.65,72,Two year,Bank transfer (automatic),Fiber optic,0.161710783,False
4549-ZDQYY,0,57.95,52,One year,Credit card (automatic),DSL,0.1616660413,False
7110-BDTWG,0,47.05,71,Two year,Electronic check,DSL,0.1616251569,False
1492-KGETH,0,78.35,70,One year,Bank transfer (automatic),DSL,0.1616199778,False
8189-DUKMV,0,20.5,4,One year,Bank transfer (automatic),No,0.1613760377,False
5199-FPUSP,0,34.05,33,One year,Credit card (automatic),DSL,0.1611244676,False
9777-IQHWP,0,93.4,64,Two year,Bank transfer (automatic),Fiber optic,0.1608738321,False
7995-ZHHNZ,0,56.1,42,One year,Credit card (automatic),DSL,0.1607970383,False
7945-HLKEA,0,64.75,60,One year,Electronic check,DSL,0.160739717,False
0254-WWRKD,0,50.55,67,One year,Credit card (automatic),DSL,0.1606574855,False
7619-PLRLP,0,74.1,53,One year,Bank transfer (automatic),DSL,0.1606500403,False
2120-SMPEX,0,20.15,25,Month-to-month,Mailed check,No,0.1606049443,False
5260-UMPWX,0,20.25,26,Month-to-month,Credit card (automatic),No,0.1605783616,False
9860-LISIZ,0,20.35,34,Month-to-month,Mailed check,No,0.1605229046,False
6670-MFRPK,0,79.2,69,Two year,Credit card (automatic),Fiber optic,0.16046526,False
1577-HKTFG,1,19.65,30,Month-to-month,Bank transfer (automatic),No,0.1604266087,True
8328-SKJNO,0,40.65,23,One year,Bank transfer (automatic),DSL,0.1604187133,False
3727-OWVYD,0,61.2,35,One year,Mailed check,DSL,0.160134676,False
1038-RQOST,0,20.6,19,Month-to-month,Mailed check,No,0.1600046258,False
7923-IYJWY,0,116.1,67,Two year,Credit card (automatic),Fiber optic,0.1594314799,False
9746-YKGXB,0,44.25,52,One year,Bank transfer (automatic),DSL,0.1592792162,False
3244-CQPHU,0,110.1,72,Two year,Bank transfer (automatic),Fiber optic,0.1591537535,False
4623-ZKHLY,0,20.45,22,Month-to-month,Bank transfer (automatic),No,0.1591278131,False
3489-VSFRD,0,60.25,56,One year,Credit card (automatic),DSL,0.1591236884,False
4565-EVZMJ,0,58.9,47,One year,Mailed check,DSL,0.1590208538,False
0756-MPZRL,0,33.7,46,One year,Credit card (automatic),DSL,0.1589716109,False
5844-QVTAT,0,58.45,33,One year,Mailed check,DSL,0.1588086238,False
8457-XIGKN,0,19.6,20,Month-to-month,Credit card (automatic),No,0.1587282841,False
9625-QNLUX,0,103.25,68,Two year,Credit card (automatic),Fiber optic,0.1586528794,False
9715-SBVSU,0,61.4,14,Two year,Bank transfer (automatic),DSL,0.1586208611,False
9220-ZNKJI,0,88.8,55,Two year,Credit card (automatic),Fiber optic,0.1584163938,False
5498-IBWPI,0,49.4,66,One year,Credit card (automatic),DSL,0.1583342019,False
8672-OAUPW,0,47.85,51,One year,Credit card (automatic),DSL,0.1581607005,False
4829-ZLJTK,0,112.4,72,Two year,Electronic check,Fiber optic,0.1580836259,False
6718-BDGHG,0,64.85,43,One year,Bank transfer (automatic),DSL,0.1578812639,False
4056-QHXHZ,0,107.45,72,Two year,Mailed check,Fiber optic,0.1577868581,False
3623-FQBOX,0,19.95,21,Month-to-month,Mailed check,No,0.1576097825,False
1430-SFQSA,0,35.6,29,One year,Mailed check,DSL,0.1573895499,False
0320-DWVTU,0,99.5,53,Two year,Mailed check,Fiber optic,0.1573620742,False
1866-ZSLJM,0,20.5,21,Month-to-month,Credit card (automatic),No,0.1572424599,False
1623-NLDOT,1,33.55,42,One year,Mailed check,DSL,0.15684594,True
9917-KWRBE,0,78.35,41,One year,Credit card (automatic),DSL,0.1566363904,False
1832-PEUTS,0,89.1,62,Two year,Credit card (automatic),Fiber optic,0.1564073364,False
7269-JISCY,0,45.05,55,One year,Bank transfer (automatic),DSL,0.1563385871,False
2325-ZUSFD,1,70.1,57,One year,Bank transfer (automatic),DSL,0.1562761442,True
4890-VMUAV,0,71.5,63,One year,Electronic check,DSL,0.1561426114,False
0917-EZOLA,1,104.15,72,Two year,Bank transfer (automatic),Fiber optic,0.1560758364,True
0743-HNPFG,0,69.75,51,One year,Credit card (automatic),DSL,0.1560555487,False
0392-BZIUW,0,105.0,72,Two year,Credit card (automatic),Fiber optic,0.1554235181,False
5387-ASZNZ,0,63.85,66,One year,Credit card (automatic),DSL,0.1552198732,False
9553-DLCLU,0,88.95,13,Two year,Credit card (automatic),DSL,0.1551346948,False
0687-ZVTHB,1,72.45,65,One year,Credit card (automatic),DSL,0.1547857481,True
4909-JOUPP,0,109.7,72,Two year,Credit card (automatic),Fiber optic,0.1546520371,False
5327-XOKKY,0,73.45,72,Two year,Credit card (automatic),DSL,0.1545544582,False
0248-PGHBZ,0,92.45,67,Two year,Bank transfer (automatic),Fiber optic,0.1544727543,False
4632-XJMEX,0,62.85,53,One year,Credit card (automatic),DSL,0.1542588299,False
7929-SKFGK,0,114.3,70,Two year,Credit card (automatic),Fiber optic,0.1542576102,False
4942-VZZOM,0,66.15,64,One year,Credit card (automatic),DSL,0.1542079717,False
5539-HIVAK,0,25.7,28,Month-to-month,Mailed check,No,0.1540226126,False
2453-SAFNS,0,72.1,54,One year,Mailed check,DSL,0.1537250023,False
2878-RMWXY,0,102.65,72,Two year,Credit card (automatic),Fiber optic,0.1536038327,False
7244-QWYHG,0,44.45,50,One year,Bank transfer (automatic),DSL,0.1533631735,False
6211-WWLTF,0,99.7,63,Two year,Credit card (automatic),Fiber optic,0.1527991725,False
0197-PNKNK,0,84.45,69,One year,Bank transfer (automatic),Fiber optic,0.1526588967,False
4393-GEADV,0,114.75,70,Two year,Credit card (automatic),Fiber optic,0.152464888,False
8184-WMOFI,0,71.4,62,One year,Credit card (automatic),DSL,0.1524255026,False
5442-BXVND,0,24.25,33,Month-to-month,Bank transfer (automatic),No,0.1523032836,False
6736-DHUQI,0,84.8,67,One year,Bank transfer (automatic),Fiber optic,0.152193977,False
0868-VJRDR,0,104.05,64,Two year,Credit card (automatic),Fiber optic,0.1517993119,False
8727-XDPUD,0,35.8,37,Two year,Credit card (automatic),DSL,0.1517815791,False
6229-UOLQL,0,52.0,56,One year,Mailed check,DSL,0.1515418635,False
3374-PZLXD,0,19.7,34,Month-to-month,Mailed check,No,0.151370595,False
1839-UMACK,0,25.05,42,One year,Electronic check,No,0.1512494013,False
4018-KJYUY,0,20.15,22,Month-to-month,Credit card (automatic),No,0.1511975067,False
8383-SGHJU,0,59.4,33,One year,Electronic check,DSL,0.1511135489,False
4830-FAXFM,0,24.1,19,Month-to-month,Credit card (automatic),No,0.1510805665,False
2530-ENDWQ,1,93.7,71,Two year,Bank transfer (automatic),Fiber optic,0.150955853,True
6543-JXSOO,0,57.75,23,One year,Mailed check,DSL,0.1507493266,False
6463-HHXJR,0,100.5,71,Two year,Bank transfer (automatic),Fiber optic,0.1504707792,False
6837-BJYDQ,0,19.6,3,One year,Mailed check,No,0.1501790196,False
4203-QGNZA,0,20.25,28,Month-to-month,Mailed check,No,0.1500557177,False
2690-DVRVK,0,20.55,5,One year,Electronic check,No,0.1498900106,False
1271-UODNO,0,53.85,39,Two year,Credit card (automatic),DSL,0.1498041495,False
9522-ZSINC,0,19.95,13,One year,Electronic check,No,0.1496504925,False
6726-NNFWD,0,89.45,71,Two year,Credit card (automatic),Fiber optic,0.1495226302,False
6260-XLACS,0,19.7,4,One year,Mailed check,No,0.1493528313,False
4111-BNXIF,0,59.55,67,Two year,Electronic check,DSL,0.1491377191,False
8024-XNAFQ,0,107.4,72,Two year,Bank transfer (automatic),Fiber optic,0.1491158116,False
7677-SJJJK,0,19.9,8,One year,Credit card (automatic),No,0.1490520232,False
3926-YZVVX,0,50.05,41,One year,Bank transfer (automatic),DSL,0.1488001589,False
7956-XQWGU,0,19.4,27,Month-to-month,Credit card (automatic),No,0.1487110511,False
8259-DZLIZ,0,53.85,64,One year,Bank transfer (automatic),DSL,0.1487003301,False
0862-PRCBS,0,103.75,68,Two year,Credit card (automatic),Fiber optic,0.1486911906,False
3134-DSHVC,0,98.0,63,Two year,Credit card (automatic),Fiber optic,0.1486873347,False
7971-HLVXI,0,84.5,72,Two year,Credit card (automatic),Fiber optic,0.1486723473,False
3908-MKIMJ,0,41.95,68,Two year,Electronic check,DSL,0.1486644964,False
7765-LWVVH,0,95.1,72,Two year,Electronic check,Fiber optic,0.148663939,False
1752-OZXFY,0,59.8,60,One year,Mailed check,DSL,0.1485710341,False
5716-EZXZN,0,99.05,65,Two year,Credit card (automatic),Fiber optic,0.148556206,False
2368-GAKKQ,0,113.65,70,Two year,Bank transfer (automatic),Fiber optic,0.1485349267,False
2484-DGXPZ,1,19.55,31,Month-to-month,Mailed check,No,0.148457266,True
8815-LMFLX,0,25.4,25,Month-to-month,Bank transfer (automatic),No,0.1484103433,False
1930-QPBVZ,0,95.1,68,Two year,Bank transfer (automatic),Fiber optic,0.1483163976,False
4404-HIBDJ,1,74.3,25,One year,Mailed check,DSL,0.1482838033,True
6131-IUNXN,0,20.2,19,Month-to-month,Mailed check,No,0.1482076157,False
0907-HQNTS,0,113.0,70,Two year,Credit card (automatic),Fiber optic,0.1481919065,False
9184-GALIL,0,20.45,38,Month-to-month,Mailed check,No,0.1481121386,False
9880-TDQAC,0,60.0,72,Two year,Electronic check,DSL,0.1480885306,False
4464-JCOLN,1,19.85,2,One year,Mailed check,No,0.1480583075,True
7338-ERIVA,0,45.05,39,One year,Bank transfer (automatic),DSL,0.148007986,False
0619-OLYUR,0,111.9,72,Two year,Credit card (automatic),Fiber optic,0.1479658177,False
6034-ZRYCV,1,54.2,72,Two year,Electronic check,DSL,0.1477510593,True
6598-KELSS,0,43.05,50,One year,Bank transfer (automatic),DSL,0.1476080134,False
7032-LMBHI,0,64.65,37,One year,Bank transfer (automatic),DSL,0.1474537252,False
7029-IJEJK,0,44.1,54,One year,Bank transfer (automatic),DSL,0.147213899,False
7103-ZGVNT,0,73.7,69,One year,Credit card (automatic),DSL,0.1471393106,False
5245-VDBUR,0,35.45,52,One year,Mailed check,DSL,0.1470794922,False
9313-QOLTZ,0,20.9,26,Month-to-month,Mailed check,No,0.1470527692,False
4537-CIBHB,0,20.25,9,One year,Mailed check,No,0.1469583025,False
6504-VBLFL,0,58.6,55,Two year,Electronic check,DSL,0.1468983803,False
9610-WCESF,0,43.9,67,Two year,Electronic check,DSL,0.1466719014,False
5271-YNWVR,1,113.15,68,Two year,Electronic check,Fiber optic,0.1458633287,True
2137-DQMEV,0,44.8,68,One year,Mailed check,DSL,0.1456263931,False
1552-TKMXS,0,20.35,42,Month-to-month,Credit card (automatic),No,0.1455469849,False
1063-DHQJF,0,92.15,69,Two year,Mailed check,Fiber optic,0.1453067372,False
9924-JPRMC,0,118.2,72,Two year,Electronic check,Fiber optic,0.1452022959,False
0993-OSGPT,0,60.65,68,One year,Bank transfer (automatic),DSL,0.1449440316,False
5304-EFJLP,0,111.65,72,Two year,Bank transfer (automatic),Fiber optic,0.14454104,False
3605-JISKB,0,60.0,55,One year,Credit card (automatic),DSL,0.1442491657,False
1830-GGFNM,0,94.55,65,Two year,Credit card (automatic),Fiber optic,0.1441944236,False
7801-CEDNV,0,48.7,27,One year,Credit card (automatic),DSL,0.1441392335,False
9619-GSATL,0,55.45,43,One year,Electronic check,DSL,0.1439863782,False
1222-KJNZD,0,20.4,40,Month-to-month,Bank transfer (automatic),No,0.1438126057,False
1498-DQNRX,0,19.85,29,Month-to-month,Mailed check,No,0.1437311264,False
3259-KNMRR,0,79.75,57,Two year,Bank transfer (automatic),DSL,0.1437106205,False
5306-BVTKJ,0,55.8,48,One year,Credit card (automatic),DSL,0.1433608266,False
3585-YNADK,0,74.6,57,One year,Bank transfer (automatic),DSL,0.143245894,False
3392-EHMNK,0,94.1,67,Two year,Credit card (automatic),Fiber optic,0.1432024162,False
6435-VWCCY,0,92.7,65,Two year,Credit card (automatic),Fiber optic,0.143103112,False
4032-RMHCI,0,35.4,41,One year,Credit card (automatic),DSL,0.1430155654,False
7353-YOWFP,0,20.25,7,One year,Mailed check,No,0.1426841779,False
3655-SNQYZ,0,113.25,69,Two year,Credit card (automatic),Fiber optic,0.1422247068,False
6685-GBWJZ,0,70.8,63,One year,Credit card (automatic),DSL,0.1421054298,False
7021-XSNYE,0,49.65,7,Two year,Credit card (automatic),DSL,0.1416613243,False
7325-ENZFI,0,40.3,39,One year,Bank transfer (automatic),DSL,0.1416336733,False
6295-OSINB,0,109.65,72,Two year,Electronic check,Fiber optic,0.1413941925,False
2521-NPUZR,0,101.0,70,Two year,Credit card (automatic),Fiber optic,0.1412660339,False
0230-UBYPQ,0,36.1,63,One year,Bank transfer (automatic),DSL,0.1410894122,False
2725-IWWBA,0,56.9,46,One year,Mailed check,DSL,0.1410500558,False
0810-DHDBD,0,74.0,52,One year,Credit card (automatic),DSL,0.1409644758,False
9581-GVBXT,0,34.8,59,One year,Mailed check,DSL,0.1406515137,False
2351-RRBUE,0,20.65,7,One year,Mailed check,No,0.1402643263,False
2282-YGNOR,0,58.0,29,One year,Credit card (automatic),DSL,0.1402467696,False
0661-KQHNK,0,19.0,6,One year,Credit card (automatic),No,0.1402281994,False
6332-FBZRI,0,69.35,67,One year,Credit card (automatic),DSL,0.1401254575,False
2676-SSLTO,0,66.15,49,Two year,Bank transfer (automatic),DSL,0.1393896284,False
3146-JTQHR,0,19.6,10,One year,Bank transfer (automatic),No,0.1391484778,False
5170-PTRKA,0,35.8,49,One year,Credit card (automatic),DSL,0.1390976332,False
2430-RRYUW,0,54.8,66,One year,Mailed check,DSL,0.1390227654,False
4560-WQAQW,0,68.7,59,One year,Bank transfer (automatic),DSL,0.1388838331,False
3795-CAWEX,0,116.55,70,Two year,Credit card (automatic),Fiber optic,0.1388007514,False
3401-URHDA,0,59.9,51,One year,Credit card (automatic),DSL,0.138793308,False
5989-AXPUC,0,118.6,68,Two year,Mailed check,Fiber optic,0.1387274463,False
9092-GDZKO,0,24.85,22,Month-to-month,Credit card (automatic),No,0.1385042888,False
6147-CBCRA,0,20.05,33,Month-to-month,Mailed check,No,0.1383516096,False
3055-VTCGS,0,58.55,63,One year,Credit card (automatic),DSL,0.1383045073,False
9861-PDSZP,0,108.05,72,Two year,Credit card (automatic),Fiber optic,0.1380154557,False
0019-EFAEP,0,101.3,72,Two year,Bank transfer (automatic),Fiber optic,0.1379645821,False
6064-PUPMC,0,57.2,23,One year,Credit card (automatic),DSL,0.1378860359,False
6810-VCAEX,0,39.65,47,One year,Credit card (automatic),DSL,0.1376410699,False
3174-AKMAS,0,64.2,46,Two year,Credit card (automatic),DSL,0.1376270729,False
9063-ZGTUY,1,19.4,61,Month-to-month,Mailed check,No,0.1374930949,True
0254-FNMCI,0,109.9,72,Two year,Electronic check,Fiber optic,0.1374203081,False
7710-JSYOA,0,93.3,69,Two year,Bank transfer (automatic),Fiber optic,0.1373969952,False
3580-HYCSP,0,110.3,72,Two year,Bank transfer (automatic),Fiber optic,0.1373132397,False
7311-MQJCH,0,19.55,5,One year,Electronic check,No,0.1370195346,False
0357-NVCRI,0,20.05,25,Month-to-month,Credit card (automatic),No,0.136920772,False
6693-DJWTY,0,55.6,35,One year,Credit card (automatic),DSL,0.1367199448,False
8331-ZXFOE,0,71.1,58,One year,Credit card (automatic),DSL,0.1367027065,False
1534-OULXE,0,49.7,61,One year,Bank transfer (automatic),DSL,0.1366777189,False
6242-FEGFD,0,96.6,66,Two year,Mailed check,Fiber optic,0.1365788413,False
0866-QLSIR,1,64.4,34,One year,Mailed check,DSL,0.1365742749,True
8792-AOROI,0,65.5,8,Two year,Mailed check,DSL,0.1365442008,False
0056-EPFBG,0,39.4,20,Two year,Credit card (automatic),DSL,0.1363773077,False
5127-BZENZ,0,65.2,56,One year,Bank transfer (automatic),DSL,0.136353157,False
0895-LNKRC,0,19.45,6,One year,Mailed check,No,0.1362277147,False
0253-ZTEOB,0,79.65,48,Two year,Electronic check,DSL,0.1359020754,False
1552-CZCLL,0,20.0,55,Month-to-month,Credit card (automatic),No,0.1358826505,False
8883-ANODQ,0,84.4,68,Two year,Credit card (automatic),Fiber optic,0.1358774713,False
8292-FRFZQ,0,41.15,39,One year,Bank transfer (automatic),DSL,0.1350566582,False
4872-VXRIL,0,64.65,56,One year,Bank transfer (automatic),DSL,0.1350077015,False
0106-UGRDO,0,116.0,69,Two year,Electronic check,Fiber optic,0.1349905355,False
9803-FTJCG,0,66.85,71,One year,Credit card (automatic),DSL,0.1349787797,False
7153-CHRBV,0,59.3,57,One year,Mailed check,DSL,0.1349028705,False
9070-BCKQP,0,110.15,72,Two year,Credit card (automatic),Fiber optic,0.1346152879,False
8311-UEUAB,0,75.5,67,Two year,Electronic check,DSL,0.134405301,False
9102-OXKFY,0,54.15,59,Two year,Credit card (automatic),DSL,0.1341849195,False
5453-YBTWV,0,101.1,70,Two year,Credit card (automatic),Fiber optic,0.1341061915,False
3396-DKDEL,0,115.15,70,Two year,Credit card (automatic),Fiber optic,0.1340808979,False
7247-XOZPB,0,77.4,53,One year,Bank transfer (automatic),DSL,0.133802538,False
7570-WELNY,0,84.7,68,Two year,Bank transfer (automatic),Fiber optic,0.1336080942,False
2499-AJYUA,0,110.8,72,Two year,Credit card (automatic),Fiber optic,0.1335924881,False
6434-TTGJP,0,53.7,10,Two year,Credit card (automatic),DSL,0.133235912,False
7973-DZRKH,0,90.95,66,Two year,Credit card (automatic),Fiber optic,0.1332017837,False
6114-TCFID,0,39.5,29,One year,Credit card (automatic),DSL,0.133188925,False
4086-ATNFV,0,60.8,34,One year,Mailed check,DSL,0.1331870873,False
7047-YXDMZ,0,20.0,21,Month-to-month,Mailed check,No,0.1330689196,False
2027-DNKIV,0,58.75,37,One year,Mailed check,DSL,0.1325907625,False
4615-PIVVU,0,66.5,42,Two year,Credit card (automatic),DSL,0.1322734877,False
9906-NHHVC,0,53.5,65,Two year,Bank transfer (automatic),DSL,0.1321556688,False
8208-EUMTE,0,54.85,16,Two year,Mailed check,DSL,0.1320011867,False
2190-PHBHR,0,94.45,72,Two year,Credit card (automatic),Fiber optic,0.1319445854,False
1952-DVVSW,0,20.1,10,One year,Mailed check,No,0.1318013046,False
5808-TOTXO,0,20.55,3,One year,Credit card (automatic),No,0.1317235924,False
9350-ZXYJC,0,25.3,4,Two year,Credit card (automatic),No,0.1316091139,False
7670-ZBPOQ,0,61.05,58,One year,Bank transfer (automatic),DSL,0.1312230919,False
1599-MMYRQ,0,81.45,62,One year,Credit card (automatic),Fiber optic,0.1311305418,False
4137-JOPHL,0,89.7,50,Two year,Bank transfer (automatic),Fiber optic,0.1311006529,False
5110-CHOPY,0,53.6,60,Two year,Electronic check,DSL,0.1310049684,False
0121-SNYRK,0,35.4,50,One year,Mailed check,DSL,0.1308993282,False
1760-CAZHT,0,20.8,25,Month-to-month,Mailed check,No,0.1305006925,False
5792-JALQC,0,59.85,52,Two year,Bank transfer (automatic),DSL,0.1305006623,False
8232-CTLKO,0,59.75,66,Two year,Electronic check,DSL,0.1301520446,False
6584-VQMYT,0,56.2,27,One year,Mailed check,DSL,0.1297626891,False
9127-QRZMH,0,59.85,44,One year,Bank transfer (automatic),DSL,0.1296684313,False
4825-XJGDM,0,43.7,61,One year,Credit card (automatic),DSL,0.1295832696,False
3740-RLMVT,0,60.95,67,One year,Bank transfer (automatic),DSL,0.1295558457,False
2606-PKWJB,0,40.25,40,One year,Mailed check,DSL,0.1293949678,False
1841-YSJGV,0,109.95,72,Two year,Credit card (automatic),Fiber optic,0.129165932,False
0013-SMEOE,0,109.7,71,Two year,Bank transfer (automatic),Fiber optic,0.1287883547,False
9236-NDUCW,0,35.1,21,Two year,Mailed check,DSL,0.1283012303,False
7173-TETGO,0,78.5,72,Two year,Bank transfer (automatic),Fiber optic,0.128285615,False
6519-ZHPXP,0,108.3,72,Two year,Bank transfer (automatic),Fiber optic,0.1282051283,False
4994-OBRSZ,0,76.1,14,Two year,Bank transfer (automatic),DSL,0.1279983821,False
4999-IEZLT,0,29.45,66,One year,Credit card (automatic),DSL,0.1279815007,False
4163-HFTUK,0,19.1,51,One year,Electronic check,No,0.1279621525,False
7191-ADRGF,0,54.3,44,Two year,Bank transfer (automatic),DSL,0.1278366701,False
2580-ASVVY,0,45.4,37,Two year,Electronic check,DSL,0.127824841,False
0853-TWRVK,0,105.6,72,Two year,Bank transfer (automatic),Fiber optic,0.1278129656,False
4803-LBYPN,0,20.8,34,Month-to-month,Mailed check,No,0.1277457176,False
7134-HBPBS,0,108.1,72,Two year,Bank transfer (automatic),Fiber optic,0.1276272485,False
2188-SXWVT,0,55.0,34,One year,Mailed check,DSL,0.1273626474,False
5820-PTRYM,0,68.45,56,One year,Credit card (automatic),DSL,0.1269675611,False
5840-NVDCG,0,68.25,16,Two year,Bank transfer (automatic),DSL,0.1268675973,False
7375-WMVMT,0,95.5,71,Two year,Credit card (automatic),Fiber optic,0.1267106867,False
9046-JBFWA,0,19.15,27,Month-to-month,Mailed check,No,0.1265867694,False
1335-MXCSE,0,55.25,55,Two year,Credit card (automatic),DSL,0.1265585129,False
1179-INLAT,0,19.45,3,One year,Mailed check,No,0.1265297167,False
4513-CXYIX,0,80.7,71,Two year,Credit card (automatic),Fiber optic,0.1265126158,False
7407-SUJIZ,0,20.6,25,Month-to-month,Mailed check,No,0.1263560341,False
7005-CYUIL,0,99.4,71,Two year,Electronic check,Fiber optic,0.1260750927,False
8075-GXIUB,0,19.85,9,One year,Credit card (automatic),No,0.125575009,False
9470-YFUYI,0,71.0,71,One year,Bank transfer (automatic),DSL,0.1253898839,False
6371-NZYEG,0,64.25,16,Two year,Mailed check,DSL,0.1253413906,False
2091-GPPIQ,0,78.95,72,Two year,Electronic check,DSL,0.1252524269,False
4318-RAJVY,0,19.8,10,One year,Mailed check,No,0.1251968693,False
5906-DVAPM,0,75.0,55,One year,Credit card (automatic),DSL,0.1251738581,False
7581-EBBOU,0,70.15,60,One year,Credit card (automatic),DSL,0.1251576925,False
1053-MXTTK,0,108.65,72,Two year,Bank transfer (automatic),Fiber optic,0.1251281575,False
3249-VHRIP,0,43.6,62,Two year,Credit card (automatic),DSL,0.1247644129,False
2599-CIPQE,0,109.3,71,Two year,Credit card (automatic),Fiber optic,0.1247261472,False
0654-PQKDW,0,70.75,62,One year,Bank transfer (automatic),DSL,0.1243585172,False
9046-DQMTP,0,20.75,35,Month-to-month,Bank transfer (automatic),No,0.1243505994,False
2926-JEJJC,0,20.2,8,One year,Bank transfer (automatic),No,0.1243230807,False
7812-FZHPE,1,24.1,17,Month-to-month,Mailed check,No,0.1242707252,True
9473-CBZOP,0,59.0,28,One year,Mailed check,DSL,0.1237219507,False
5125-CNDSP,0,40.6,63,One year,Bank transfer (automatic),DSL,0.1236911813,False
4403-BWPAY,0,24.8,14,One year,Credit card (automatic),No,0.1230176167,False
0455-ENTCR,0,85.25,66,Two year,Electronic check,DSL,0.1228727362,False
4293-ETKAP,0,79.4,65,Two year,Bank transfer (automatic),DSL,0.122801048,False
8570-KLJYJ,0,54.45,36,One year,Mailed check,DSL,0.1227411804,False
2380-DAMQP,0,115.15,72,Two year,Electronic check,Fiber optic,0.1227372002,False
5906-CVLHP,1,54.15,45,One year,Credit card (automatic),DSL,0.1227179468,True
8879-XUAHX,0,116.25,71,Two year,Electronic check,Fiber optic,0.1225517422,False
3841-NFECX,0,96.35,71,Two year,Credit card (automatic),Fiber optic,0.1225063455,False
3230-JCNZS,0,99.0,71,Two year,Credit card (automatic),Fiber optic,0.1223876255,False
7795-CFOCW,0,42.3,45,One year,Bank transfer (automatic),DSL,0.1223787613,False
3506-OVLKD,0,26.2,35,One year,Bank transfer (automatic),No,0.1223777202,False
2057-BOYKM,0,96.6,72,Two year,Bank transfer (automatic),Fiber optic,0.1222677146,False
1320-GVNHT,0,108.4,72,Two year,Credit card (automatic),Fiber optic,0.1222185956,False
0536-BGFMZ,0,20.5,28,Month-to-month,Mailed check,No,0.1220744736,False
2516-XSJKX,0,78.45,41,Two year,Electronic check,DSL,0.1220253902,False
4355-HBJHH,1,79.7,67,Two year,Electronic check,DSL,0.1219213057,True
2862-JVEOY,0,19.15,6,One year,Mailed check,No,0.1218891134,False
8510-TMWYB,0,59.8,54,Two year,Bank transfer (automatic),DSL,0.1218664783,False
9995-HOTOH,0,59.0,63,Two year,Electronic check,DSL,0.1215651658,False
0813-TAXXS,0,77.8,55,Two year,Bank transfer (automatic),DSL,0.1215567001,False
2272-WUSPA,0,110.75,72,Two year,Electronic check,Fiber optic,0.1214539431,False
1407-DIGZV,0,19.1,3,Two year,Mailed check,No,0.1213510157,False
7633-MVPUY,0,59.75,57,Two year,Electronic check,DSL,0.1210159873,False
7321-ZNSLA,0,40.55,13,Two year,Mailed check,DSL,0.1209778891,False
4815-TUMEQ,0,19.3,10,One year,Mailed check,No,0.1209082548,False
2511-MORQY,0,54.9,50,One year,Bank transfer (automatic),DSL,0.1207515266,False
8853-TZDGH,0,111.6,72,Two year,Bank transfer (automatic),Fiber optic,0.120047356,False
2969-VAPYH,0,60.5,67,One year,Credit card (automatic),DSL,0.1199944278,False
1206-EHBDD,0,80.3,56,Two year,Bank transfer (automatic),Fiber optic,0.1198879898,False
6814-ZPWFQ,0,25.0,51,One year,Bank transfer (automatic),No,0.1198441032,False
4304-TSPVK,0,114.9,68,Two year,Bank transfer (automatic),Fiber optic,0.1196957308,False
6339-TBELP,0,86.4,71,Two year,Credit card (automatic),Fiber optic,0.1192683765,False
3280-MRDOF,0,69.1,30,Two year,Credit card (automatic),DSL,0.1190980197,False
1555-DJEQW,1,114.2,70,Two year,Bank transfer (automatic),Fiber optic,0.1190914081,True
9958-MEKUC,0,103.95,72,Two year,Credit card (automatic),Fiber optic,0.1189660123,False
1090-ESELR,0,105.5,72,Two year,Bank transfer (automatic),Fiber optic,0.1187046009,False
1813-JYWTO,0,80.45,72,Two year,Bank transfer (automatic),Fiber optic,0.1185672943,False
2664-XJZNO,0,104.9,72,Two year,Credit card (automatic),Fiber optic,0.1185285045,False
6901-GOGZG,0,84.95,60,Two year,Electronic check,DSL,0.1184859481,False
9150-HEPMB,0,52.7,56,One year,Mailed check,DSL,0.1183394782,False
9253-VIFJQ,0,67.05,65,One year,Credit card (automatic),DSL,0.1182383181,False
3486-KHMLI,0,24.7,21,Month-to-month,Mailed check,No,0.1178890879,False
1177-XZBJL,0,64.15,53,One year,Bank transfer (automatic),DSL,0.1177119895,False
4227-OJHAL,0,73.0,68,One year,Credit card (automatic),DSL,0.1176967765,False
0788-DXBFY,0,19.55,58,One year,Electronic check,No,0.1176485891,False
8597-CTXVJ,0,64.95,70,One year,Bank transfer (automatic),DSL,0.1174037701,False
9066-QRSDU,0,26.3,69,One year,Electronic check,No,0.1173802753,False
9027-TMATR,0,78.8,43,Two year,Electronic check,DSL,0.1173658042,False
8869-TORSS,1,60.35,48,One year,Credit card (automatic),DSL,0.117300446,True
1699-UOTXU,0,61.4,60,Two year,Electronic check,DSL,0.1172794173,False
9351-HXDMR,0,110.9,72,Two year,Credit card (automatic),Fiber optic,0.1170802998,False
3259-QMXUN,0,86.1,58,Two year,Electronic check,DSL,0.1166145213,False
9866-OCCKE,0,109.75,72,Two year,Mailed check,Fiber optic,0.1163607898,False
3161-ONRWK,0,65.85,60,One year,Bank transfer (automatic),DSL,0.1162952948,False
4291-YZODP,0,20.05,7,One year,Mailed check,No,0.1162067236,False
1291-CUOCY,0,110.6,72,Two year,Credit card (automatic),Fiber optic,0.1161645992,False
9548-ZMVTX,0,90.45,72,Two year,Bank transfer (automatic),Fiber optic,0.1157229136,False
0052-YNYOT,0,20.55,67,One year,Electronic check,No,0.1156593789,False
3933-DQPWX,0,39.7,50,Two year,Credit card (automatic),DSL,0.1155389411,False
2550-QHZGP,0,19.5,7,One year,Mailed check,No,0.1155045157,False
3870-SPZSI,0,113.05,70,Two year,Credit card (automatic),Fiber optic,0.1154171763,False
2667-WYLWJ,1,19.75,8,One year,Mailed check,No,0.1154107413,True
1915-OAKWD,0,19.3,16,One year,Bank transfer (automatic),No,0.1151140804,False
1680-VDCWW,0,19.8,12,One year,Bank transfer (automatic),No,0.1150922382,False
4311-QTTAI,0,19.35,16,One year,Credit card (automatic),No,0.1150008823,False
2039-JONDJ,0,55.45,27,One year,Bank transfer (automatic),DSL,0.1148310464,False
6176-YJWAS,0,97.95,72,Two year,Credit card (automatic),Fiber optic,0.1147807858,False
2907-ILJBN,0,20.6,11,One year,Mailed check,No,0.1147570531,False
1936-CZAKF,0,49.65,49,Two year,Credit card (automatic),DSL,0.1146615003,False
3082-WQRVY,0,19.65,14,One year,Mailed check,No,0.1144331629,False
5575-GNVDE,0,56.95,34,One year,Mailed check,DSL,0.1143166438,False
2348-KCJLT,0,61.5,44,One year,Mailed check,DSL,0.1141363453,False
8639-NHQEI,0,95.9,72,Two year,Bank transfer (automatic),Fiber optic,0.1140760756,False
0164-APGRB,0,114.9,72,Two year,Electronic check,Fiber optic,0.114015878,False
9560-BBZXK,0,31.05,36,Two year,Bank transfer (automatic),DSL,0.1138159284,False
1972-XMUWV,0,59.8,65,Two year,Credit card (automatic),DSL,0.1135002113,False
9442-JTWDL,0,20.05,11,One year,Credit card (automatic),No,0.1132635732,False
0412-UCCNP,0,59.2,55,Two year,Electronic check,DSL,0.1132034722,False
3131-NWVFJ,0,19.55,14,One year,Mailed check,No,0.1131549958,False
8050-XGRVL,0,54.75,62,One year,Credit card (automatic),DSL,0.1130778468,False
6374-NTQLP,0,104.1,72,Two year,Credit card (automatic),Fiber optic,0.1127304788,False
9968-FFVVH,0,68.8,63,One year,Bank transfer (automatic),DSL,0.1123543662,False
3399-BMLVW,0,60.5,51,Two year,Credit card (automatic),DSL,0.112344585,False
7073-QETQY,0,20.35,66,One year,Electronic check,No,0.1120014053,False
3251-YMVWZ,0,24.05,53,One year,Bank transfer (automatic),No,0.1119404916,False
7524-VRLPL,0,74.1,69,Two year,Credit card (automatic),DSL,0.1118787844,False
1455-HFBXA,0,91.6,52,Two year,Credit card (automatic),Fiber optic,0.1118585742,False
4835-YSJMR,0,49.8,39,Two year,Bank transfer (automatic),DSL,0.1118057252,False
1716-LSAMB,0,54.65,45,Two year,Bank transfer (automatic),DSL,0.1117123022,False
4702-HDRKD,0,49.35,67,One year,Bank transfer (automatic),DSL,0.111633964,False
9575-IWCAZ,0,25.1,6,One year,Mailed check,No,0.1116127994,False
6974-DAFLI,0,19.7,55,One year,Electronic check,No,0.1115622738,False
0014-BMAQU,0,84.65,63,Two year,Credit card (automatic),Fiber optic,0.1109883225,False
6388-TABGU,0,56.15,62,One year,Bank transfer (automatic),DSL,0.1108776877,False
4500-HKANN,0,59.7,23,Two year,Mailed check,DSL,0.1107511839,False
9225-BZLNZ,0,85.25,72,Two year,Electronic check,DSL,0.1106211352,False
5668-MEISB,0,106.1,72,Two year,Credit card (automatic),Fiber optic,0.1105548892,False
9150-KPBJQ,0,19.65,6,Two year,Credit card (automatic),No,0.1104902622,False
8871-JLMHM,0,90.2,68,Two year,Credit card (automatic),Fiber optic,0.1104100928,False
7255-SSFBC,0,112.25,72,Two year,Bank transfer (automatic),Fiber optic,0.1102726073,False
5321-NTRKC,0,79.85,66,Two year,Bank transfer (automatic),DSL,0.1098030948,False
3133-PZNSR,0,97.75,72,Two year,Credit card (automatic),Fiber optic,0.1097986387,False
3239-TPHPZ,0,20.05,12,Two year,Electronic check,No,0.109677617,False
2703-AMTUL,0,53.65,36,One year,Mailed check,DSL,0.1095820817,False
0979-MOZQI,0,39.0,62,Two year,Bank transfer (automatic),DSL,0.1095467907,False
0956-SYCWG,0,19.65,13,One year,Electronic check,No,0.1094397113,False
9498-FIMXL,0,19.2,8,One year,Mailed check,No,0.1093615549,False
1937-OTUKY,0,98.2,72,Two year,Bank transfer (automatic),Fiber optic,0.1093401072,False
0707-HOVVN,0,75.5,70,Two year,Bank transfer (automatic),DSL,0.1092598159,False
5172-RKOCB,0,108.95,72,Two year,Credit card (automatic),Fiber optic,0.1092426694,False
0967-BMLBD,0,20.0,11,One year,Mailed check,No,0.1090650798,False
6427-FEFIG,0,78.6,24,Two year,Credit card (automatic),DSL,0.1090445772,False
1452-UZOSF,0,106.1,72,Two year,Credit card (automatic),Fiber optic,0.1089240857,False
1763-KUAAW,0,20.35,18,One year,Bank transfer (automatic),No,0.1084005218,False
3378-AJRAO,0,24.85,44,One year,Electronic check,No,0.1083155363,False
3258-SYSWS,0,113.8,72,Two year,Bank transfer (automatic),Fiber optic,0.1081607034,False
3566-CAAYU,0,49.85,64,Two year,Electronic check,DSL,0.107989816,False
3750-YHRYO,0,20.65,7,One year,Mailed check,No,0.1078355042,False
8265-HKSOW,0,107.45,72,Two year,Credit card (automatic),Fiber optic,0.1077999124,False
2225-ZRGSG,1,93.9,70,Two year,Bank transfer (automatic),Fiber optic,0.1077271008,True
2580-ATZSQ,0,61.35,65,One year,Bank transfer (automatic),DSL,0.1076975915,False
6234-RAAPL,0,99.9,72,Two year,Bank transfer (automatic),Fiber optic,0.1076798798,False
8263-QMNTJ,0,115.55,72,Two year,Electronic check,Fiber optic,0.107375527,False
6122-EFVKN,0,35.75,24,Two year,Mailed check,DSL,0.1072475947,False
8819-WFGGJ,0,54.1,68,Two year,Bank transfer (automatic),DSL,0.1071994055,False
7030-FZTFM,0,110.9,72,Two year,Credit card (automatic),Fiber optic,0.1071052353,False
5781-BKHOP,0,100.65,72,Two year,Bank transfer (automatic),Fiber optic,0.1070555001,False
6872-HXFNF,0,58.35,64,One year,Bank transfer (automatic),DSL,0.1069296096,False
0023-UYUPN,0,25.2,50,One year,Electronic check,No,0.1068008045,False
4304-XUMGI,0,75.15,50,Two year,Bank transfer (automatic),DSL,0.1067484486,False
7771-ZONAT,0,56.75,22,Two year,Bank transfer (automatic),DSL,0.1065750046,False
9802-CAQUT,0,109.55,72,Two year,Credit card (automatic),Fiber optic,0.1063146725,False
8975-SKGRX,0,116.1,71,Two year,Bank transfer (automatic),Fiber optic,0.1061951027,False
8434-PNQZX,0,78.45,42,Two year,Credit card (automatic),DSL,0.1060019264,False
7319-ZNRTR,0,19.6,25,One year,Electronic check,No,0.1056724991,False
8029-XYPWT,0,115.05,71,Two year,Bank transfer (automatic),Fiber optic,0.105401788,False
4922-CVPDX,0,73.5,26,Two year,Credit card (automatic),DSL,0.1051907297,False
3950-VPYJB,0,59.6,57,One year,Mailed check,DSL,0.1050536777,False
3823-KYNQY,0,24.95,12,One year,Credit card (automatic),No,0.1048376227,False
6586-MYGKD,0,76.95,70,Two year,Credit card (automatic),DSL,0.1044435814,False
5641-DMBFJ,0,84.3,58,Two year,Electronic check,DSL,0.104043634,False
0298-XACET,0,50.2,52,Two year,Mailed check,DSL,0.103793079,False
9073-ZZIAY,0,86.1,62,Two year,Electronic check,DSL,0.1037491925,False
2256-YLYLP,0,72.95,68,Two year,Bank transfer (automatic),DSL,0.1035986579,False
9028-LIHRP,0,100.2,71,Two year,Credit card (automatic),Fiber optic,0.1034355535,False
3726-TBHQT,0,114.0,71,Two year,Bank transfer (automatic),Fiber optic,0.1031165528,False
9845-QOMAD,0,19.75,14,One year,Mailed check,No,0.1030146899,False
4451-RWASJ,0,19.5,15,One year,Mailed check,No,0.1029417742,False
8752-IMQOS,0,20.1,5,One year,Mailed check,No,0.1027464584,False
8915-NNTRC,0,107.7,72,Two year,Credit card (automatic),Fiber optic,0.1025566666,False
7435-ZNUYY,0,20.6,6,One year,Mailed check,No,0.1025372924,False
6023-GSSXW,0,61.45,69,Two year,Credit card (automatic),DSL,0.1024496141,False
8958-JPTRR,0,24.3,56,One year,Electronic check,No,0.1022402568,False
1535-VTJOQ,0,25.15,24,Two year,Credit card (automatic),No,0.1022020502,False
6681-ZSEXG,0,59.5,56,Two year,Credit card (automatic),DSL,0.1021385029,False
5196-WPYOW,0,60.05,67,One year,Mailed check,DSL,0.1019309738,False
5777-ZPQNC,0,20.15,12,One year,Electronic check,No,0.1012799097,False
2984-TBYKU,0,104.9,72,Two year,Credit card (automatic),Fiber optic,0.1008862621,False
1015-JPFYW,0,19.45,7,One year,Mailed check,No,0.1006764092,False
3482-ABPKK,0,54.3,28,One year,Mailed check,DSL,0.1005145654,False
3423-HHXAO,0,19.5,14,One year,Mailed check,No,0.100460499,False
2324-AALNO,0,24.55,48,One year,Bank transfer (automatic),No,0.1003591606,False
8809-XKHMD,0,100.55,72,Two year,Bank transfer (automatic),Fiber optic,0.1003262536,False
8007-YYPWD,0,25.05,15,Two year,Bank transfer (automatic),No,0.1001449833,False
1069-QJOEE,0,19.9,25,One year,Electronic check,No,0.100111633,False
7663-YJHSN,0,103.95,72,Two year,Bank transfer (automatic),Fiber optic,0.0999846906,False
3831-YCPUO,0,109.5,72,Two year,Credit card (automatic),Fiber optic,0.0995390148,False
8670-ERCJH,0,113.4,72,Two year,Bank transfer (automatic),Fiber optic,0.0995279873,False
6551-ZCOTS,0,24.9,33,One year,Bank transfer (automatic),No,0.099456791,False
6691-CCIHA,0,84.95,62,Two year,Electronic check,DSL,0.0993544673,False
7501-IWUNG,0,73.8,61,Two year,Bank transfer (automatic),DSL,0.0992966199,False
2581-VKIRT,0,65.5,59,One year,Mailed check,DSL,0.0988124647,False
4616-EWBNJ,0,20.1,16,One year,Bank transfer (automatic),No,0.0987800915,False
5095-ETBRJ,0,56.8,55,Two year,Mailed check,DSL,0.098644057,False
4737-HOBAX,0,79.8,63,Two year,Credit card (automatic),DSL,0.0982931139,False
9055-MOJJJ,0,65.8,64,One year,Mailed check,DSL,0.0982754461,False
9541-ZPSEA,0,80.35,68,Two year,Credit card (automatic),Fiber optic,0.0982190728,False
7279-NMVJC,0,19.9,17,One year,Bank transfer (automatic),No,0.0981657296,False
9297-FVVDH,0,84.5,57,Two year,Electronic check,DSL,0.0981082073,False
2999-AANRQ,0,71.05,21,Two year,Credit card (automatic),DSL,0.0980377359,False
8169-SAEJD,0,56.55,69,Two year,Credit card (automatic),DSL,0.0978282064,False
1414-YADCW,0,84.6,70,Two year,Bank transfer (automatic),Fiber optic,0.0976857131,False
6368-TZZDT,0,19.5,4,Two year,Credit card (automatic),No,0.09764267,False
5619-XZZKR,0,19.95,4,One year,Mailed check,No,0.0976092106,False
1131-ALZWV,0,24.6,24,One year,Bank transfer (automatic),No,0.0975779432,False
2239-CGBUZ,0,60.5,51,One year,Bank transfer (automatic),DSL,0.0974597144,False
8823-RLPWL,0,110.65,72,Two year,Credit card (automatic),Fiber optic,0.0973677845,False
1525-LNLOJ,0,63.3,66,Two year,Bank transfer (automatic),DSL,0.0971910507,False
1139-WUOAH,0,53.35,57,Two year,Credit card (automatic),DSL,0.0969791391,False
7284-ZZLOH,0,53.3,45,Two year,Credit card (automatic),DSL,0.0968215294,False
3422-WJOYD,0,54.35,28,One year,Mailed check,DSL,0.0966236464,False
9680-NIAUV,0,109.7,72,Two year,Credit card (automatic),Fiber optic,0.0965289377,False
8144-DGHXP,0,80.6,54,Two year,Electronic check,DSL,0.0964527592,False
2223-GDSHL,0,116.05,71,Two year,Bank transfer (automatic),Fiber optic,0.0963421945,False
5982-PSMKW,0,91.1,23,Two year,Credit card (automatic),DSL,0.096175561,False
6064-ZATLR,0,52.85,27,Two year,Bank transfer (automatic),DSL,0.0961510098,False
0277-ORXQS,0,50.55,66,Two year,Bank transfer (automatic),DSL,0.095822222,False
2904-GGUAZ,0,84.05,72,Two year,Bank transfer (automatic),Fiber optic,0.0958003517,False
6904-JLBGY,0,117.35,72,Two year,Credit card (automatic),Fiber optic,0.0957584645,False
3508-CFVZL,0,111.3,71,Two year,Mailed check,Fiber optic,0.0957247934,False
6754-WKSHP,0,25.35,30,One year,Bank transfer (automatic),No,0.0955565601,False
3547-LQRIK,0,26.9,47,One year,Electronic check,No,0.0952731467,False
7196-LIWRH,0,19.55,6,Two year,Mailed check,No,0.0952211526,False
4859-ZSRDZ,0,55.5,58,Two year,Credit card (automatic),DSL,0.0951111676,False
1960-UOTYM,0,79.2,52,Two year,Electronic check,DSL,0.0947327272,False
9127-FHJBZ,0,114.0,72,Two year,Electronic check,Fiber optic,0.0946558266,False
8745-PVESG,0,41.1,57,One year,Credit card (automatic),DSL,0.0946028099,False
8015-IHCGW,0,115.5,72,Two year,Electronic check,Fiber optic,0.0943475896,False
5003-OKNNK,0,20.35,15,One year,Credit card (automatic),No,0.0943262589,False
3410-YOQBQ,0,79.2,31,Two year,Mailed check,DSL,0.0942532064,False
4024-CSNBY,0,94.25,72,Two year,Bank transfer (automatic),Fiber optic,0.0941977188,False
1043-UXOVO,0,113.15,71,Two year,Credit card (automatic),Fiber optic,0.0940260495,False
0191-EQUUH,0,35.05,25,Two year,Bank transfer (automatic),DSL,0.0940102096,False
8595-SIZNC,0,25.6,22,One year,Bank transfer (automatic),No,0.0939906343,False
0513-RBGPE,0,62.8,37,Two year,Credit card (automatic),DSL,0.0939842379,False
0221-NAUXK,0,19.95,10,One year,Bank transfer (automatic),No,0.0939769721,False
7605-BDWDC,0,49.85,31,Two year,Bank transfer (automatic),DSL,0.0937626606,False
3067-SVMTC,0,55.9,68,One year,Bank transfer (automatic),DSL,0.0937365494,False
9359-JANWS,0,58.9,65,Two year,Credit card (automatic),DSL,0.0937133093,False
8165-CBKXO,0,56.75,66,Two year,Credit card (automatic),DSL,0.0936481699,False
8884-MRNSU,0,19.9,17,One year,Bank transfer (automatic),No,0.0934987239,False
3298-QEICA,0,34.6,23,Two year,Mailed check,DSL,0.0934555316,False
7639-LIAYI,0,79.75,52,Two year,Credit card (automatic),DSL,0.0933882577,False
7322-OCWHC,0,93.05,72,Two year,Bank transfer (automatic),Fiber optic,0.0931612207,False
5762-TJXGK,0,58.75,52,Two year,Bank transfer (automatic),DSL,0.0931513619,False
3057-VJJQE,0,55.25,35,Two year,Mailed check,DSL,0.0930115433,False
4178-EGMON,0,88.0,70,Two year,Credit card (automatic),Fiber optic,0.0928702217,False
4194-FJARJ,0,60.0,54,Two year,Bank transfer (automatic),DSL,0.0927799064,False
4568-KNYWR,0,63.25,52,Two year,Credit card (automatic),DSL,0.0926977457,False
8565-WUXZU,0,84.8,72,Two year,Credit card (automatic),Fiber optic,0.0925179275,False
5322-TEUJK,0,114.6,71,Two year,Bank transfer (automatic),Fiber optic,0.0923656254,False
1498-NHTLT,0,86.75,59,Two year,Electronic check,DSL,0.092334431,False
2030-BTZRO,0,20.4,6,Two year,Credit card (automatic),No,0.0923101854,False
0057-QBUQH,0,25.1,43,Two year,Electronic check,No,0.0918238433,False
6248-TKCQV,0,80.6,70,Two year,Bank transfer (automatic),DSL,0.0916202148,False
3546-GHEAE,0,19.45,7,Two year,Mailed check,No,0.091447886,False
7025-WCBNE,0,59.6,47,Two year,Bank transfer (automatic),DSL,0.0913772,False
9530-GRMJG,0,84.1,70,Two year,Electronic check,DSL,0.0912522863,False
8468-FZTOE,0,74.35,72,Two year,Electronic check,DSL,0.0911663371,False
3082-YVEKW,0,77.15,23,Two year,Bank transfer (automatic),DSL,0.0911183018,False
0617-AQNWT,1,47.85,64,Two year,Electronic check,DSL,0.0909964533,True
2017-CCBLH,0,20.0,8,Two year,Mailed check,No,0.0905741998,False
3108-PCCGG,0,84.45,72,Two year,Credit card (automatic),DSL,0.0905657619,False
2077-DDHJK,0,70.9,68,Two year,Credit card (automatic),DSL,0.0902905968,False
9229-RQABD,0,23.75,18,One year,Mailed check,No,0.0898736378,False
7564-GHCVB,0,79.05,72,Two year,Bank transfer (automatic),Fiber optic,0.089810383,False
6094-ZIVKX,0,54.45,68,One year,Credit card (automatic),DSL,0.0897862058,False
8200-LGKSR,0,83.2,71,Two year,Electronic check,DSL,0.0897524276,False
3500-NSDOA,0,70.8,68,Two year,Credit card (automatic),DSL,0.0896772177,False
0536-ESJEP,0,74.55,54,Two year,Bank transfer (automatic),DSL,0.089652725,False
6754-LZUKA,0,80.9,61,Two year,Bank transfer (automatic),DSL,0.0895808237,False
9108-EQPNQ,0,26.1,10,Two year,Credit card (automatic),No,0.0892281393,False
7089-RKVSZ,0,24.4,8,One year,Mailed check,No,0.0891532612,False
5135-RDDQL,0,50.65,63,Two year,Bank transfer (automatic),DSL,0.0891175995,False
0334-ZFJSR,0,66.05,55,One year,Credit card (automatic),DSL,0.0891098212,False
7602-MVRMB,0,110.45,72,Two year,Bank transfer (automatic),Fiber optic,0.0889917301,False
4573-JKNAE,0,19.35,12,Two year,Bank transfer (automatic),No,0.0889105743,False
0323-XWWTN,0,26.4,3,Two year,Mailed check,No,0.0887118613,False
8398-TBIYD,0,84.7,72,Two year,Bank transfer (automatic),Fiber optic,0.0886867704,False
1354-YZFNB,0,19.55,4,Two year,Credit card (automatic),No,0.0886773539,False
5696-JVVQY,0,70.1,48,Two year,Credit card (automatic),DSL,0.0884534525,False
5789-LDFXO,0,24.6,24,One year,Electronic check,No,0.088396979,False
7452-FOLON,0,25.45,39,One year,Bank transfer (automatic),No,0.0883626087,False
7337-CINUD,0,19.5,8,Two year,Bank transfer (automatic),No,0.0880912981,False
4597-ELFTS,1,24.9,56,One year,Electronic check,No,0.0880705838,True
6439-PKTRR,0,80.7,70,Two year,Electronic check,DSL,0.0879892745,False
8309-PPCED,0,110.45,72,Two year,Bank transfer (automatic),Fiber optic,0.0879601257,False
6603-YRDCJ,0,61.05,33,Two year,Mailed check,DSL,0.087800331,False
5313-FPXWG,0,24.6,51,One year,Bank transfer (automatic),No,0.087753016,False
2005-DWQZJ,0,19.05,8,Two year,Mailed check,No,0.0877359301,False
6522-OIQSX,0,54.95,69,Two year,Credit card (automatic),DSL,0.08745464,False
1038-ZAGBI,1,19.8,12,One year,Bank transfer (automatic),No,0.0873640667,True
7469-LKBCI,0,18.95,16,Two year,Credit card (automatic),No,0.0870967405,False
4717-GHADL,0,79.6,50,Two year,Mailed check,DSL,0.0868452671,False
8174-TBVCF,0,94.8,70,Two year,Credit card (automatic),DSL,0.0867812155,False
5397-NSKQG,0,50.9,67,Two year,Credit card (automatic),DSL,0.0863890968,False
5183-KLYEM,0,112.75,72,Two year,Credit card (automatic),Fiber optic,0.086317518,False
4654-ULTTN,0,74.8,70,Two year,Credit card (automatic),DSL,0.0862017966,False
1345-ZUKID,0,19.35,14,One year,Mailed check,No,0.0861164526,False
6120-RJKLU,0,79.95,62,Two year,Credit card (automatic),DSL,0.0856414147,False
4751-ERMAN,0,75.4,72,Two year,Bank transfer (automatic),DSL,0.0856156402,False
0771-CHWSK,0,74.6,66,Two year,Credit card (automatic),DSL,0.0856133709,False
2088-IEBAU,0,88.15,68,Two year,Electronic check,DSL,0.0855624352,False
6719-FGEDO,0,97.0,72,Two year,Bank transfer (automatic),Fiber optic,0.0854774968,False
2451-YMUXS,0,64.55,67,Two year,Bank transfer (automatic),DSL,0.0854459554,False
6723-CEGQI,0,45.25,65,Two year,Mailed check,DSL,0.0850211926,False
6013-BHCAW,0,81.0,61,Two year,Bank transfer (automatic),DSL,0.0849789999,False
1122-YJBCS,0,53.65,69,One year,Credit card (automatic),DSL,0.0849365245,False
7054-DMVAS,0,65.3,54,Two year,Bank transfer (automatic),DSL,0.0849206599,False
2302-OUZXB,0,82.15,72,Two year,Bank transfer (automatic),DSL,0.0848957367,False
8076-FEZKJ,0,19.5,10,One year,Mailed check,No,0.0848272816,False
8106-GWQOK,0,60.0,38,Two year,Bank transfer (automatic),DSL,0.0847778451,False
0378-XSZPU,1,60.3,58,One year,Credit card (automatic),DSL,0.084578476,True
2332-TODQS,0,25.05,48,One year,Credit card (automatic),No,0.0845524454,False
7599-NTMDP,0,48.7,62,Two year,Bank transfer (automatic),DSL,0.0844919668,False
6437-UDQJM,0,84.1,72,Two year,Credit card (automatic),DSL,0.0842827758,False
2753-JMMCV,0,74.2,65,Two year,Credit card (automatic),DSL,0.0842804634,False
8722-PRFDV,0,77.55,71,Two year,Credit card (automatic),DSL,0.0842019032,False
2400-XIWIO,0,90.1,71,Two year,Electronic check,DSL,0.0840436821,False
8461-EFQYM,0,24.25,38,One year,Electronic check,No,0.0838230795,False
2466-FCCPT,0,19.7,20,One year,Bank transfer (automatic),No,0.0837358903,False
7554-NEWDD,0,25.7,10,Two year,Bank transfer (automatic),No,0.0836789072,False
5602-BVFMK,0,19.3,12,One year,Mailed check,No,0.0833712425,False
0019-GFNTW,0,45.05,56,Two year,Bank transfer (automatic),DSL,0.083354195,False
8414-OOEEL,0,79.5,66,Two year,Credit card (automatic),DSL,0.0832491457,False
3470-OBUET,0,74.0,67,Two year,Credit card (automatic),DSL,0.0830311527,False
3283-WCWXT,0,25.4,6,Two year,Mailed check,No,0.0829081433,False
5324-KTGCG,0,20.85,71,One year,Electronic check,No,0.0828964297,False
1642-HMARX,0,91.7,68,Two year,Electronic check,DSL,0.0823982404,False
5135-GRQJV,0,114.5,72,Two year,Mailed check,Fiber optic,0.0823590971,False
6924-TDGMT,0,20.55,11,One year,Mailed check,No,0.0823585938,False
0906-QVPMS,0,115.15,72,Two year,Bank transfer (automatic),Fiber optic,0.0822828277,False
1480-BKXGA,0,116.05,72,Two year,Bank transfer (automatic),Fiber optic,0.0820424693,False
8612-GXIDD,0,25.4,12,Two year,Bank transfer (automatic),No,0.0819884476,False
0422-OHQHQ,0,20.55,15,One year,Mailed check,No,0.081849024,False
2661-GKBTK,0,76.95,60,Two year,Bank transfer (automatic),DSL,0.081816538,False
6374-AFWOX,0,65.65,46,Two year,Mailed check,DSL,0.0817413163,False
6463-MVYRY,0,69.85,57,Two year,Bank transfer (automatic),DSL,0.0816835537,False
4359-INNWN,0,20.05,17,One year,Credit card (automatic),No,0.081636534,False
9885-MFVSU,0,46.35,35,Two year,Credit card (automatic),DSL,0.0814705431,False
8631-XVRZL,0,20.15,9,One year,Mailed check,No,0.0814433337,False
2229-DPMBI,0,19.5,8,Two year,Mailed check,No,0.0814345351,False
2673-ZALNP,0,19.9,7,One year,Mailed check,No,0.0813762434,False
1506-YJTYT,0,73.85,45,Two year,Credit card (automatic),DSL,0.0813663562,False
3963-RYFNS,0,116.45,72,Two year,Bank transfer (automatic),Fiber optic,0.0812486971,False
2824-DXNKN,0,71.45,72,Two year,Bank transfer (automatic),DSL,0.0812355721,False
5039-LZRQT,0,20.2,13,One year,Mailed check,No,0.0812104691,False
5126-RCXYW,0,46.0,54,Two year,Credit card (automatic),DSL,0.0812081,False
9891-NQDBD,0,25.55,28,One year,Mailed check,No,0.0808054522,False
3549-ZTMNH,0,24.0,12,Two year,Bank transfer (automatic),No,0.0806078775,False
2809-ILCYT,0,26.8,25,One year,Mailed check,No,0.0805169925,False
4102-HLENU,0,65.65,67,Two year,Mailed check,DSL,0.0804519632,False
5961-VUSRV,0,19.35,12,One year,Bank transfer (automatic),No,0.0803784047,False
9258-CNWAC,0,113.65,71,Two year,Credit card (automatic),Fiber optic,0.0803359477,False
9926-PJHDQ,0,76.8,72,Two year,Bank transfer (automatic),DSL,0.080308059,False
1982-FEBTD,0,25.6,23,Two year,Credit card (automatic),No,0.0803008141,False
6419-ZTTLE,0,20.75,23,One year,Electronic check,No,0.0802553554,False
4530-NDRKU,0,19.05,42,One year,Electronic check,No,0.0802238391,False
6510-UPNKS,0,24.8,23,One year,Credit card (automatic),No,0.0801635913,False
6701-DHKWQ,0,51.35,61,Two year,Credit card (automatic),DSL,0.0800785701,False
8746-BFOAJ,0,20.5,21,One year,Bank transfer (automatic),No,0.0799955829,False
5546-QUERU,0,19.95,13,One year,Mailed check,No,0.0799020548,False
4295-YURET,0,72.6,56,Two year,Credit card (automatic),DSL,0.0798982843,False
0674-GCDXG,0,71.9,63,Two year,Bank transfer (automatic),DSL,0.07987349,False
8513-OLYGY,0,115.8,72,Two year,Credit card (automatic),Fiber optic,0.0798123204,False
1371-OJCEK,0,24.35,48,One year,Bank transfer (automatic),No,0.0797222811,False
0440-EKDCF,0,60.15,62,Two year,Credit card (automatic),DSL,0.0796190298,False
2612-PHGOX,0,76.1,64,Two year,Bank transfer (automatic),DSL,0.079457153,False
9871-ELEYA,0,67.65,34,Two year,Credit card (automatic),DSL,0.0792665937,False
7996-BPXHY,0,25.0,13,Two year,Bank transfer (automatic),No,0.079262757,False
9489-DEDVP,0,69.2,70,Two year,Credit card (automatic),DSL,0.0791514432,False
2675-IJRGJ,0,19.65,53,Two year,Bank transfer (automatic),No,0.0791343306,False
5726-CVNYA,0,19.85,8,Two year,Mailed check,No,0.0790351059,False
2351-BKRZW,0,75.2,43,Two year,Bank transfer (automatic),DSL,0.0790140808,False
7399-QHBJS,0,66.75,72,Two year,Credit card (automatic),DSL,0.0788430011,False
3398-GCPMU,0,89.55,72,Two year,Credit card (automatic),DSL,0.0787809766,False
7609-NRNCA,0,19.55,17,One year,Mailed check,No,0.0786953883,False
2274-XUATA,0,63.1,72,Two year,Bank transfer (automatic),DSL,0.0786359553,False
0017-DINOC,0,45.2,54,Two year,Credit card (automatic),DSL,0.0785828937,False
3372-CDXFJ,0,24.5,13,One year,Bank transfer (automatic),No,0.0784780986,False
7138-GIRSH,0,69.5,50,Two year,Bank transfer (automatic),DSL,0.0782401567,False
2863-IMQDR,0,89.65,61,Two year,Electronic check,DSL,0.0781644061,False
0795-LAFGP,0,90.4,71,Two year,Electronic check,DSL,0.0781412298,False
0526-SXDJP,0,42.1,72,Two year,Bank transfer (automatic),DSL,0.0781340962,False
0064-SUDOG,0,20.3,12,Two year,Bank transfer (automatic),No,0.078086988,False
5684-FJVYR,0,90.35,72,Two year,Bank transfer (automatic),Fiber optic,0.0778170681,False
4323-ELYYB,0,20.0,13,One year,Mailed check,No,0.0777727951,False
3474-BAFSJ,0,57.5,57,Two year,Bank transfer (automatic),DSL,0.0776253374,False
6919-ELBGL,0,114.95,72,Two year,Bank transfer (automatic),Fiber optic,0.0772887504,False
1821-BUCWY,0,55.65,30,Two year,Mailed check,DSL,0.0772079137,False
9795-SHUHB,0,58.2,66,Two year,Credit card (automatic),DSL,0.0769825955,False
4837-PZTIC,0,41.9,47,Two year,Mailed check,DSL,0.0768709241,False
7963-SHNDT,0,39.1,52,Two year,Mailed check,DSL,0.0767429292,False
9867-XOBQA,0,53.15,21,Two year,Mailed check,DSL,0.0767286066,False
2996-XAUVF,0,40.05,70,Two year,Mailed check,DSL,0.0766965046,False
5201-CBWYG,0,24.8,62,One year,Bank transfer (automatic),No,0.07657734,False
5647-URDKA,0,19.7,8,Two year,Mailed check,No,0.0765542394,False
6765-MBQNU,0,26.0,26,One year,Mailed check,No,0.0764710359,False
3891-NLXJB,0,40.55,37,Two year,Mailed check,DSL,0.0761568414,False
5329-KRDTM,0,77.35,72,Two year,Credit card (automatic),DSL,0.0760273351,False
2592-HODOV,0,19.3,13,One year,Credit card (automatic),No,0.0758897311,False
4676-WLUHT,0,46.2,54,Two year,Bank transfer (automatic),DSL,0.0758068614,False
8205-VSLRB,0,77.3,70,Two year,Credit card (automatic),DSL,0.0757511914,False
4980-URKXC,0,20.85,36,One year,Bank transfer (automatic),No,0.0757143884,False
2040-XBAVJ,0,114.45,72,Two year,Bank transfer (automatic),Fiber optic,0.075714064,False
0848-SOMKO,0,48.4,70,Two year,Bank transfer (automatic),DSL,0.0757043254,False
8148-WOCMK,0,19.6,8,Two year,Credit card (automatic),No,0.0756836922,False
2245-ADZFJ,0,80.55,31,Two year,Bank transfer (automatic),DSL,0.0755033354,False
8571-ZCMCX,0,60.0,47,Two year,Credit card (automatic),DSL,0.0754294343,False
7009-PCARS,0,19.1,55,One year,Bank transfer (automatic),No,0.0753892351,False
3200-MNQTF,0,70.9,67,Two year,Credit card (automatic),DSL,0.075383801,False
3258-ZKPAI,0,116.6,72,Two year,Bank transfer (automatic),Fiber optic,0.0753327871,False
3745-HRPHI,0,54.65,66,Two year,Bank transfer (automatic),DSL,0.0753099629,False
8207-DMRVL,0,114.55,72,Two year,Bank transfer (automatic),Fiber optic,0.0752388365,False
2773-MADBQ,0,53.1,36,Two year,Mailed check,DSL,0.0752137515,False
9867-JCZSP,0,20.75,17,One year,Mailed check,No,0.0751083747,False
9675-ICXCT,0,80.8,72,Two year,Electronic check,DSL,0.0751018847,False
5914-XRFQB,0,115.8,72,Two year,Bank transfer (automatic),Fiber optic,0.0750834577,False
0048-PIHNL,0,20.45,49,One year,Bank transfer (automatic),No,0.075055294,False
9541-PWTWO,0,80.95,52,Two year,Bank transfer (automatic),DSL,0.075027755,False
8332-OSJDW,0,26.4,12,One year,Mailed check,No,0.0750085569,False
4671-VJLCL,0,79.85,63,Two year,Credit card (automatic),DSL,0.0750055227,False
4213-HKBJO,0,25.7,33,Two year,Credit card (automatic),No,0.075005381,False
0379-DJQHR,0,81.35,67,Two year,Credit card (automatic),DSL,0.0748508703,False
3887-PBQAO,0,25.9,45,One year,Credit card (automatic),No,0.0748348345,False
9739-JLPQJ,0,117.5,72,Two year,Credit card (automatic),Fiber optic,0.0748322174,False
6870-ZWMNX,0,76.1,70,Two year,Credit card (automatic),DSL,0.0748109271,False
3724-BSCVH,0,20.45,10,One year,Mailed check,No,0.0747647323,False
1431-AIDJQ,0,82.1,33,Two year,Credit card (automatic),DSL,0.074638817,False
5702-KVQRD,0,82.55,71,Two year,Electronic check,DSL,0.0744552132,False
9648-BCHKM,0,24.65,18,Two year,Credit card (automatic),No,0.0743183469,False
8606-CIQUL,0,115.75,72,Two year,Credit card (automatic),Fiber optic,0.0740747148,False
9281-CEDRU,0,64.1,68,Two year,Bank transfer (automatic),DSL,0.0739718253,False
4475-NVTLU,0,19.2,45,Two year,Electronic check,No,0.0738493112,False
5656-MJEFC,0,48.15,42,Two year,Credit card (automatic),DSL,0.0737580299,False
2123-VSCOT,0,72.1,59,Two year,Bank transfer (automatic),DSL,0.0737233097,False
9030-QGZNL,0,20.85,8,Two year,Mailed check,No,0.0737170033,False
5197-YPYBZ,0,25.25,12,Two year,Credit card (automatic),No,0.0735769686,False
9067-YGSCA,0,26.05,70,One year,Credit card (automatic),No,0.0733922584,False
5642-MHDQT,0,19.85,53,One year,Bank transfer (automatic),No,0.0733676142,False
7401-JIXNM,0,91.3,54,Two year,Credit card (automatic),DSL,0.0731039404,False
4376-KFVRS,0,114.05,72,Two year,Credit card (automatic),Fiber optic,0.0729807838,False
7340-KEFQE,0,34.2,51,Two year,Bank transfer (automatic),DSL,0.0729737893,False
3884-UEBXB,0,36.15,67,Two year,Bank transfer (automatic),DSL,0.0729585173,False
9499-XPZXM,0,64.75,72,Two year,Bank transfer (automatic),DSL,0.0728002374,False
4992-LTJNE,0,55.3,72,Two year,Bank transfer (automatic),DSL,0.0725490064,False
2193-SFWQW,0,111.95,72,Two year,Bank transfer (automatic),Fiber optic,0.0724697061,False
0829-DDVLK,0,20.1,15,One year,Credit card (automatic),No,0.0723288433,False
6741-QRLUP,0,80.3,63,Two year,Credit card (automatic),DSL,0.0723132086,False
8645-KOMJQ,0,81.95,69,Two year,Bank transfer (automatic),DSL,0.072010428,False
0973-KYVNF,0,70.65,72,Two year,Credit card (automatic),DSL,0.0720067887,False
3520-FJGCV,0,112.6,72,Two year,Credit card (automatic),Fiber optic,0.0719390435,False
2589-AYCRP,0,19.75,50,One year,Bank transfer (automatic),No,0.0718811386,False
1779-PWPMG,0,114.65,72,Two year,Bank transfer (automatic),Fiber optic,0.0717457512,False
2388-LAESQ,0,114.85,72,Two year,Bank transfer (automatic),Fiber optic,0.0717457512,False
9755-JHNMN,0,67.4,49,Two year,Bank transfer (automatic),DSL,0.0717061238,False
2995-YWTCD,0,24.9,19,Two year,Bank transfer (automatic),No,0.0716752729,False
3166-PNEOF,0,86.45,61,Two year,Credit card (automatic),DSL,0.0716322986,False
7921-BEPCI,0,59.75,72,Two year,Bank transfer (automatic),DSL,0.0716293802,False
9746-UGFAC,0,20.85,22,One year,Bank transfer (automatic),No,0.0716054208,False
9788-HNGUT,0,116.95,72,Two year,Credit card (automatic),Fiber optic,0.071554683,False
0754-EEBDC,0,19.9,4,Two year,Mailed check,No,0.0715195874,False
7665-VIGUD,0,20.35,10,One year,Mailed check,No,0.0715177482,False
8166-ZZTFS,1,80.55,66,Two year,Bank transfer (automatic),DSL,0.0714203645,True
0731-EBJQB,0,20.4,52,One year,Electronic check,No,0.0712498085,False
5451-MHQOF,0,24.45,56,One year,Mailed check,No,0.0712380484,False
8587-XYZSF,0,50.55,67,Two year,Bank transfer (automatic),DSL,0.0712377977,False
6339-RZCBJ,0,78.9,48,Two year,Credit card (automatic),DSL,0.0710931835,False
2587-YNLES,0,20.1,6,Two year,Mailed check,No,0.071092955,False
5676-CFLYY,0,73.35,71,Two year,Credit card (automatic),DSL,0.0710850654,False
2160-GPFXD,0,65.65,54,Two year,Credit card (automatic),DSL,0.0710844534,False
5312-TSZVC,0,19.65,15,One year,Mailed check,No,0.0710215578,False
5158-RIVOP,0,20.9,11,Two year,Credit card (automatic),No,0.0709407565,False
7369-TRPFD,0,18.8,19,One year,Mailed check,No,0.070788103,False
8042-RNLKO,0,25.45,66,One year,Bank transfer (automatic),No,0.0707862728,False
0784-GTUUK,0,23.75,62,One year,Credit card (automatic),No,0.0707375338,False
8084-OIVBS,0,20.0,11,One year,Mailed check,No,0.0706564129,False
4664-NJCMS,0,59.55,33,Two year,Bank transfer (automatic),DSL,0.070656056,False
6953-PBDIN,0,72.95,70,Two year,Bank transfer (automatic),DSL,0.0706556362,False
5788-YPOEG,0,84.75,34,Two year,Mailed check,DSL,0.0706490961,False
5248-KWLAR,0,90.35,71,Two year,Electronic check,DSL,0.0705968049,False
1221-GHZEP,0,65.1,62,Two year,Mailed check,DSL,0.0705907351,False
5130-YPIRV,0,72.0,62,Two year,Credit card (automatic),DSL,0.0705586457,False
7503-MIOGA,0,89.85,72,Two year,Bank transfer (automatic),DSL,0.0704860868,False
9769-TSBZE,0,66.0,70,Two year,Electronic check,DSL,0.0703677468,False
9483-GCPWE,0,20.1,9,One year,Mailed check,No,0.0703554565,False
8336-TAVKX,0,78.45,72,Two year,Bank transfer (automatic),DSL,0.0703263685,False
2335-GSODA,0,40.1,23,Two year,Mailed check,DSL,0.0702277191,False
6007-TCTST,0,115.8,72,Two year,Bank transfer (automatic),Fiber optic,0.0701838005,False
2560-QTSBS,0,23.3,72,One year,Bank transfer (automatic),No,0.0701580802,False
1231-YNDEK,0,19.15,58,Two year,Bank transfer (automatic),No,0.0701552301,False
7527-QNRUS,0,25.15,17,Two year,Mailed check,No,0.0700554443,False
3511-BFTJW,0,38.5,72,Two year,Credit card (automatic),DSL,0.0699991769,False
8241-JUIQO,0,19.45,61,One year,Bank transfer (automatic),No,0.0698001199,False
7169-YWAMK,0,68.4,72,Two year,Bank transfer (automatic),DSL,0.0697633748,False
4709-LKHYG,0,20.0,29,One year,Electronic check,No,0.0696670296,False
6746-WAUWT,0,19.7,19,One year,Credit card (automatic),No,0.0695748348,False
8884-FEEWR,0,20.6,35,One year,Bank transfer (automatic),No,0.069568742,False
5318-YKDPV,0,79.15,43,Two year,Credit card (automatic),DSL,0.0695263444,False
8314-HTWVE,0,19.85,7,Two year,Mailed check,No,0.0694381876,False
7569-NMZYQ,0,118.75,72,Two year,Bank transfer (automatic),Fiber optic,0.0694287975,False
4849-PYRLQ,0,73.25,56,Two year,Bank transfer (automatic),DSL,0.069371281,False
1272-ILHFG,0,19.65,15,One year,Mailed check,No,0.0692316724,False
4115-BNPJY,0,75.55,29,Two year,Mailed check,DSL,0.0692042953,False
0420-TXVSG,0,66.1,66,Two year,Credit card (automatic),DSL,0.0692000122,False
3717-FDJFU,0,20.45,5,Two year,Mailed check,No,0.0691844594,False
7872-BAAZR,0,19.55,53,One year,Bank transfer (automatic),No,0.0691282919,False
0263-FJTQO,0,70.5,50,Two year,Credit card (automatic),DSL,0.0689698458,False
9361-YNQWJ,0,24.4,64,One year,Bank transfer (automatic),No,0.068797627,False
7274-CGTOD,0,43.7,62,Two year,Bank transfer (automatic),DSL,0.0687924248,False
3810-DVDQQ,0,117.6,72,Two year,Bank transfer (automatic),Fiber optic,0.0687677071,False
6729-FZWSY,0,19.45,67,One year,Mailed check,No,0.0686251886,False
0757-WCUUZ,0,63.35,54,Two year,Credit card (automatic),DSL,0.0685687685,False
0486-LGCCH,0,19.65,11,Two year,Mailed check,No,0.0685496721,False
2498-XLDZR,0,73.6,32,Two year,Mailed check,DSL,0.0685321141,False
5996-EBTKM,0,69.9,67,Two year,Bank transfer (automatic),DSL,0.0684215932,False
0621-CXBKL,0,18.7,53,Two year,Mailed check,No,0.0684118467,False
5505-OVWQW,0,20.15,17,One year,Mailed check,No,0.0683958365,False
5181-OABFK,0,61.3,56,Two year,Credit card (automatic),DSL,0.0683524172,False
5038-ETMLM,0,113.65,72,Two year,Bank transfer (automatic),Fiber optic,0.0683419769,False
5862-BRIXZ,0,60.75,46,Two year,Bank transfer (automatic),DSL,0.068324879,False
3669-WHAFY,0,115.15,71,Two year,Credit card (automatic),Fiber optic,0.0683243788,False
7622-FWGEW,0,85.65,56,Two year,Bank transfer (automatic),DSL,0.068299116,False
6963-EZQEE,0,88.55,70,Two year,Credit card (automatic),DSL,0.0681366945,False
3266-FTKHB,0,19.15,17,Two year,Mailed check,No,0.0681256707,False
5986-WWXDV,0,19.35,39,One year,Bank transfer (automatic),No,0.0681102204,False
1352-HNSAW,0,115.6,72,Two year,Bank transfer (automatic),Fiber optic,0.0680357435,False
8454-AATJP,0,115.05,72,Two year,Credit card (automatic),Fiber optic,0.0678879698,False
1897-RCFUM,0,24.2,39,One year,Mailed check,No,0.0678705771,False
0567-XRHCU,0,43.95,69,Two year,Credit card (automatic),DSL,0.0677817625,False
9668-PUGNU,0,24.5,71,Two year,Electronic check,No,0.0675303388,False
1734-ZMNTZ,0,25.0,11,Two year,Mailed check,No,0.0673807392,False
2878-DHMIN,0,19.9,35,One year,Electronic check,No,0.0673500243,False
5995-WWKKG,0,19.8,37,One year,Electronic check,No,0.0673283475,False
5394-MEITZ,0,80.6,60,Two year,Bank transfer (automatic),DSL,0.0671628892,False
6898-RBTLU,0,79.3,49,Two year,Bank transfer (automatic),DSL,0.0671239179,False
5918-VUKWP,0,20.55,32,One year,Bank transfer (automatic),No,0.0670105469,False
8780-YRMTT,0,47.4,66,Two year,Mailed check,DSL,0.0669348893,False
4648-YPBTM,0,73.9,53,Two year,Bank transfer (automatic),DSL,0.0668754159,False
9637-CDTKZ,0,114.1,72,Two year,Credit card (automatic),Fiber optic,0.0667553742,False
1813-JLKWR,0,19.8,64,One year,Bank transfer (automatic),No,0.0667474836,False
1093-YSWCA,0,19.55,11,Two year,Credit card (automatic),No,0.0666962837,False
4825-FUREZ,0,20.25,42,Two year,Electronic check,No,0.0666359836,False
9348-ROUAI,0,90.3,59,Two year,Credit card (automatic),DSL,0.0666249267,False
4950-HKQTE,0,26.25,22,Two year,Mailed check,No,0.0663028578,False
9194-GFVOI,0,84.35,42,Two year,Credit card (automatic),DSL,0.0662875428,False
5248-RPYWW,0,90.15,72,Two year,Bank transfer (automatic),DSL,0.0662805729,False
2192-OZITF,0,73.55,45,Two year,Mailed check,DSL,0.0662252363,False
1266-NZYUI,0,66.85,72,Two year,Bank transfer (automatic),DSL,0.0660997612,False
0266-GMEAO,0,114.3,72,Two year,Credit card (automatic),Fiber optic,0.0660648636,False
7244-KXYZN,0,20.45,24,One year,Credit card (automatic),No,0.0659886053,False
7359-WWYJV,0,114.45,72,Two year,Credit card (automatic),Fiber optic,0.0658505971,False
7706-YLMQA,0,19.7,70,One year,Bank transfer (automatic),No,0.0658497925,False
2253-KPMNB,0,46.25,69,Two year,Bank transfer (automatic),DSL,0.0658217256,False
3486-HOOGQ,0,79.7,70,Two year,Bank transfer (automatic),DSL,0.0657276629,False
5067-WJEUN,0,54.2,67,Two year,Bank transfer (automatic),DSL,0.0656050973,False
3892-NXAZG,0,114.05,72,Two year,Credit card (automatic),Fiber optic,0.0655365046,False
4883-KCPZJ,0,25.25,22,Two year,Credit card (automatic),No,0.0655167243,False
0244-LGNFY,0,92.65,72,Two year,Bank transfer (automatic),DSL,0.0654794453,False
3572-UUHRS,0,18.85,45,One year,Bank transfer (automatic),No,0.0654601279,False
7639-OPLNG,0,79.25,70,Two year,Bank transfer (automatic),DSL,0.0653543612,False
0017-IUDMW,0,116.8,72,Two year,Credit card (automatic),Fiber optic,0.0653193166,False
6609-MXJHJ,0,25.1,30,Two year,Mailed check,No,0.0652934092,False
2167-FQSTQ,0,92.4,72,Two year,Electronic check,DSL,0.0652115413,False
9500-WBGRP,0,19.1,69,Two year,Mailed check,No,0.065192714,False
6177-PEVRA,0,55.5,48,Two year,Credit card (automatic),DSL,0.0651655275,False
5063-IUOKK,0,19.75,13,Two year,Mailed check,No,0.0651582695,False
0604-THJFP,0,75.95,59,Two year,Credit card (automatic),DSL,0.0651541658,False
9068-VPWQQ,0,75.35,61,Two year,Credit card (automatic),DSL,0.0651123266,False
2387-KDZQY,0,20.1,17,One year,Mailed check,No,0.0651020325,False
3533-UVMOM,0,70.95,68,Two year,Bank transfer (automatic),DSL,0.0650304819,False
3227-WLKLI,0,91.55,65,Two year,Bank transfer (automatic),DSL,0.0650246036,False
7277-KAMWT,0,20.0,13,Two year,Credit card (automatic),No,0.0649542277,False
1178-PZGAB,0,20.25,19,One year,Credit card (automatic),No,0.064749038,False
9372-TXXPS,0,59.85,60,Two year,Bank transfer (automatic),DSL,0.0647242129,False
8098-TDCBU,0,25.25,42,Two year,Electronic check,No,0.0645164458,False
4584-LBNMK,0,24.7,45,One year,Credit card (automatic),No,0.0644705982,False
9888-ZCUMM,0,60.05,64,Two year,Bank transfer (automatic),DSL,0.0642827993,False
5512-IDZEI,0,24.9,46,One year,Electronic check,No,0.0642613174,False
4782-OSFXZ,0,82.7,71,Two year,Bank transfer (automatic),DSL,0.0642472885,False
5176-OLSKT,0,66.9,66,Two year,Bank transfer (automatic),DSL,0.0642087691,False
8464-EETCQ,0,18.8,57,Two year,Credit card (automatic),No,0.0642050113,False
7137-NAXML,0,20.15,23,One year,Bank transfer (automatic),No,0.0641850992,False
6772-WFQRD,0,20.4,40,One year,Bank transfer (automatic),No,0.0641843984,False
7297-DVYGA,0,19.85,51,One year,Bank transfer (automatic),No,0.0641673287,False
9565-FLVCG,0,69.55,65,Two year,Mailed check,DSL,0.06402594,False
8590-YFFQO,0,64.95,70,Two year,Credit card (automatic),DSL,0.0639165389,False
6859-QNXIQ,0,113.1,72,Two year,Bank transfer (automatic),Fiber optic,0.0639143567,False
9220-CXRSC,0,61.4,69,Two year,Credit card (automatic),DSL,0.063894357,False
6867-ACCZI,0,52.5,24,Two year,Mailed check,DSL,0.0638416677,False
5014-GSOUQ,0,19.95,13,Two year,Mailed check,No,0.0636853265,False
6223-DHJGV,0,20.65,42,One year,Mailed check,No,0.063592308,False
2211-RMNHO,0,85.3,68,Two year,Bank transfer (automatic),DSL,0.0635537775,False
1172-VIYBP,0,69.7,53,Two year,Bank transfer (automatic),DSL,0.0635486278,False
3889-VWBID,0,82.85,68,Two year,Bank transfer (automatic),DSL,0.0633834669,False
9018-PCIOK,0,64.75,55,Two year,Mailed check,DSL,0.0633208015,False
1488-PBLJN,0,116.85,72,Two year,Bank transfer (automatic),Fiber optic,0.0632980216,False
9621-OUPYD,0,20.2,25,One year,Bank transfer (automatic),No,0.06322845,False
2812-REYAT,0,20.05,49,One year,Bank transfer (automatic),No,0.0631655266,False
6169-PGNCD,0,74.3,57,Two year,Credit card (automatic),DSL,0.0631576217,False
2845-KDHVX,0,68.3,64,Two year,Mailed check,DSL,0.0631016241,False
0214-JHPFW,0,57.8,70,Two year,Bank transfer (automatic),DSL,0.0630801051,False
1568-BEKZM,0,90.05,70,Two year,Credit card (automatic),DSL,0.0630571953,False
2126-GSEGL,0,84.8,70,Two year,Bank transfer (automatic),DSL,0.0629927664,False
7471-WNSUF,0,24.15,60,One year,Bank transfer (automatic),No,0.0629277461,False
2954-PIBKO,0,64.15,69,Two year,Credit card (automatic),DSL,0.0627671404,False
3050-RLLXC,0,81.25,56,Two year,Credit card (automatic),DSL,0.0627628747,False
2933-XEUJM,0,79.2,46,Two year,Mailed check,DSL,0.0626863996,False
5583-EJXRD,0,54.05,44,Two year,Credit card (automatic),DSL,0.0626789001,False
7860-KSUGX,0,64.45,72,Two year,Credit card (automatic),DSL,0.0626768611,False
8630-QSGXK,0,75.2,51,Two year,Bank transfer (automatic),DSL,0.0624432172,False
5795-BKOYE,0,59.1,69,One year,Bank transfer (automatic),DSL,0.0624364123,False
5993-JSUWV,0,61.15,66,Two year,Bank transfer (automatic),DSL,0.0624296496,False
7157-SMCFK,0,19.75,61,Two year,Mailed check,No,0.0622210212,False
9617-UDPEU,0,19.25,22,One year,Mailed check,No,0.0621725424,False
5451-YHYPW,0,115.75,72,Two year,Credit card (automatic),Fiber optic,0.0621537172,False
6217-KDYWC,0,19.6,57,Two year,Mailed check,No,0.0620689712,False
3452-FLHYD,0,20.95,25,One year,Bank transfer (automatic),No,0.0619769041,False
0942-KOWSM,0,80.8,30,Two year,Bank transfer (automatic),DSL,0.0619299507,False
8628-MFKAX,0,116.75,72,Two year,Credit card (automatic),Fiber optic,0.0619167254,False
8990-YOZLV,0,66.9,69,Two year,Mailed check,DSL,0.0618629713,False
7427-AUFPY,0,19.65,54,Two year,Credit card (automatic),No,0.0618586819,False
9548-LIGTA,0,81.05,61,Two year,Mailed check,DSL,0.0618334657,False
0487-CRLZF,0,74.45,49,Two year,Bank transfer (automatic),DSL,0.0618128888,False
3779-OSWCF,0,93.2,71,Two year,Credit card (automatic),DSL,0.0617351923,False
5249-QYHEX,0,24.8,40,Two year,Mailed check,No,0.0616683241,False
0042-JVWOJ,0,19.6,26,One year,Bank transfer (automatic),No,0.0616604432,False
9451-WLYRI,0,19.05,53,One year,Credit card (automatic),No,0.0614042195,False
8966-OIQHG,0,20.75,22,One year,Bank transfer (automatic),No,0.0613858396,False
2162-FRZAA,0,39.35,63,Two year,Bank transfer (automatic),DSL,0.0613519733,False
0071-NDAFP,0,25.5,25,Two year,Credit card (automatic),No,0.0613100366,False
0383-CLDDA,0,85.35,69,Two year,Credit card (automatic),DSL,0.0611779429,False
7799-LGRDP,0,25.7,43,Two year,Credit card (automatic),No,0.0611754707,False
8046-DNVTL,0,38.6,62,Two year,Credit card (automatic),DSL,0.0611133621,False
9286-BHDQG,0,45.25,72,Two year,Credit card (automatic),DSL,0.0611115275,False
5995-LFTLE,0,25.3,58,Two year,Credit card (automatic),No,0.0610574776,False
5317-FLPJF,0,61.35,66,Two year,Bank transfer (automatic),DSL,0.0610561264,False
6695-FRVEC,0,60.4,67,Two year,Bank transfer (automatic),DSL,0.0609866996,False
0739-UUAJR,0,53.8,72,Two year,Credit card (automatic),DSL,0.0609590017,False
7037-MTYVW,0,85.4,38,Two year,Bank transfer (automatic),DSL,0.0607846446,False
1302-TPUBN,0,19.35,66,Two year,Bank transfer (automatic),No,0.0607174389,False
9631-RXVJM,0,19.25,35,Two year,Mailed check,No,0.0606199579,False
0602-DDUML,0,69.75,57,Two year,Mailed check,DSL,0.0606043118,False
3704-IEAXF,0,53.65,72,Two year,Credit card (automatic),DSL,0.0605395238,False
0224-NIJLP,0,20.15,8,Two year,Mailed check,No,0.0604333683,False
9481-WHGWY,0,75.35,70,Two year,Credit card (automatic),DSL,0.0604156047,False
6152-ONASV,0,58.25,68,One year,Bank transfer (automatic),DSL,0.0602718564,False
3569-JFODW,0,90.95,72,Two year,Credit card (automatic),DSL,0.0602716288,False
8592-PLTMQ,0,24.7,64,One year,Mailed check,No,0.0602485602,False
7665-NKLAV,0,40.65,36,Two year,Credit card (automatic),DSL,0.0601802237,False
3705-PSNGL,1,20.4,45,One year,Electronic check,No,0.0601624261,True
5016-LIPDW,0,19.4,57,One year,Mailed check,No,0.060123878,False
2662-NNTDK,0,24.8,65,One year,Credit card (automatic),No,0.0601053843,False
7817-OMJNA,0,20.4,14,One year,Bank transfer (automatic),No,0.0600430521,False
9798-OPFEM,0,21.1,46,Two year,Electronic check,No,0.0598642152,False
7061-OVMIM,0,19.55,30,One year,Bank transfer (automatic),No,0.059806214,False
3712-PKXZA,0,20.55,61,One year,Credit card (automatic),No,0.0597668478,False
3812-LRZIR,0,24.5,27,Two year,Electronic check,No,0.0596036629,False
8277-RVRSV,0,24.15,33,One year,Credit card (automatic),No,0.0595692902,False
1697-LYYYX,0,19.1,61,One year,Credit card (automatic),No,0.0594984114,False
0203-HHYIJ,1,25.3,25,One year,Bank transfer (automatic),No,0.0594980304,True
6166-YIPFO,0,64.7,72,Two year,Electronic check,DSL,0.059483722,False
0307-BCOPK,0,19.05,16,One year,Mailed check,No,0.0594729086,False
5266-PFRQK,0,20.85,52,One year,Credit card (automatic),No,0.0594283611,False
9717-IOAAF,0,25.85,27,Two year,Credit card (automatic),No,0.0594252713,False
9298-WGMRW,0,115.5,72,Two year,Bank transfer (automatic),Fiber optic,0.0593692093,False
8191-XWSZG,0,20.65,52,One year,Mailed check,No,0.0592806943,False
2885-HIJDH,0,86.9,69,Two year,Bank transfer (automatic),DSL,0.0591881143,False
5338-YHWYT,0,61.45,37,Two year,Credit card (automatic),DSL,0.0591857602,False
1092-WPIVQ,0,25.1,18,Two year,Mailed check,No,0.0590819831,False
8670-MEFCP,0,92.9,36,Two year,Credit card (automatic),DSL,0.0590036857,False
9639-BUJXT,0,20.5,63,One year,Mailed check,No,0.0589661759,False
3653-NCRDJ,0,19.2,43,One year,Mailed check,No,0.0588623626,False
2808-CHTDM,0,25.1,23,Two year,Mailed check,No,0.0588170891,False
8390-FESFV,0,84.5,62,Two year,Bank transfer (automatic),DSL,0.0587033551,False
0675-NCDYU,0,116.4,72,Two year,Credit card (automatic),Fiber optic,0.0586944257,False
5075-JSDKI,0,24.45,59,Two year,Electronic check,No,0.0586928846,False
3557-HTYWR,0,74.05,47,Two year,Mailed check,DSL,0.0586805978,False
6650-BWFRT,0,117.15,72,Two year,Credit card (automatic),Fiber optic,0.058652752,False
5915-ANOEI,0,79.15,70,Two year,Mailed check,DSL,0.0586086866,False
2616-FLVQC,0,19.55,64,Two year,Mailed check,No,0.0586006649,False
9531-NSBMR,0,19.25,36,One year,Bank transfer (automatic),No,0.0585528344,False
8499-BRXTD,0,20.1,18,One year,Mailed check,No,0.0585231938,False
8619-IJNDK,0,64.05,71,Two year,Credit card (automatic),DSL,0.0584477461,False
9766-HGEDE,0,19.35,17,One year,Mailed check,No,0.0583989194,False
6698-OXETB,0,20.4,11,Two year,Mailed check,No,0.0583644657,False
3525-DVKFN,0,19.4,17,Two year,Mailed check,No,0.058362546,False
5057-RKGLH,0,20.35,9,Two year,Mailed check,No,0.058357295,False
2121-JAFOM,0,115.55,72,Two year,Credit card (automatic),Fiber optic,0.058330972,False
0608-JDVEC,0,19.8,50,Two year,Electronic check,No,0.0582439234,False
1241-FPMOF,0,19.65,52,Two year,Mailed check,No,0.0582098874,False
5696-EXCYS,0,19.45,17,Two year,Credit card (automatic),No,0.0581932043,False
3308-JSGML,0,64.05,59,Two year,Credit card (automatic),DSL,0.0581898607,False
4737-AQCPU,0,72.1,72,Two year,Credit card (automatic),DSL,0.0580252985,False
4254-QPEDE,0,66.25,52,Two year,Credit card (automatic),DSL,0.0579403019,False
6418-PIQSP,0,81.0,62,Two year,Mailed check,DSL,0.0578590132,False
2977-CEBSX,0,90.05,66,Two year,Credit card (automatic),DSL,0.0578542775,False
3796-ENZGF,0,67.25,63,Two year,Mailed check,DSL,0.0578177098,False
8859-YSTWS,0,19.95,48,One year,Bank transfer (automatic),No,0.0578148147,False
2706-QZIHY,0,25.2,15,Two year,Mailed check,No,0.05779996,False
9674-EHPPG,0,40.4,46,Two year,Credit card (automatic),DSL,0.0577868862,False
5707-ZMDJP,0,69.7,53,Two year,Mailed check,DSL,0.0577134215,False
6048-NJXHX,0,19.75,41,Two year,Electronic check,No,0.0576432728,False
7601-DHFWZ,0,24.0,48,Two year,Credit card (automatic),No,0.057510529,False
3230-IUALN,0,81.0,45,Two year,Mailed check,DSL,0.0574598217,False
3785-KTYSH,0,24.6,53,Two year,Mailed check,No,0.0574171133,False
6508-NJYRO,0,18.8,15,One year,Mailed check,No,0.0573648504,False
7813-TKCVO,0,20.35,20,One year,Mailed check,No,0.0573338558,False
0343-QLUZP,0,39.6,60,Two year,Bank transfer (automatic),DSL,0.057297496,False
8295-KMENE,0,76.45,59,Two year,Mailed check,DSL,0.0571869288,False
3649-JPUGY,0,88.6,72,Two year,Bank transfer (automatic),DSL,0.0571191022,False
8395-ETZKQ,0,19.5,68,One year,Bank transfer (automatic),No,0.057041896,False
0378-CJKPV,0,112.1,72,Two year,Credit card (automatic),Fiber optic,0.0570206071,False
9814-AOUDH,0,19.5,53,Two year,Credit card (automatic),No,0.0568637943,False
3795-GWTRD,0,75.55,63,Two year,Credit card (automatic),DSL,0.0567601222,False
9110-HSGTV,0,82.45,69,Two year,Credit card (automatic),DSL,0.0567504469,False
3913-FCUUW,0,70.45,72,Two year,Bank transfer (automatic),DSL,0.0567036914,False
9239-GZHZE,0,113.65,72,Two year,Credit card (automatic),Fiber optic,0.0565793842,False
8717-VCTXJ,0,19.55,42,One year,Mailed check,No,0.0564209457,False
6447-EGDIV,0,20.95,31,One year,Mailed check,No,0.0564106727,False
0945-TSONX,0,85.3,47,Two year,Credit card (automatic),DSL,0.0563589216,False
0459-SPZHJ,0,83.5,63,Two year,Credit card (automatic),DSL,0.0563497945,False
5458-CQJTA,1,74.8,65,Two year,Bank transfer (automatic),DSL,0.0562916774,True
8069-RHUXK,0,35.7,67,Two year,Credit card (automatic),DSL,0.0562479169,False
2333-KWEWW,0,20.05,18,Two year,Credit card (automatic),No,0.0562413753,False
0336-PIKEI,0,74.4,72,Two year,Bank transfer (automatic),DSL,0.0561865562,False
7975-JMZNT,0,91.7,66,Two year,Bank transfer (automatic),DSL,0.0561809534,False
6855-VLGOS,0,20.55,72,Two year,Electronic check,No,0.0559213848,False
7771-CFQRQ,0,63.8,47,Two year,Bank transfer (automatic),DSL,0.0558622829,False
1568-LJSZU,0,92.2,68,Two year,Credit card (automatic),DSL,0.0558030367,False
8969-PRHFK,0,19.65,18,One year,Mailed check,No,0.0557985031,False
4893-GYUJU,0,19.35,50,One year,Mailed check,No,0.0557726202,False
4381-MHQDC,0,65.0,47,Two year,Mailed check,DSL,0.0557608787,False
3813-DHBBB,0,50.95,67,Two year,Bank transfer (automatic),DSL,0.0554433264,False
5893-PYOLZ,0,81.8,56,Two year,Credit card (automatic),DSL,0.0554290988,False
5736-YEJAX,0,79.45,69,Two year,Credit card (automatic),DSL,0.0553123315,False
6585-WCEWR,0,20.35,72,Two year,Electronic check,No,0.0553075223,False
7306-YDSOI,0,59.75,69,Two year,Bank transfer (automatic),DSL,0.0552843031,False
7139-JZFVG,0,60.5,60,Two year,Bank transfer (automatic),DSL,0.0551895538,False
3976-HXHCE,0,19.3,72,Two year,Bank transfer (automatic),No,0.0550846243,False
9602-WCXPI,0,20.15,50,One year,Credit card (automatic),No,0.0550025561,False
7253-UVNDW,1,54.35,46,Two year,Credit card (automatic),DSL,0.0549710755,True
9847-HNVGP,0,19.95,17,One year,Mailed check,No,0.0549316478,False
4425-OWHWB,0,19.35,20,One year,Credit card (automatic),No,0.0548711365,False
1494-EJZDW,0,20.15,10,Two year,Mailed check,No,0.0547908284,False
4452-ROHMO,0,19.6,15,Two year,Mailed check,No,0.0547900908,False
3982-JGSFD,0,20.35,36,One year,Credit card (automatic),No,0.0547538066,False
3212-KXOCR,0,21.0,52,Two year,Bank transfer (automatic),No,0.0545918087,False
0270-THENM,0,69.85,72,Two year,Bank transfer (automatic),DSL,0.0545625182,False
7446-SFAOA,0,19.85,37,One year,Bank transfer (automatic),No,0.0545496864,False
2234-EOFPT,0,79.35,72,Two year,Bank transfer (automatic),DSL,0.0544013638,False
2252-NKNSI,0,85.15,52,Two year,Mailed check,DSL,0.0543794446,False
1085-LDWAM,0,20.35,69,One year,Credit card (automatic),No,0.0543482625,False
8690-ZVLCL,0,88.0,68,Two year,Credit card (automatic),DSL,0.0542078346,False
2987-BJXIK,0,84.7,70,Two year,Mailed check,DSL,0.0541430165,False
5993-BQHEA,0,20.05,12,One year,Credit card (automatic),No,0.0540705083,False
8388-DMKAE,0,20.25,8,Two year,Mailed check,No,0.054058564,False
3911-RSNHI,0,61.4,71,Two year,Credit card (automatic),DSL,0.0539781016,False
4163-NCJAK,0,24.45,46,One year,Bank transfer (automatic),No,0.0539694337,False
4674-HGNUA,0,89.9,71,Two year,Credit card (automatic),DSL,0.0539255745,False
1814-WFGVS,0,48.9,72,Two year,Mailed check,DSL,0.0538095813,False
9507-HSMMZ,0,20.0,54,Two year,Mailed check,No,0.053749294,False
8327-WKMIE,0,20.15,37,One year,Credit card (automatic),No,0.0536689848,False
6051-PTVNS,0,19.15,55,One year,Credit card (automatic),No,0.0536106806,False
8249-THVEC,0,19.4,51,One year,Mailed check,No,0.0535506702,False
8512-WIWYV,0,20.35,32,One year,Credit card (automatic),No,0.0535455011,False
4121-AGSIN,0,24.5,58,One year,Credit card (automatic),No,0.0535321106,False
1293-HHSHJ,0,21.1,35,One year,Mailed check,No,0.0535258168,False
4990-ALDGW,0,20.75,57,Two year,Mailed check,No,0.0534842488,False
5010-IPEAQ,0,54.2,67,Two year,Credit card (automatic),DSL,0.0534522889,False
6248-BSHKG,0,20.4,61,One year,Mailed check,No,0.0531513995,False
6518-KZXCB,0,25.25,22,Two year,Mailed check,No,0.0531152067,False
8345-MVDYC,0,81.65,45,Two year,Bank transfer (automatic),DSL,0.0531032821,False
2138-VFAPZ,0,19.7,14,Two year,Mailed check,No,0.0531004228,False
5456-ITGIC,0,64.45,72,Two year,Credit card (automatic),DSL,0.0530085427,False
3521-HTQTV,0,26.1,34,Two year,Bank transfer (automatic),No,0.0529997818,False
7349-ALMUX,0,65.6,37,Two year,Bank transfer (automatic),DSL,0.0529653237,False
7649-PHJVR,0,19.5,11,One year,Mailed check,No,0.0529584118,False
0839-JTCUD,0,89.9,66,Two year,Credit card (automatic),DSL,0.0528911306,False
9919-FZDED,0,84.1,72,Two year,Credit card (automatic),DSL,0.0528464247,False
6631-HMANX,0,85.45,72,Two year,Credit card (automatic),DSL,0.052797576,False
4707-YNOQA,0,25.6,34,One year,Credit card (automatic),No,0.0527375065,False
7018-FPXHH,0,59.8,56,Two year,Bank transfer (automatic),DSL,0.052733028,False
5177-RVZNU,0,20.3,37,One year,Bank transfer (automatic),No,0.0527053036,False
8143-ETQTI,0,19.65,23,Two year,Mailed check,No,0.0526686707,False
4872-JCVCA,0,47.6,71,Two year,Bank transfer (automatic),DSL,0.0524979867,False
1776-SPBWV,0,20.1,34,One year,Bank transfer (automatic),No,0.0524603533,False
6516-NKQBO,0,81.0,38,Two year,Credit card (automatic),DSL,0.0524032576,False
6283-GITPX,0,76.9,71,Two year,Credit card (automatic),DSL,0.0520292127,False
4299-OPXEJ,0,19.55,56,Two year,Bank transfer (automatic),No,0.0520163367,False
9534-NSXEM,0,20.65,26,One year,Credit card (automatic),No,0.051939295,False
8606-OEGQZ,0,25.3,18,Two year,Credit card (automatic),No,0.0519319225,False
9945-PSVIP,0,18.7,25,Two year,Mailed check,No,0.0519291179,False
6199-IPCAO,0,26.1,29,Two year,Mailed check,No,0.0518676703,False
5232-NXPAY,0,74.45,47,Two year,Mailed check,DSL,0.0518071288,False
1897-OKVMW,0,90.6,64,Two year,Mailed check,DSL,0.0517548902,False
6072-NUQCB,0,20.25,22,One year,Bank transfer (automatic),No,0.0516695734,False
2150-OEGBV,0,20.1,27,One year,Bank transfer (automatic),No,0.0516350404,False
5469-NUJUR,0,19.95,19,Two year,Mailed check,No,0.0515104052,False
0269-XFESX,0,24.35,23,One year,Mailed check,No,0.0514405066,False
0129-QMPDR,0,20.5,44,One year,Bank transfer (automatic),No,0.0514298397,False
0114-IGABW,0,58.25,71,Two year,Bank transfer (automatic),DSL,0.0514006174,False
0916-KNFAJ,0,69.9,61,Two year,Mailed check,DSL,0.0513746143,False
5406-KGRMX,0,24.55,71,Two year,Electronic check,No,0.0511823615,False
4685-TFLLS,0,19.8,18,One year,Bank transfer (automatic),No,0.0510923079,False
5917-RYRMG,0,19.8,32,One year,Credit card (automatic),No,0.0510886354,False
3352-RICWQ,0,19.75,9,Two year,Mailed check,No,0.0508397143,False
7408-OFWXJ,0,89.8,72,Two year,Credit card (automatic),DSL,0.0507578627,False
1333-PBMXB,0,24.75,54,One year,Bank transfer (automatic),No,0.0506719915,False
6625-IUTTT,0,65.55,67,Two year,Bank transfer (automatic),DSL,0.0506322327,False
9385-NXKDA,0,82.65,72,Two year,Credit card (automatic),DSL,0.0506251584,False
3935-TBRZZ,0,25.7,44,One year,Mailed check,No,0.0506241095,False
5519-TEEUH,0,20.15,33,One year,Mailed check,No,0.0506196128,False
6916-HIJSE,0,84.85,65,Two year,Bank transfer (automatic),DSL,0.0506055213,False
3654-ARMGP,0,88.65,61,Two year,Credit card (automatic),DSL,0.0505594596,False
2821-WARNZ,0,19.45,49,One year,Credit card (automatic),No,0.0505012218,False
5774-QPLTF,0,20.35,50,One year,Mailed check,No,0.050452949,False
5495-GPSRW,0,19.7,20,Two year,Mailed check,No,0.0504052713,False
1686-STUHN,0,19.8,42,One year,Bank transfer (automatic),No,0.0503378519,False
9732-OUYRN,0,19.0,49,One year,Credit card (automatic),No,0.0503023106,False
7560-QRBXH,0,19.95,48,One year,Mailed check,No,0.0502718628,False
3389-KTRXV,0,23.85,23,Two year,Mailed check,No,0.0502414403,False
1429-UYJSV,0,19.7,12,One year,Mailed check,No,0.0501832428,False
0885-HMGPY,0,69.4,62,Two year,Bank transfer (automatic),DSL,0.0501604027,False
9993-LHIEB,0,67.85,67,Two year,Mailed check,DSL,0.0501151414,False
7977-HXJKU,0,19.6,21,Two year,Mailed check,No,0.0500573768,False
7609-YBPXG,0,87.1,54,Two year,Bank transfer (automatic),DSL,0.0500317738,False
3638-WEABW,0,59.9,58,Two year,Credit card (automatic),DSL,0.0499972872,False
0559-CKHUS,0,19.55,29,Two year,Mailed check,No,0.0499900787,False
1964-SVLEA,0,19.7,20,One year,Mailed check,No,0.0499768455,False
0621-TSSMU,0,19.95,56,One year,Credit card (automatic),No,0.0499619652,False
3948-KXDUF,0,68.75,66,Two year,Bank transfer (automatic),DSL,0.049952405,False
1022-RKXDR,0,24.85,41,One year,Mailed check,No,0.0499388765,False
1023-BQXZE,0,74.35,57,Two year,Bank transfer (automatic),DSL,0.0499298836,False
2228-BZDEE,0,20.1,54,Two year,Mailed check,No,0.0499178675,False
5876-QMYLD,0,20.05,23,One year,Mailed check,No,0.049808977,False
7560-QJAVJ,0,79.6,70,Two year,Bank transfer (automatic),DSL,0.0497266266,False
8204-YJCLA,0,64.8,72,Two year,Bank transfer (automatic),DSL,0.0496351646,False
1775-KWJKQ,0,89.85,72,Two year,Credit card (automatic),DSL,0.0495065574,False
1930-BZLHI,0,20.35,21,One year,Mailed check,No,0.0494751692,False
8374-UULRV,0,86.05,72,Two year,Credit card (automatic),DSL,0.0494550911,False
1790-NESIO,0,20.4,13,Two year,Mailed check,No,0.0494321675,False
9347-AERRL,0,19.3,23,One year,Credit card (automatic),No,0.049342096,False
7242-EDTYC,0,19.55,44,Two year,Bank transfer (automatic),No,0.0492824234,False
3178-CIFOT,0,19.65,23,One year,Credit card (automatic),No,0.0492752632,False
1047-RNXZV,0,19.55,43,Two year,Mailed check,No,0.0492230709,False
8908-SLFCJ,0,20.85,21,Two year,Credit card (automatic),No,0.0492028924,False
9227-UAQFT,0,19.75,16,Two year,Mailed check,No,0.0491663634,False
6253-GNHWH,0,71.1,71,Two year,Mailed check,DSL,0.0491656109,False
9227-YBAXE,0,82.5,65,Two year,Bank transfer (automatic),DSL,0.0491485187,False
6384-VMJHP,0,73.0,72,Two year,Credit card (automatic),DSL,0.0491159679,False
4012-YCFAI,0,61.35,60,Two year,Mailed check,DSL,0.0490675971,False
8008-OTEZX,0,19.65,35,One year,Mailed check,No,0.0489724973,False
7643-RCHXS,0,19.35,63,Two year,Electronic check,No,0.0489179531,False
9447-YPTBX,0,19.85,50,One year,Bank transfer (automatic),No,0.0488678398,False
9620-QJREV,0,20.55,47,One year,Credit card (automatic),No,0.0487352345,False
5310-NOOVA,0,19.95,46,Two year,Electronic check,No,0.048716263,False
6518-PPLMZ,0,19.4,53,Two year,Mailed check,No,0.0487014588,False
3429-IFLEM,0,77.35,71,Two year,Credit card (automatic),DSL,0.048693632,False
2226-ICFDO,0,85.9,72,Two year,Credit card (automatic),DSL,0.048690554,False
0854-UYHZD,0,19.55,13,Two year,Mailed check,No,0.0486836214,False
2892-GESUL,0,19.35,18,Two year,Mailed check,No,0.0486141701,False
0780-XNZFN,0,20.65,57,Two year,Bank transfer (automatic),No,0.0486016473,False
3896-ZVNET,0,24.7,24,Two year,Mailed check,No,0.0485847046,False
1843-TLSGD,0,20.85,13,Two year,Mailed check,No,0.0484117971,False
2682-KEVRP,0,20.05,22,One year,Mailed check,No,0.0484116824,False
3563-SVYLG,0,62.65,68,Two year,Credit card (automatic),DSL,0.0482997108,False
1187-WILMM,0,89.4,63,Two year,Credit card (automatic),DSL,0.0482856972,False
7164-BPTUT,0,89.55,57,Two year,Mailed check,DSL,0.0482695276,False
3727-OVPRY,0,25.7,66,One year,Credit card (automatic),No,0.0480900402,False
1265-BCFEO,0,80.45,71,Two year,Bank transfer (automatic),DSL,0.0480838347,False
6119-SPUDB,0,38.25,46,Two year,Mailed check,DSL,0.0480776747,False
3078-ZKNTS,0,19.75,13,Two year,Bank transfer (automatic),No,0.0480638358,False
8148-NLEGT,0,22.95,42,Two year,Electronic check,No,0.0480163126,False
8514-VZHEB,0,19.5,59,Two year,Mailed check,No,0.0480001532,False
8404-VIOMB,0,62.5,66,Two year,Bank transfer (automatic),DSL,0.0479975358,False
6061-PQHMK,0,19.9,25,One year,Credit card (automatic),No,0.047942046,False
5148-ORICT,0,74.35,64,Two year,Mailed check,DSL,0.0479010112,False
8873-TMKGR,0,19.1,29,One year,Mailed check,No,0.0474730595,False
0804-YGEQV,0,24.45,43,One year,Bank transfer (automatic),No,0.047468461,False
5730-DBDSI,0,19.7,66,Two year,Bank transfer (automatic),No,0.0474591888,False
7305-ZWMAJ,0,20.7,30,One year,Credit card (automatic),No,0.0473169086,False
5322-ZSMZY,0,25.75,31,Two year,Mailed check,No,0.0472962057,False
2428-HYUNX,0,19.35,44,Two year,Credit card (automatic),No,0.0472709149,False
6479-OAUSD,0,19.9,25,One year,Credit card (automatic),No,0.0472035471,False
0730-BGQGF,0,90.3,71,Two year,Credit card (automatic),DSL,0.0471912034,False
8510-BBWMU,0,19.75,41,One year,Mailed check,No,0.0471811842,False
8573-JGCZW,0,19.65,17,One year,Bank transfer (automatic),No,0.0471293497,False
3719-TDVQB,0,18.95,54,Two year,Mailed check,No,0.0471147512,False
9084-OAYKL,0,20.8,58,Two year,Mailed check,No,0.0470970691,False
8859-AXJZP,0,23.8,39,Two year,Mailed check,No,0.0470578993,False
4891-NLUBA,0,61.45,61,Two year,Bank transfer (automatic),DSL,0.0469856648,False
8430-TWCBX,0,20.7,49,One year,Credit card (automatic),No,0.0469160899,False
0839-QNXME,0,19.4,30,Two year,Credit card (automatic),No,0.0468295225,False
7493-GVFIO,0,20.55,57,Two year,Credit card (automatic),No,0.0467742587,False
1439-LCGVL,0,19.2,26,One year,Mailed check,No,0.0467321728,False
1676-MQAOA,0,75.1,72,Two year,Bank transfer (automatic),DSL,0.0467266878,False
1837-YQUCE,0,58.35,70,Two year,Bank transfer (automatic),DSL,0.0466953759,False
2749-CTKAJ,0,20.15,22,One year,Mailed check,No,0.0466181485,False
5614-DNZCE,0,64.9,58,Two year,Credit card (automatic),DSL,0.0465595588,False
3721-CNZHX,0,19.8,15,One year,Mailed check,No,0.0465274937,False
3556-BVQGL,0,20.0,20,One year,Mailed check,No,0.0465252496,False
4526-EXKKN,0,24.6,40,Two year,Mailed check,No,0.0465208014,False
8857-CUPFQ,0,19.25,63,Two year,Mailed check,No,0.046470368,False
6546-OPBBH,0,23.95,51,One year,Mailed check,No,0.0463161328,False
2404-JIBFC,0,85.1,55,Two year,Bank transfer (automatic),DSL,0.046254001,False
7632-YUTXB,0,20.05,25,One year,Mailed check,No,0.0461911835,False
6813-GZQCG,0,24.65,45,Two year,Credit card (automatic),No,0.0460572773,False
5442-PPTJY,0,19.7,12,Two year,Mailed check,No,0.0460027417,False
4092-OFQZS,0,20.65,20,One year,Mailed check,No,0.0460021102,False
5847-MXBEO,0,20.3,22,One year,Mailed check,No,0.0459792731,False
2650-GYRYL,0,19.45,33,One year,Bank transfer (automatic),No,0.0458673579,False
8060-HIWJJ,0,86.55,64,Two year,Credit card (automatic),DSL,0.0458419241,False
6425-JWTDV,0,19.25,48,Two year,Mailed check,No,0.0458206595,False
5320-BRKGK,0,75.8,58,Two year,Mailed check,DSL,0.0457271194,False
1682-VCOIO,0,20.45,23,One year,Mailed check,No,0.0456460359,False
1955-IBMMB,0,20.2,59,Two year,Bank transfer (automatic),No,0.0456255505,False
5751-USDBL,0,81.0,46,Two year,Mailed check,DSL,0.0456218369,False
5849-ASHZJ,0,20.05,27,One year,Credit card (automatic),No,0.0456121733,False
6732-VAILE,0,85.95,70,Two year,Credit card (automatic),DSL,0.0455913475,False
9424-CMPOG,0,19.6,9,Two year,Mailed check,No,0.045484873,False
5627-TVBPP,0,20.1,35,One year,Credit card (automatic),No,0.045484011,False
0556-FJEGU,0,70.1,58,Two year,Bank transfer (automatic),DSL,0.0454578484,False
2817-LVCPP,0,19.4,50,Two year,Credit card (automatic),No,0.0454552854,False
8316-BBQAY,0,59.95,65,Two year,Credit card (automatic),DSL,0.0454282828,False
5846-NEQVZ,0,70.85,71,Two year,Credit card (automatic),DSL,0.045415594,False
0732-OCQOC,0,25.05,52,Two year,Bank transfer (automatic),No,0.0453881345,False
4774-HHGGS,0,19.05,30,Two year,Mailed check,No,0.0453623611,False
8181-YHCMF,0,60.3,68,Two year,Credit card (automatic),DSL,0.0453368388,False
4538-WNTMJ,0,24.95,46,One year,Mailed check,No,0.0452709041,False
2320-TZRRH,0,19.5,20,One year,Mailed check,No,0.0452541605,False
2829-HYVZP,0,19.8,29,One year,Mailed check,No,0.0452350443,False
2595-KIWPV,0,19.7,27,Two year,Credit card (automatic),No,0.0452251496,False
5622-UEJFI,0,25.4,35,Two year,Credit card (automatic),No,0.0451686626,False
9764-REAFF,0,18.4,59,Two year,Bank transfer (automatic),No,0.0451363115,False
1133-KXCGE,0,20.1,18,One year,Mailed check,No,0.0451290567,False
2068-WWXQZ,0,20.05,46,Two year,Bank transfer (automatic),No,0.0451280168,False
8999-YPYBV,0,84.35,45,Two year,Mailed check,DSL,0.0451130282,False
8966-KZXXA,0,25.1,36,Two year,Credit card (automatic),No,0.0451082413,False
3778-FOAQW,0,20.15,24,One year,Mailed check,No,0.0450617553,False
3957-SQXML,0,24.95,34,Two year,Credit card (automatic),No,0.0450588758,False
4521-WFJAI,0,25.95,56,Two year,Bank transfer (automatic),No,0.0450407909,False
6096-EGVTU,0,24.9,64,One year,Mailed check,No,0.045035575,False
5924-SNGKP,0,20.25,41,One year,Credit card (automatic),No,0.0450336317,False
8050-DVOJX,0,81.35,49,Two year,Credit card (automatic),DSL,0.0449582427,False
6369-MCAKO,0,89.05,68,Two year,Bank transfer (automatic),DSL,0.0449480445,False
2040-LDIWQ,0,84.2,65,Two year,Bank transfer (automatic),DSL,0.0449377358,False
0827-ITJPH,0,18.55,36,Two year,Credit card (automatic),No,0.0448902631,False
1265-ZFOSD,0,81.3,64,Two year,Mailed check,DSL,0.0448378666,False
1088-AUUZZ,0,75.85,56,Two year,Credit card (automatic),DSL,0.0447976466,False
6922-NCEDI,0,21.2,56,One year,Mailed check,No,0.0447958482,False
4703-MQYKT,0,19.6,21,Two year,Mailed check,No,0.0447576349,False
5129-HHMZC,0,86.45,43,Two year,Credit card (automatic),DSL,0.0446676035,False
5296-PSYVW,0,24.55,72,Two year,Electronic check,No,0.0446618487,False
2788-CJQAQ,0,19.45,13,One year,Mailed check,No,0.044661802,False
3594-BDSOA,0,20.4,24,One year,Credit card (automatic),No,0.0445480414,False
5656-JAMLX,0,19.85,62,Two year,Bank transfer (automatic),No,0.0444228994,False
0016-QLJIS,0,90.45,65,Two year,Mailed check,DSL,0.0444139671,False
9565-AXSMR,0,19.2,52,Two year,Mailed check,No,0.0443863166,False
8234-GSZYK,0,26.45,43,Two year,Bank transfer (automatic),No,0.0443706697,False
3967-KXAPS,0,92.3,72,Two year,Credit card (automatic),DSL,0.0443557932,False
6961-MJKBO,0,20.45,47,Two year,Bank transfer (automatic),No,0.0442539825,False
1627-AFWVJ,0,19.4,29,Two year,Mailed check,No,0.044195852,False
5914-GXMDA,0,19.3,32,One year,Mailed check,No,0.0441499475,False
3359-DSRKA,0,19.85,58,Two year,Mailed check,No,0.0441458928,False
6292-TOSSS,0,24.9,50,Two year,Bank transfer (automatic),No,0.0440619895,False
9509-MPYOD,0,20.75,35,One year,Mailed check,No,0.0440184803,False
4915-BFSXL,0,68.95,70,Two year,Credit card (automatic),DSL,0.0438341338,False
2194-IIQOF,0,89.3,71,Two year,Credit card (automatic),DSL,0.0438135384,False
1403-LKLIK,0,20.1,33,One year,Mailed check,No,0.0437817198,False
6288-CHQJB,0,69.95,54,Two year,Bank transfer (automatic),DSL,0.0437342785,False
5472-CVMDX,0,38.9,68,Two year,Mailed check,DSL,0.0436722813,False
7197-VOJMM,0,69.2,67,Two year,Credit card (automatic),DSL,0.043528246,False
9650-VBUOG,0,25.05,38,Two year,Credit card (automatic),No,0.0434180159,False
0123-CRBRT,0,88.1,61,Two year,Mailed check,DSL,0.0433931435,False
7233-PAHHL,0,84.0,66,Two year,Mailed check,DSL,0.0433329531,False
9224-VTYID,0,90.5,47,Two year,Mailed check,DSL,0.0432278923,False
4955-VCWBI,0,20.0,43,One year,Mailed check,No,0.0431039117,False
3084-DOWLE,0,92.0,72,Two year,Bank transfer (automatic),DSL,0.043096555,False
7945-PRBVF,0,21.45,35,Two year,Bank transfer (automatic),No,0.0430749305,False
0078-XZMHT,0,85.15,72,Two year,Bank transfer (automatic),DSL,0.0430327765,False
6527-PZFPV,0,20.8,24,One year,Credit card (automatic),No,0.0430111221,False
2819-GWENI,0,19.9,28,One year,Mailed check,No,0.0429392041,False
6080-LNESI,0,24.75,51,Two year,Mailed check,No,0.0429022709,False
1757-TCATG,0,20.05,35,One year,Bank transfer (automatic),No,0.042883934,False
6265-FRMTQ,0,20.4,31,Two year,Bank transfer (automatic),No,0.0428571991,False
8174-LNWMW,0,20.9,31,Two year,Credit card (automatic),No,0.0428481416,False
9661-JALZV,0,24.7,58,Two year,Credit card (automatic),No,0.0428190916,False
2296-DKZFP,0,71.0,65,Two year,Bank transfer (automatic),DSL,0.0427479555,False
8221-HVAYI,0,69.15,35,Two year,Credit card (automatic),DSL,0.0426459604,False
0206-OYVOC,0,19.25,46,Two year,Mailed check,No,0.0426334393,False
5803-NQJZO,0,67.8,72,Two year,Bank transfer (automatic),DSL,0.0426076213,False
4750-UKWJK,0,19.6,37,One year,Mailed check,No,0.0425963697,False
9477-LGWQI,0,80.15,70,Two year,Credit card (automatic),DSL,0.0425881404,False
8361-LBRDI,0,24.35,58,Two year,Credit card (automatic),No,0.0425073046,False
9588-YRFHY,0,19.9,49,Two year,Credit card (automatic),No,0.0424148315,False
4079-WWQQQ,0,65.55,72,Two year,Bank transfer (automatic),DSL,0.0423954607,False
6258-PVZWJ,0,90.8,68,Two year,Credit card (automatic),DSL,0.0423827666,False
8748-HFWBO,0,19.9,19,One year,Mailed check,No,0.0423330478,False
2000-DHJUY,0,92.2,70,Two year,Bank transfer (automatic),DSL,0.0422996416,False
6980-CDGFC,0,20.85,67,One year,Bank transfer (automatic),No,0.0421903668,False
8626-PTQGE,0,60.05,69,Two year,Bank transfer (automatic),DSL,0.0421786962,False
7131-ZQZNK,0,59.85,60,Two year,Credit card (automatic),DSL,0.0420959347,False
6203-HBZPA,0,63.9,52,Two year,Credit card (automatic),DSL,0.0420840084,False
9504-YAZWB,0,20.25,53,Two year,Mailed check,No,0.042067473,False
3638-VBZTA,0,86.5,68,Two year,Bank transfer (automatic),DSL,0.0420332621,False
0361-HJRDX,0,64.35,68,Two year,Credit card (automatic),DSL,0.0419730797,False
2235-EZAIK,0,79.2,72,Two year,Credit card (automatic),DSL,0.0419728339,False
8807-OPMBM,0,25.65,55,Two year,Credit card (automatic),No,0.0419712886,False
4807-IZYOZ,0,20.65,51,Two year,Bank transfer (automatic),No,0.0416536535,False
3662-FXJFO,0,20.5,54,Two year,Mailed check,No,0.0415978332,False
8039-ACLPL,0,68.75,72,Two year,Credit card (automatic),DSL,0.0415393702,False
5457-COLHT,0,80.65,69,Two year,Bank transfer (automatic),DSL,0.0415156616,False
6532-YLWSI,1,20.8,53,One year,Bank transfer (automatic),No,0.0414400594,True
7941-RCJOW,0,19.55,65,Two year,Credit card (automatic),No,0.041384194,False
9114-DPSIA,0,81.0,72,Two year,Credit card (automatic),DSL,0.0413374219,False
6087-YPWHO,0,68.15,72,Two year,Mailed check,DSL,0.0411922467,False
2805-AUFQN,0,19.8,25,Two year,Credit card (automatic),No,0.0411246198,False
7779-ORAEL,0,75.15,45,Two year,Credit card (automatic),DSL,0.0411130724,False
7113-HIPFI,0,65.85,66,Two year,Mailed check,DSL,0.0410965761,False
4718-WXBGI,0,91.95,72,Two year,Credit card (automatic),DSL,0.0410808856,False
8701-DGLVH,0,20.45,51,Two year,Mailed check,No,0.0410365308,False
4795-UXVCJ,0,19.8,26,One year,Credit card (automatic),No,0.0409660222,False
5003-XZWWO,0,84.2,71,Two year,Credit card (automatic),DSL,0.0409561022,False
1872-EBWSC,0,20.35,29,One year,Mailed check,No,0.040831327,False
9479-HYNYL,0,80.7,71,Two year,Credit card (automatic),DSL,0.0407810516,False
4302-ZYFEL,0,20.55,69,One year,Credit card (automatic),No,0.0407809295,False
1985-MBRYP,0,19.65,43,Two year,Bank transfer (automatic),No,0.040727468,False
1998-VHJHK,0,19.15,27,One year,Mailed check,No,0.0407028881,False
5214-CHIWJ,0,20.3,27,One year,Mailed check,No,0.0406608769,False
1619-YWUBB,0,24.95,68,Two year,Credit card (automatic),No,0.0406320974,False
3620-EHIMZ,0,19.35,52,Two year,Mailed check,No,0.0406050151,False
5930-GBIWP,0,81.5,69,Two year,Credit card (automatic),DSL,0.0405823192,False
7416-CKTEP,0,19.6,57,Two year,Bank transfer (automatic),No,0.040490391,False
2452-MRMZF,0,25.7,72,Two year,Credit card (automatic),No,0.0404775858,False
6925-BAYGL,0,25.1,53,Two year,Credit card (automatic),No,0.0404757921,False
6407-GSJNL,0,24.95,51,Two year,Bank transfer (automatic),No,0.0404140268,False
2908-WGAXL,0,24.95,56,Two year,Credit card (automatic),No,0.0403311411,False
6549-BTYPG,0,60.8,60,Two year,Credit card (automatic),DSL,0.040287058,False
4487-ZYJZK,0,19.6,38,One year,Credit card (automatic),No,0.0400515845,False
0336-KXKFK,0,61.2,72,Two year,Credit card (automatic),DSL,0.0398532192,False
0164-XAIRP,0,19.55,24,Two year,Bank transfer (automatic),No,0.0397938243,False
3120-FAZKD,0,24.05,54,Two year,Bank transfer (automatic),No,0.0397847065,False
1561-BWHIN,0,19.8,19,One year,Mailed check,No,0.0397257369,False
2525-GVKQU,0,20.6,60,Two year,Mailed check,No,0.0396483573,False
3486-NPGST,0,19.55,36,One year,Mailed check,No,0.0395863312,False
9067-SQTNS,0,20.6,44,One year,Bank transfer (automatic),No,0.0395593469,False
3544-FBCAS,0,83.6,72,Two year,Credit card (automatic),DSL,0.0395484669,False
0463-TXOAK,0,25.6,52,Two year,Credit card (automatic),No,0.0394619917,False
1401-FTHFQ,0,20.0,23,One year,Credit card (automatic),No,0.0394325936,False
3243-ZHOHY,0,20.1,16,One year,Mailed check,No,0.0394054614,False
7815-PDTHL,0,20.2,35,Two year,Mailed check,No,0.0393349338,False
6082-OQFBA,0,19.65,23,One year,Mailed check,No,0.0392880543,False
3472-QPRCH,0,25.25,40,Two year,Credit card (automatic),No,0.0391949195,False
9178-JHUVJ,0,24.1,24,Two year,Bank transfer (automatic),No,0.0390895249,False
4635-EJYPD,0,18.95,32,Two year,Mailed check,No,0.03905995,False
2007-QVGAW,0,19.35,68,Two year,Bank transfer (automatic),No,0.0390362976,False
6349-JDHQP,0,19.85,53,Two year,Credit card (automatic),No,0.0389643333,False
1599-EAHXY,0,23.95,60,One year,Credit card (automatic),No,0.0388964269,False
7722-VJRQD,0,60.95,72,Two year,Bank transfer (automatic),DSL,0.0387489589,False
3280-NMUVX,0,19.6,34,One year,Credit card (automatic),No,0.0387443705,False
8779-YIQQA,0,19.8,21,One year,Mailed check,No,0.0387172507,False
9646-NMHXE,0,19.65,47,Two year,Mailed check,No,0.0386770105,False
0301-KOBTQ,0,20.05,32,Two year,Bank transfer (automatic),No,0.0386083396,False
8661-BOYNW,0,84.4,72,Two year,Credit card (automatic),DSL,0.0386079344,False
8413-YNHNV,0,90.65,69,Two year,Mailed check,DSL,0.0385991223,False
8763-KIAFH,0,20.55,27,One year,Mailed check,No,0.0385669212,False
7114-AEOZE,0,19.85,60,Two year,Bank transfer (automatic),No,0.0384638393,False
1116-FRYVH,0,39.4,48,Two year,Mailed check,DSL,0.0383709583,False
6897-RWMUB,0,68.05,61,Two year,Bank transfer (automatic),DSL,0.0383212909,False
3938-YFPXD,0,84.3,72,Two year,Credit card (automatic),DSL,0.0382243835,False
9488-FVZCC,0,79.5,72,Two year,Bank transfer (automatic),DSL,0.0382195022,False
5494-WOZRZ,0,82.0,71,Two year,Credit card (automatic),DSL,0.038136729,False
7026-YMSBE,0,19.7,30,One year,Mailed check,No,0.038066995,False
5474-LAMUQ,0,20.1,24,One year,Mailed check,No,0.0380589284,False
8242-PDSGJ,0,39.15,70,Two year,Credit card (automatic),DSL,0.0380137351,False
0436-TWFFZ,0,85.25,67,Two year,Mailed check,DSL,0.0379492791,False
9170-ARBTB,0,19.6,52,One year,Credit card (automatic),No,0.0378699434,False
8626-XHBIE,0,24.8,56,Two year,Mailed check,No,0.0378072586,False
8218-FFJDS,0,86.4,72,Two year,Bank transfer (automatic),DSL,0.0377499599,False
8146-QQKZH,0,81.85,71,Two year,Bank transfer (automatic),DSL,0.0377494612,False
0859-YGKFW,0,20.05,18,One year,Bank transfer (automatic),No,0.0376633091,False
5859-HZYLF,0,19.15,26,Two year,Credit card (automatic),No,0.0375752705,False
9786-YWNHU,0,63.55,63,Two year,Mailed check,DSL,0.0375316877,False
4896-CPRPF,0,25.45,35,Two year,Bank transfer (automatic),No,0.0374723083,False
9503-XJUME,0,19.65,52,One year,Credit card (automatic),No,0.0373225688,False
4006-HKYHO,0,86.7,63,Two year,Bank transfer (automatic),DSL,0.0372970572,False
2122-SZZZD,0,19.5,44,One year,Credit card (automatic),No,0.0372247891,False
1934-MKPXS,0,20.1,33,One year,Credit card (automatic),No,0.0371939661,False
5380-XPJNZ,0,20.05,38,One year,Mailed check,No,0.0371374983,False
5879-HMFFH,0,88.05,72,Two year,Bank transfer (automatic),DSL,0.0370915913,False
1635-HDGFT,0,20.5,19,Two year,Mailed check,No,0.0370612901,False
4644-OBGFZ,0,19.5,55,One year,Mailed check,No,0.0367641924,False
1245-HARPS,0,20.4,14,Two year,Mailed check,No,0.0367634688,False
9242-TKFSV,0,65.1,72,Two year,Credit card (automatic),DSL,0.036700994,False
0835-DUUIQ,0,21.05,24,One year,Bank transfer (automatic),No,0.0366477959,False
1227-UDMZR,0,91.15,72,Two year,Bank transfer (automatic),DSL,0.0366387381,False
2649-HWLYB,0,76.15,65,Two year,Bank transfer (automatic),DSL,0.0366096847,False
2888-ADFAO,0,21.3,47,Two year,Bank transfer (automatic),No,0.0365923505,False
7109-CQYUZ,0,89.25,52,Two year,Mailed check,DSL,0.0365825072,False
4933-IKULF,0,20.65,17,One year,Mailed check,No,0.0365487301,False
1073-XXCZD,0,25.7,55,Two year,Bank transfer (automatic),No,0.0365096557,False
1755-FZQEC,0,19.9,39,One year,Mailed check,No,0.0364442612,False
9805-FILKB,0,20.2,46,One year,Bank transfer (automatic),No,0.0364059717,False
3088-FVYWK,0,25.55,53,Two year,Credit card (automatic),No,0.0363244807,False
0219-QAERP,0,19.8,30,One year,Credit card (automatic),No,0.0363010018,False
1951-IEYXM,0,90.6,72,Two year,Credit card (automatic),DSL,0.036293079,False
6100-FJZDG,0,20.05,26,One year,Bank transfer (automatic),No,0.0360667944,False
9801-NOSHQ,0,19.8,23,One year,Mailed check,No,0.0358407582,False
8957-THMOA,0,20.15,50,Two year,Credit card (automatic),No,0.0357833205,False
2725-TTRIQ,0,84.2,72,Two year,Bank transfer (automatic),DSL,0.0357573448,False
1194-BHJYC,0,62.15,61,Two year,Mailed check,DSL,0.0357203961,False
5275-PMFUT,0,64.8,72,Two year,Credit card (automatic),DSL,0.0355887513,False
1306-RPWXZ,0,20.45,49,Two year,Credit card (automatic),No,0.0355658727,False
5893-KCLGT,0,19.75,72,Two year,Mailed check,No,0.035556416,False
8194-PEEBY,0,19.9,24,One year,Mailed check,No,0.0355246361,False
4176-RELJR,0,25.1,67,Two year,Credit card (automatic),No,0.0354163636,False
0362-RAOQO,0,19.65,40,Two year,Credit card (automatic),No,0.0353424883,False
7008-LZVOZ,0,25.3,66,Two year,Credit card (automatic),No,0.0353034324,False
7473-ZBDSN,0,18.8,14,Two year,Mailed check,No,0.035257009,False
2263-SFSQZ,0,24.95,51,Two year,Mailed check,No,0.0352517191,False
4742-TXUEX,0,19.3,47,Two year,Bank transfer (automatic),No,0.0352154973,False
3079-BCHLN,0,19.9,47,One year,Bank transfer (automatic),No,0.0351406851,False
5356-KZCKT,0,24.45,58,Two year,Credit card (automatic),No,0.0351254223,False
3721-WKIIL,0,19.6,27,Two year,Mailed check,No,0.0351200833,False
7216-KAOID,0,19.5,41,One year,Bank transfer (automatic),No,0.0350959495,False
5727-MYATE,0,90.8,72,Two year,Credit card (automatic),DSL,0.0350468248,False
5360-XGYAZ,0,65.65,72,Two year,Bank transfer (automatic),DSL,0.03499369,False
6563-VRERX,0,20.6,33,One year,Mailed check,No,0.0349701344,False
6188-UXBBR,0,20.25,38,One year,Credit card (automatic),No,0.034931912,False
6164-HAQTX,0,53.95,71,Two year,Bank transfer (automatic),DSL,0.0348984687,False
9972-EWRJS,0,19.25,67,Two year,Bank transfer (automatic),No,0.0348043743,False
8067-NIOYM,0,21.1,24,Two year,Credit card (automatic),No,0.0347941979,False
1459-QNFQT,0,59.5,70,Two year,Bank transfer (automatic),DSL,0.0347171254,False
8043-PNYSD,0,19.55,63,Two year,Mailed check,No,0.0346886783,False
3523-BRGUW,0,19.3,26,One year,Credit card (automatic),No,0.0346498385,False
4335-UPJSI,0,19.75,24,Two year,Mailed check,No,0.0346223998,False
2143-LJULT,0,25.25,67,Two year,Credit card (automatic),No,0.0346203028,False
0386-CWRGM,0,19.4,46,Two year,Mailed check,No,0.0345959752,False
6418-HNFED,0,83.25,51,Two year,Credit card (automatic),DSL,0.0345845352,False
5816-JMLGY,0,80.4,70,Two year,Bank transfer (automatic),DSL,0.034495724,False
1269-FOYWN,0,20.0,44,One year,Bank transfer (automatic),No,0.0344513224,False
4632-PAOYU,0,19.95,22,One year,Mailed check,No,0.0343800447,False
7552-KEYGT,0,19.55,27,Two year,Bank transfer (automatic),No,0.0343490951,False
5939-SXWHM,0,26.3,48,Two year,Bank transfer (automatic),No,0.0343223015,False
2314-TNDJQ,0,55.65,72,Two year,Credit card (automatic),DSL,0.0343218042,False
7398-HPYZQ,0,90.55,71,Two year,Bank transfer (automatic),DSL,0.0343179043,False
3978-YNKDD,0,20.85,19,Two year,Credit card (automatic),No,0.0342251165,False
6828-HMKWP,0,21.05,12,Two year,Bank transfer (automatic),No,0.0341524227,False
5529-GIBVH,0,20.15,47,Two year,Mailed check,No,0.0340724445,False
6725-TPKJO,0,20.05,44,Two year,Mailed check,No,0.0340377739,False
7688-AWMDX,0,54.5,71,Two year,Bank transfer (automatic),DSL,0.0339721689,False
6885-PKOAM,0,85.75,71,Two year,Credit card (automatic),DSL,0.0339682282,False
9548-LERKT,0,19.75,24,Two year,Mailed check,No,0.033960535,False
1074-WVEVG,0,20.35,59,One year,Mailed check,No,0.0338326285,False
8125-QPFJD,0,84.9,72,Two year,Bank transfer (automatic),DSL,0.0338192527,False
8747-UDCOI,0,19.35,65,Two year,Bank transfer (automatic),No,0.0338150914,False
0795-XCCTE,0,25.4,72,Two year,Bank transfer (automatic),No,0.0336682497,False
5968-HYJRZ,0,24.55,47,Two year,Mailed check,No,0.0336540555,False
7647-GYYKX,0,20.35,54,Two year,Bank transfer (automatic),No,0.0334833864,False
6997-UVGOX,0,85.45,71,Two year,Bank transfer (automatic),DSL,0.0334492647,False
1839-FBNFR,0,19.85,39,Two year,Bank transfer (automatic),No,0.0334050916,False
7850-THJMU,0,19.65,26,Two year,Credit card (automatic),No,0.0333923555,False
9140-CZQZZ,0,79.6,68,Two year,Bank transfer (automatic),DSL,0.0332742044,False
3967-VQOGC,0,24.9,67,Two year,Mailed check,No,0.0332114826,False
6479-VDGRK,0,85.3,72,Two year,Bank transfer (automatic),DSL,0.0332056661,False
4723-BEGSG,0,86.65,72,Two year,Credit card (automatic),DSL,0.0331866552,False
0428-AXXLJ,0,19.5,25,One year,Bank transfer (automatic),No,0.0331844748,False
5699-BNCAS,0,24.65,71,Two year,Mailed check,No,0.0331389879,False
0969-RGKCU,0,19.8,37,One year,Credit card (automatic),No,0.0330914469,False
0774-RMNUW,0,59.7,71,Two year,Bank transfer (automatic),DSL,0.0330911803,False
1971-DTCZB,0,90.95,72,Two year,Bank transfer (automatic),DSL,0.0329650323,False
1209-VFFOC,0,56.4,68,Two year,Mailed check,DSL,0.0329623897,False
9823-EALYC,0,80.85,72,Two year,Bank transfer (automatic),DSL,0.0329300974,False
9337-SRRNI,0,25.3,66,Two year,Credit card (automatic),No,0.032883221,False
4378-BZYFP,0,20.5,17,One year,Mailed check,No,0.0328529474,False
2208-MPXIO,0,20.0,45,Two year,Bank transfer (automatic),No,0.0328123871,False
0516-VRYBW,1,20.15,18,One year,Bank transfer (automatic),No,0.0327067548,True
2961-VNFKL,0,25.95,71,Two year,Credit card (automatic),No,0.0326521797,False
2346-CZYIL,0,20.35,27,Two year,Credit card (automatic),No,0.0325756512,False
1699-TLDLZ,0,19.7,16,Two year,Mailed check,No,0.0325550667,False
3125-RAHBV,0,20.3,22,One year,Credit card (automatic),No,0.032518456,False
3129-AAQOU,0,25.6,19,Two year,Mailed check,No,0.0324067899,False
8882-TLVRW,0,39.1,69,Two year,Mailed check,DSL,0.0323281922,False
3902-MIVLE,0,75.7,63,Two year,Mailed check,DSL,0.0323223446,False
6016-NXBNJ,0,19.15,35,One year,Mailed check,No,0.032258951,False
6696-YDAYZ,0,20.5,16,Two year,Mailed check,No,0.032212195,False
3279-DYZQM,0,19.45,71,Two year,Mailed check,No,0.0321959459,False
2429-AYKKO,0,19.85,72,Two year,Bank transfer (automatic),No,0.032192041,False
3219-JQRSL,0,89.1,72,Two year,Credit card (automatic),DSL,0.0321287735,False
0847-HGRML,0,20.0,62,Two year,Bank transfer (automatic),No,0.0319824758,False
2176-LVPNX,0,89.85,71,Two year,Mailed check,DSL,0.0319732097,False
9778-OGKQZ,0,92.0,72,Two year,Credit card (automatic),DSL,0.0319693712,False
8515-OCTJS,1,24.75,25,Two year,Credit card (automatic),No,0.0319484545,True
5231-FIQPA,0,19.85,41,Two year,Mailed check,No,0.0319121498,False
4312-GVYNH,0,49.85,70,Two year,Bank transfer (automatic),DSL,0.0318371815,False
5598-IKHQQ,0,25.45,72,Two year,Credit card (automatic),No,0.031772056,False
0613-WUXUM,0,19.2,70,Two year,Mailed check,No,0.0317108791,False
7649-SIJJF,0,80.1,71,Two year,Mailed check,DSL,0.031667731,False
4933-BSAIP,0,19.1,40,Two year,Mailed check,No,0.0316553768,False
3498-LZGQZ,0,19.15,63,Two year,Mailed check,No,0.0316256185,False
7998-WNZEM,0,80.6,71,Two year,Bank transfer (automatic),DSL,0.0316201945,False
8902-ZEOVF,0,20.05,47,One year,Mailed check,No,0.0315544411,False
4077-HWUYD,0,87.55,72,Two year,Bank transfer (automatic),DSL,0.0315190064,False
8766-PAFNE,0,79.1,71,Two year,Credit card (automatic),DSL,0.0315151631,False
5171-EPLKN,0,19.85,27,Two year,Credit card (automatic),No,0.0314828643,False
4636-TVXVG,0,19.95,62,One year,Bank transfer (automatic),No,0.0314631377,False
9625-RZFUK,0,19.7,63,Two year,Mailed check,No,0.0314448802,False
7359-SSBJK,1,70.2,64,Two year,Credit card (automatic),DSL,0.0314371864,True
5227-JSCFE,0,46.35,71,Two year,Credit card (automatic),DSL,0.0313980941,False
5006-MXVRN,0,20.7,39,Two year,Credit card (automatic),No,0.0312992477,False
0988-AADSA,0,80.85,72,Two year,Bank transfer (automatic),DSL,0.0312733496,False
5346-BZCHP,0,19.4,69,Two year,Mailed check,No,0.0311562706,False
4827-DPADN,0,83.3,72,Two year,Bank transfer (automatic),DSL,0.0310950673,False
9135-MGVPY,0,84.7,69,Two year,Mailed check,DSL,0.0310827583,False
2277-AXSDC,0,19.75,32,One year,Bank transfer (automatic),No,0.0309487069,False
3284-SVCRO,0,25.5,45,Two year,Mailed check,No,0.0309111139,False
3458-IDMFK,0,20.75,25,Two year,Mailed check,No,0.0308051421,False
8129-GMVGI,0,20.05,56,Two year,Mailed check,No,0.030802819,False
1215-EXRMO,0,20.55,50,Two year,Mailed check,No,0.0308011409,False
4701-LKOZD,0,89.75,70,Two year,Credit card (automatic),DSL,0.0307934812,False
6823-SIDFQ,0,18.25,28,One year,Credit card (automatic),No,0.0307892789,False
8999-EXMNO,0,20.15,19,Two year,Mailed check,No,0.0307564153,False
4361-FEBGN,0,20.15,48,Two year,Credit card (automatic),No,0.0307198631,False
4962-CHQPW,0,19.85,29,One year,Mailed check,No,0.0306628311,False
9385-EHGDO,0,19.85,35,Two year,Mailed check,No,0.0306490413,False
3070-FNFZQ,0,20.4,23,Two year,Bank transfer (automatic),No,0.0306339418,False
4940-KHCWD,0,37.7,60,Two year,Bank transfer (automatic),DSL,0.0305393467,False
1399-OUPJN,0,19.75,57,Two year,Bank transfer (automatic),No,0.0305243813,False
6000-UKLWI,0,20.15,41,Two year,Mailed check,No,0.0304833115,False
9964-WBQDJ,0,24.4,71,Two year,Credit card (automatic),No,0.0304782411,False
3612-YVGSJ,0,24.45,71,Two year,Credit card (automatic),No,0.0304782411,False
9953-ZMKSM,0,25.25,63,Two year,Mailed check,No,0.0303593434,False
5044-XDPYX,0,25.5,51,Two year,Mailed check,No,0.0303465025,False
6614-YOLAC,0,58.65,71,Two year,Mailed check,DSL,0.0302045531,False
8580-QVLOC,1,92.45,72,Two year,Credit card (automatic),DSL,0.0301880668,True
4716-MRVEN,0,20.0,29,One year,Mailed check,No,0.0301610056,False
8237-ULIXL,0,24.85,72,Two year,Credit card (automatic),No,0.030130634,False
0562-KBDVM,0,44.6,70,Two year,Bank transfer (automatic),DSL,0.0299353255,False
4188-PCPIG,0,70.35,57,Two year,Credit card (automatic),DSL,0.0299031631,False
6625-FLENO,0,20.75,58,Two year,Mailed check,No,0.0298791883,False
9950-MTGYX,0,20.3,28,Two year,Credit card (automatic),No,0.0298757216,False
1328-EUZHC,0,20.1,18,Two year,Mailed check,No,0.0298215439,False
7596-IIWYC,0,20.25,27,Two year,Bank transfer (automatic),No,0.0297727303,False
0442-TDYUO,0,20.05,48,Two year,Mailed check,No,0.0297536582,False
3720-DBRWL,0,83.85,51,Two year,Credit card (automatic),DSL,0.0297423003,False
8711-LOBKY,0,19.85,59,Two year,Mailed check,No,0.0297344305,False
9135-HSWOC,0,19.7,64,Two year,Bank transfer (automatic),No,0.0297160635,False
8441-SHIPE,0,25.6,67,Two year,Bank transfer (automatic),No,0.0296554235,False
8755-OGKNA,0,19.5,57,Two year,Bank transfer (automatic),No,0.0296283538,False
9371-BITHB,0,19.85,52,Two year,Mailed check,No,0.0295516751,False
8577-QSOCG,0,20.2,38,Two year,Mailed check,No,0.0295457492,False
1084-MNSMJ,0,85.5,51,Two year,Credit card (automatic),DSL,0.0295312015,False
7328-OWMOM,0,20.1,31,One year,Credit card (automatic),No,0.0295268643,False
7729-XBTWX,0,19.75,66,Two year,Mailed check,No,0.0295214819,False
3768-VHXQO,0,24.85,67,Two year,Credit card (automatic),No,0.0294152659,False
1722-LDZJS,0,20.2,53,One year,Credit card (automatic),No,0.0293535163,False
8380-MQINP,0,20.3,55,Two year,Mailed check,No,0.0293074941,False
3769-MHZNV,0,20.1,33,Two year,Mailed check,No,0.0292684604,False
2251-PYLPB,0,79.55,72,Two year,Credit card (automatic),DSL,0.0292659659,False
0626-QXNGV,0,24.15,72,Two year,Credit card (automatic),No,0.029239328,False
8727-JQFHV,0,20.75,57,Two year,Mailed check,No,0.0291802195,False
5605-XNWEN,0,25.0,72,Two year,Bank transfer (automatic),No,0.0291208877,False
9824-QCJPK,0,20.0,36,One year,Mailed check,No,0.0289753081,False
6348-SNFUS,0,55.45,72,Two year,Credit card (automatic),DSL,0.0289303579,False
5148-HKFIR,0,19.7,20,Two year,Mailed check,No,0.0287795161,False
5093-FEGLU,0,19.65,47,Two year,Bank transfer (automatic),No,0.0287530773,False
4641-FROLU,0,19.3,30,Two year,Mailed check,No,0.0286903482,False
8219-VYBVI,0,25.0,39,Two year,Mailed check,No,0.0286840925,False
8838-GPHZP,0,20.6,63,Two year,Mailed check,No,0.028667648,False
7101-HRBLJ,0,83.7,72,Two year,Bank transfer (automatic),DSL,0.0286448544,False
9339-FIIJL,0,85.95,72,Two year,Bank transfer (automatic),DSL,0.0285830124,False
6656-GULJQ,0,83.55,72,Two year,Credit card (automatic),DSL,0.0285682092,False
6762-QVYJO,0,59.75,58,Two year,Mailed check,DSL,0.0285608846,False
4698-KVLLG,0,19.6,51,Two year,Credit card (automatic),No,0.028487034,False
5787-KXGIY,0,19.3,72,Two year,Credit card (automatic),No,0.0284799023,False
7301-ABVAD,0,86.6,72,Two year,Bank transfer (automatic),DSL,0.0284491509,False
3635-QQRQD,0,20.05,62,Two year,Credit card (automatic),No,0.0283739673,False
1635-NZATJ,0,25.45,71,Two year,Credit card (automatic),No,0.0283652169,False
5871-DGTXZ,0,19.8,32,One year,Mailed check,No,0.0281534401,False
2900-PHPLN,0,19.55,70,Two year,Credit card (automatic),No,0.0280467124,False
4656-CAURT,0,23.95,69,Two year,Bank transfer (automatic),No,0.0279988461,False
9397-TZSHA,0,24.6,69,Two year,Credit card (automatic),No,0.0279891476,False
1240-HCBOH,0,26.1,67,Two year,Mailed check,No,0.0279706922,False
8039-EQPIM,0,60.25,69,Two year,Bank transfer (automatic),DSL,0.0278957159,False
1395-WSWXR,0,20.75,24,Two year,Mailed check,No,0.0278664138,False
9087-EYCPR,0,25.0,60,Two year,Mailed check,No,0.0278132821,False
8173-RXAYP,0,19.7,24,Two year,Mailed check,No,0.0276712847,False
3154-HMWUU,0,20.5,60,Two year,Bank transfer (automatic),No,0.0276186136,False
3262-EIDHV,0,84.7,72,Two year,Credit card (automatic),DSL,0.0275861619,False
5542-NKVRU,0,20.75,42,Two year,Bank transfer (automatic),No,0.0275541051,False
3071-MVJCD,0,82.3,72,Two year,Bank transfer (automatic),DSL,0.027506756,False
2097-YVPKN,0,25.75,65,Two year,Mailed check,No,0.0274992177,False
9091-WTUUY,0,69.25,64,Two year,Mailed check,DSL,0.027496081,False
5821-MMEIL,0,19.9,57,Two year,Bank transfer (automatic),No,0.0274853598,False
1270-XKUCC,0,19.7,30,Two year,Mailed check,No,0.0274493579,False
3454-JFUBC,0,20.0,68,Two year,Credit card (automatic),No,0.0274191987,False
0562-FGDCR,0,74.55,72,Two year,Mailed check,DSL,0.0273805041,False
9916-AYHTC,0,19.85,48,Two year,Credit card (automatic),No,0.0273299415,False
7321-KKSDU,0,20.5,32,Two year,Mailed check,No,0.0272555982,False
8590-OHDIW,0,20.3,38,One year,Mailed check,No,0.0272206698,False
1970-KKFWL,0,23.3,35,Two year,Bank transfer (automatic),No,0.0271991325,False
6614-YWYSC,0,25.0,61,Two year,Bank transfer (automatic),No,0.0271931999,False
2509-TFPJU,0,25.75,72,Two year,Credit card (automatic),No,0.0271734966,False
8917-FAEMR,0,19.85,37,Two year,Mailed check,No,0.0271374805,False
9593-CVZKR,0,24.45,56,Two year,Mailed check,No,0.0271227997,False
5334-AFQJB,0,25.1,72,Two year,Credit card (automatic),No,0.0270635667,False
8859-DZTGQ,0,20.35,33,Two year,Mailed check,No,0.0270161085,False
3512-IZIKN,1,65.3,70,Two year,Credit card (automatic),DSL,0.0268885623,True
8922-NPKBJ,0,19.35,42,Two year,Mailed check,No,0.0268765761,False
2729-VNVAP,0,19.8,33,Two year,Credit card (automatic),No,0.0268655834,False
7996-MHXLW,0,25.15,66,Two year,Credit card (automatic),No,0.0268459069,False
6408-WHTEF,0,89.4,72,Two year,Mailed check,DSL,0.0268429091,False
5480-XTFFL,0,21.0,31,Two year,Mailed check,No,0.0267933885,False
4335-BSMJS,0,25.8,62,Two year,Credit card (automatic),No,0.0267649658,False
2799-TSLAG,0,25.3,65,Two year,Bank transfer (automatic),No,0.0267020028,False
3460-TJBWI,0,24.2,24,Two year,Mailed check,No,0.0266609426,False
1834-WULEG,0,20.25,24,One year,Mailed check,No,0.0266427388,False
3973-SKMLN,0,19.9,71,Two year,Credit card (automatic),No,0.0265270381,False
9430-NKQLY,0,25.1,72,Two year,Credit card (automatic),No,0.0264802492,False
6485-QXWWE,0,26.0,62,Two year,Bank transfer (automatic),No,0.0264017347,False
8966-SNIZF,0,19.45,70,Two year,Bank transfer (automatic),No,0.0263083225,False
5549-ZGHFB,0,24.95,50,Two year,Mailed check,No,0.026302478,False
8544-JNBOX,0,20.8,72,Two year,Mailed check,No,0.0262603697,False
1027-LKKQQ,0,80.45,72,Two year,Bank transfer (automatic),DSL,0.026193279,False
6115-ZTBFQ,0,65.5,72,Two year,Bank transfer (automatic),DSL,0.026088912,False
1705-GUHPV,0,24.2,63,Two year,Mailed check,No,0.0259800433,False
2990-OGYTD,0,86.15,67,Two year,Bank transfer (automatic),DSL,0.0259480457,False
2882-WDTBA,0,75.75,69,Two year,Bank transfer (automatic),DSL,0.0259341502,False
7601-GNDYK,0,19.6,35,Two year,Mailed check,No,0.0259170496,False
3274-NSDWE,0,19.6,68,Two year,Credit card (automatic),No,0.0258690685,False
4534-WGCIR,0,25.15,58,Two year,Credit card (automatic),No,0.0258646747,False
7596-ZYWBB,0,59.6,65,Two year,Mailed check,DSL,0.0258470172,False
1089-XZWHH,0,19.7,24,Two year,Mailed check,No,0.02582817,False
9938-PRCVK,0,19.7,41,Two year,Bank transfer (automatic),No,0.0258268546,False
5743-KHMNA,0,25.55,71,Two year,Bank transfer (automatic),No,0.025788449,False
3146-MSEGF,0,88.05,72,Two year,Credit card (automatic),DSL,0.0257798614,False
4652-ODEVH,0,24.45,45,Two year,Mailed check,No,0.0257248626,False
9443-JUBUO,0,65.25,72,Two year,Credit card (automatic),DSL,0.0256855497,False
7190-XHTWJ,0,19.3,38,One year,Mailed check,No,0.0256057983,False
2146-EGVDT,0,19.3,59,Two year,Credit card (automatic),No,0.0255567655,False
1926-QUZNN,0,25.25,72,Two year,Bank transfer (automatic),No,0.0255406034,False
3873-WOSBC,0,25.6,67,Two year,Credit card (automatic),No,0.0255360087,False
5793-YOLJN,0,21.0,55,Two year,Mailed check,No,0.0255182188,False
8631-NBHFZ,1,79.4,66,Two year,Credit card (automatic),DSL,0.0253999331,True
0363-SVHYR,0,86.85,71,Two year,Bank transfer (automatic),DSL,0.0253990949,False
7508-DQAKK,0,86.4,64,Two year,Credit card (automatic),DSL,0.0253845584,False
5197-LQXXH,0,83.3,71,Two year,Credit card (automatic),DSL,0.025358943,False
4973-MGTON,0,84.4,71,Two year,Credit card (automatic),DSL,0.0253424269,False
0625-AFOHS,0,20.2,29,Two year,Mailed check,No,0.025235372,False
2266-FUBDZ,0,19.35,15,Two year,Mailed check,No,0.0251920995,False
8100-PNJMH,0,88.85,68,Two year,Credit card (automatic),DSL,0.0251877532,False
2511-ALLCS,0,24.3,35,Two year,Bank transfer (automatic),No,0.0250786819,False
5465-BUBFA,0,19.3,41,Two year,Bank transfer (automatic),No,0.0250346151,False
8896-RAZCR,0,19.9,44,Two year,Mailed check,No,0.0250168757,False
3580-GICBM,0,24.2,61,Two year,Mailed check,No,0.0249662612,False
2804-ETQDK,0,20.55,66,Two year,Mailed check,No,0.0249526595,False
5781-RFZRP,0,73.5,71,Two year,Credit card (automatic),DSL,0.0249379835,False
9975-GPKZU,0,19.75,46,Two year,Credit card (automatic),No,0.0248909312,False
5666-MBJPT,0,25.1,65,Two year,Bank transfer (automatic),No,0.0247999147,False
9795-NREXC,0,85.0,64,Two year,Credit card (automatic),DSL,0.0247997483,False
0744-BIKKF,0,86.65,72,Two year,Bank transfer (automatic),DSL,0.0247915956,False
3170-NMYVV,0,20.15,50,Two year,Bank transfer (automatic),No,0.0247398481,False
1460-UZPRJ,0,19.95,60,Two year,Mailed check,No,0.0247394963,False
5848-FHRFC,0,20.05,68,Two year,Bank transfer (automatic),No,0.0247095209,False
2535-PBCGC,0,64.55,70,Two year,Bank transfer (automatic),DSL,0.0246151068,False
7608-RGIRO,0,24.4,62,Two year,Mailed check,No,0.0245886669,False
1764-VUUMT,0,19.95,66,Two year,Credit card (automatic),No,0.0245764146,False
7873-CVMAW,0,88.55,72,Two year,Credit card (automatic),DSL,0.0245667653,False
9624-EGDEQ,0,19.8,37,Two year,Mailed check,No,0.0245089984,False
4458-KVRBJ,0,25.0,59,Two year,Mailed check,No,0.0244088813,False
9418-RUKPH,0,19.95,38,Two year,Mailed check,No,0.0242991524,False
2481-SBOYW,0,25.0,61,Two year,Credit card (automatic),No,0.0242945079,False
2384-OVPSA,0,20.2,38,Two year,Mailed check,No,0.0241552194,False
8292-ITGYJ,0,24.65,45,Two year,Bank transfer (automatic),No,0.0241300565,False
5248-YGIJN,0,90.25,72,Two year,Credit card (automatic),DSL,0.0240529485,False
6365-HITVU,0,87.25,71,Two year,Credit card (automatic),DSL,0.0239764257,False
4518-FZBSX,0,20.25,42,One year,Mailed check,No,0.0239673021,False
8874-EJNSR,0,25.2,39,Two year,Mailed check,No,0.0239230238,False
3696-DFHHB,0,25.5,68,Two year,Bank transfer (automatic),No,0.0239058888,False
2418-TPEUN,0,19.8,56,Two year,Credit card (automatic),No,0.0238039382,False
4707-MAXGU,0,25.85,72,Two year,Credit card (automatic),No,0.0237944629,False
9435-JMLSX,0,86.1,71,Two year,Bank transfer (automatic),DSL,0.0237232622,False
8207-VVMYB,0,26.0,70,Two year,Bank transfer (automatic),No,0.0237187955,False
5485-ITNPC,0,85.9,66,Two year,Bank transfer (automatic),DSL,0.0235764351,False
0040-HALCW,0,20.4,54,Two year,Credit card (automatic),No,0.0235551721,False
0281-CNTZX,0,19.95,63,Two year,Bank transfer (automatic),No,0.023522218,False
8908-NMQTX,0,65.6,72,Two year,Bank transfer (automatic),DSL,0.0235019199,False
8402-OOOHJ,0,20.65,41,Two year,Mailed check,No,0.0234664281,False
2181-TIDSV,0,19.95,68,Two year,Bank transfer (automatic),No,0.0233764956,False
3148-AOIQT,0,24.95,69,Two year,Credit card (automatic),No,0.0232506702,False
6619-RPLQZ,0,20.85,45,Two year,Mailed check,No,0.0231135165,False
5115-GZDEL,0,67.2,72,Two year,Credit card (automatic),DSL,0.0230413289,False
0397-ZXWQF,0,20.5,67,Two year,Bank transfer (automatic),No,0.0230080072,False
3118-UHVVQ,0,25.8,68,Two year,Credit card (automatic),No,0.0229776715,False
0318-ZOPWS,0,20.15,49,Two year,Bank transfer (automatic),No,0.0229505929,False
6134-KWTBV,0,23.4,62,Two year,Bank transfer (automatic),No,0.0228713579,False
0354-VXMJC,0,19.6,23,Two year,Credit card (automatic),No,0.0227646783,False
9415-ZNBSX,0,89.0,70,Two year,Bank transfer (automatic),DSL,0.0227048068,False
9585-KKMFD,0,20.0,41,Two year,Mailed check,No,0.0226566565,False
5208-FVQKB,0,67.95,70,Two year,Mailed check,DSL,0.0226192756,False
7860-UXCRM,0,74.5,63,Two year,Credit card (automatic),DSL,0.0225841551,False
1945-XISKS,0,19.65,67,Two year,Mailed check,No,0.0225198796,False
1131-QQZEB,0,23.95,71,Two year,Bank transfer (automatic),No,0.0225198325,False
4625-LAMOB,0,20.4,44,Two year,Credit card (automatic),No,0.0224660288,False
2208-NKVVH,0,24.25,43,Two year,Mailed check,No,0.0224297865,False
4334-HOWRP,0,64.95,72,Two year,Credit card (automatic),DSL,0.0224266636,False
2560-WBWXF,0,24.15,68,Two year,Bank transfer (automatic),No,0.0224127389,False
9392-XBGTD,0,20.6,27,Two year,Mailed check,No,0.022408408,False
3097-FQTVJ,0,20.0,41,Two year,Mailed check,No,0.0223909326,False
6345-FZOQH,0,19.9,69,Two year,Mailed check,No,0.022329411,False
1106-HRLKZ,0,19.6,40,Two year,Mailed check,No,0.0223104702,False
8450-LUGUK,0,24.1,37,Two year,Bank transfer (automatic),No,0.0221705539,False
6479-SZPLM,0,19.45,36,Two year,Credit card (automatic),No,0.0221330018,False
7267-FRMJW,0,20.1,25,Two year,Mailed check,No,0.0220493007,False
4625-XMOYM,0,26.25,72,Two year,Bank transfer (automatic),No,0.0219764582,False
7480-SPLEF,0,26.0,69,Two year,Bank transfer (automatic),No,0.0219720677,False
1248-DYXUB,0,24.8,52,Two year,Mailed check,No,0.0218356532,False
3836-FZSDJ,0,24.85,71,Two year,Bank transfer (automatic),No,0.0217892696,False
6917-FIJHC,0,26.0,72,Two year,Mailed check,No,0.0217668576,False
5680-LQOGP,0,82.45,68,Two year,Credit card (automatic),DSL,0.02172717,False
4884-LEVMQ,0,20.45,39,Two year,Bank transfer (automatic),No,0.0217229235,False
1767-CJKBA,0,25.1,66,Two year,Mailed check,No,0.0217047743,False
9257-AZMTZ,0,20.1,52,Two year,Bank transfer (automatic),No,0.0216379018,False
6461-SZMCV,0,87.95,71,Two year,Bank transfer (automatic),DSL,0.0215672542,False
7293-LSCDV,0,19.25,60,Two year,Credit card (automatic),No,0.0214177167,False
8338-QIUNR,0,66.5,72,Two year,Credit card (automatic),DSL,0.0213732282,False
8022-BECSI,0,19.6,22,One year,Mailed check,No,0.0213275451,False
5296-BFCYD,0,20.1,46,Two year,Mailed check,No,0.0212405945,False
7033-CLAMM,0,20.2,48,Two year,Bank transfer (automatic),No,0.0211611114,False
7969-FFOWG,0,19.9,65,Two year,Mailed check,No,0.0211449375,False
4735-BJKOU,0,20.15,40,Two year,Mailed check,No,0.0210622164,False
1043-YCUTE,1,25.15,56,Two year,Credit card (automatic),No,0.0210385768,True
3190-ITQXP,0,20.25,46,Two year,Bank transfer (automatic),No,0.0209943415,False
7515-LODFU,0,20.3,69,Two year,Credit card (automatic),No,0.0209779824,False
1087-GRUYI,0,20.4,38,Two year,Bank transfer (automatic),No,0.0209752971,False
1862-QRWPE,0,20.65,48,Two year,Bank transfer (automatic),No,0.0209078276,False
7328-ZJAJO,0,19.5,59,Two year,Credit card (automatic),No,0.0208878447,False
8215-NGSPE,0,20.0,42,Two year,Mailed check,No,0.0208747686,False
1223-UNPKS,0,20.05,20,Two year,Mailed check,No,0.0208724744,False
9710-NJERN,0,20.15,39,Two year,Mailed check,No,0.0208072489,False
3400-ESFUW,1,57.55,55,Two year,Bank transfer (automatic),DSL,0.0207598634,True
2642-MAWLJ,0,20.25,36,Two year,Bank transfer (automatic),No,0.0207211861,False
0230-WEQUW,0,56.6,66,Two year,Bank transfer (automatic),DSL,0.0206027793,False
2378-YIZKA,0,85.0,68,Two year,Credit card (automatic),DSL,0.0205986452,False
3985-HOYPM,0,19.4,26,One year,Mailed check,No,0.0203963273,False
9365-CSLBQ,0,24.35,71,Two year,Mailed check,No,0.0203938141,False
8532-UEFWH,0,25.75,52,Two year,Mailed check,No,0.0203896373,False
7205-BAIAD,0,20.6,40,Two year,Bank transfer (automatic),No,0.0203018611,False
2072-ZVJJX,0,25.25,68,Two year,Bank transfer (automatic),No,0.0202267143,False
1468-DEFNC,0,24.4,64,Two year,Bank transfer (automatic),No,0.020219446,False
8092-NLTGF,0,24.75,72,Two year,Bank transfer (automatic),No,0.0200844812,False
4979-HPRFL,0,24.15,56,Two year,Bank transfer (automatic),No,0.0199750382,False
4967-WPNCF,0,63.7,72,Two year,Bank transfer (automatic),DSL,0.0199606469,False
7951-QKZPL,1,24.5,33,Two year,Mailed check,No,0.0199520163,True
5115-SQAAU,0,25.6,69,Two year,Bank transfer (automatic),No,0.0198378647,False
4086-WITJG,0,19.7,71,Two year,Credit card (automatic),No,0.0197443156,False
9453-PATOS,0,85.1,72,Two year,Mailed check,DSL,0.0197329093,False
6762-NSODU,0,19.4,46,Two year,Credit card (automatic),No,0.019698912,False
0531-XBKMM,0,65.7,66,Two year,Bank transfer (automatic),DSL,0.0196294289,False
0784-ZQJZX,0,19.9,72,Two year,Credit card (automatic),No,0.0196250085,False
6169-PPETC,0,20.5,35,Two year,Bank transfer (automatic),No,0.0194383317,False
2569-WGERO,0,21.15,72,Two year,Bank transfer (automatic),No,0.0194086724,False
6695-AMZUF,0,86.45,70,Two year,Credit card (automatic),DSL,0.0193218712,False
0404-AHASP,0,19.7,72,Two year,Credit card (automatic),No,0.0192732056,False
5997-OPVFA,0,89.05,72,Two year,Bank transfer (automatic),DSL,0.019246343,False
4291-TPNFG,0,82.3,72,Two year,Bank transfer (automatic),DSL,0.0192285235,False
6551-VLJMV,0,20.05,34,Two year,Credit card (automatic),No,0.0191939468,False
7696-CFTAT,0,19.8,37,Two year,Bank transfer (automatic),No,0.0191337278,False
7558-IMLMT,0,20.8,67,Two year,Mailed check,No,0.0191249864,False
3970-XGJDU,0,19.2,62,Two year,Credit card (automatic),No,0.0190496113,False
7014-ZZXAW,0,24.25,71,Two year,Credit card (automatic),No,0.0189397835,False
2207-RYYRL,0,24.55,52,Two year,Mailed check,No,0.0188875608,False
1207-BLKSA,0,23.05,52,Two year,Mailed check,No,0.0187117786,False
3913-RDSJZ,0,25.55,64,Two year,Mailed check,No,0.0186925258,False
6770-UAYGJ,0,25.25,49,Two year,Mailed check,No,0.0186007485,False
0229-LFJAF,0,69.65,72,Two year,Bank transfer (automatic),DSL,0.0185982466,False
5176-LMJXE,0,20.55,47,Two year,Mailed check,No,0.0184498151,False
0301-FIDRB,0,63.8,72,Two year,Bank transfer (automatic),DSL,0.0183724803,False
6892-BOGQE,0,20.9,71,Two year,Bank transfer (automatic),No,0.0183431329,False
2796-NNUFI,0,19.95,46,Two year,Mailed check,No,0.0183041702,False
0174-QRVVY,0,25.35,71,Two year,Credit card (automatic),No,0.0183031035,False
0909-SELIE,0,80.8,61,Two year,Bank transfer (automatic),DSL,0.0182314026,False
4804-NCPET,0,20.2,19,Two year,Mailed check,No,0.0180275218,False
9297-EONCV,0,91.35,72,Two year,Bank transfer (automatic),DSL,0.0179198902,False
6122-LJADA,0,90.15,70,Two year,Credit card (automatic),DSL,0.0178867506,False
5220-AGAAX,0,24.0,68,Two year,Bank transfer (automatic),No,0.0175984954,False
6734-JDTTV,0,19.85,65,Two year,Credit card (automatic),No,0.017548033,False
5982-XMDEX,0,26.5,65,Two year,Bank transfer (automatic),No,0.0175116043,False
7606-BPHHN,0,19.8,72,Two year,Credit card (automatic),No,0.0175015733,False
6024-RUGGH,0,25.2,72,Two year,Bank transfer (automatic),No,0.0174944287,False
4785-FCIFB,0,24.4,61,Two year,Mailed check,No,0.0173609179,False
1709-EJDOX,0,19.75,47,Two year,Mailed check,No,0.0173602256,False
0932-YIXYU,0,20.25,47,Two year,Credit card (automatic),No,0.0172551893,False
0769-MURVM,0,65.7,72,Two year,Bank transfer (automatic),DSL,0.0172106411,False
2607-DHDAK,0,19.8,72,Two year,Credit card (automatic),No,0.0172077497,False
2626-VEEWG,0,19.4,67,Two year,Credit card (automatic),No,0.0170912752,False
4139-DETXS,0,64.45,72,Two year,Bank transfer (automatic),DSL,0.0170835027,False
8774-GSBUN,0,25.4,72,Two year,Mailed check,No,0.0170025038,False
4312-KFRXN,0,25.4,72,Two year,Mailed check,No,0.0170025038,False
8232-UTFOZ,0,19.95,69,Two year,Credit card (automatic),No,0.016997916,False
2848-YXSMW,0,19.4,72,Two year,Credit card (automatic),No,0.0168704372,False
7167-PCEYD,0,19.8,67,Two year,Mailed check,No,0.0168383521,False
6484-LATFU,0,24.55,68,Two year,Mailed check,No,0.0168346369,False
2176-OSJUV,0,65.15,71,Two year,Bank transfer (automatic),DSL,0.0167437588,False
0603-TPMIB,0,25.45,59,Two year,Mailed check,No,0.0167024024,False
8028-PNXHQ,0,24.25,62,Two year,Bank transfer (automatic),No,0.0166081346,False
1852-QSWCD,0,24.8,64,Two year,Mailed check,No,0.0166047007,False
4779-ZGICK,0,23.55,48,Two year,Mailed check,No,0.0165607056,False
4018-PPNDW,0,24.1,61,Two year,Mailed check,No,0.0164798936,False
7579-KKLOE,0,91.25,71,Two year,Mailed check,DSL,0.0163212262,False
4821-WQOYN,0,20.1,72,Two year,Credit card (automatic),No,0.0161793796,False
0485-ZBSLN,0,24.75,65,Two year,Credit card (automatic),No,0.0161235133,False
9173-IVZVP,0,20.9,53,Two year,Mailed check,No,0.01609419,False
0831-JNISG,0,19.8,71,Two year,Mailed check,No,0.0160860228,False
7083-MIOPC,0,20.25,72,Two year,Credit card (automatic),No,0.016072621,False
3774-VBNXY,0,20.2,64,Two year,Mailed check,No,0.0160430505,False
3451-VAWLI,0,19.7,35,Two year,Credit card (automatic),No,0.0159980145,False
6370-ZVHDV,0,25.3,61,Two year,Bank transfer (automatic),No,0.015918331,False
7503-EPSZW,0,24.05,64,Two year,Mailed check,No,0.0159049613,False
5980-BDHPY,0,87.1,72,Two year,Bank transfer (automatic),DSL,0.0158823174,False
5846-ABOBJ,0,24.45,71,Two year,Bank transfer (automatic),No,0.0158510943,False
7781-HVGMK,0,65.2,72,Two year,Credit card (automatic),DSL,0.0158412091,False
0506-YLVKJ,0,20.2,46,Two year,Mailed check,No,0.0157262786,False
7634-HLQJR,0,20.05,47,Two year,Credit card (automatic),No,0.0156908742,False
7980-MHFLQ,0,24.9,72,Two year,Mailed check,No,0.0153826179,False
5970-GHJAW,0,19.95,46,Two year,Credit card (automatic),No,0.0153451133,False
4900-MSOMT,0,80.2,72,Two year,Bank transfer (automatic),DSL,0.0153310426,False
0902-RFHOF,0,20.1,38,One year,Mailed check,No,0.0153175562,False
1080-BWSYE,0,25.65,64,Two year,Credit card (automatic),No,0.0153108238,False
9068-FHQHD,0,20.15,40,Two year,Bank transfer (automatic),No,0.0152686514,False
8946-BFWSG,0,25.25,63,Two year,Mailed check,No,0.015255269,False
7161-DFHUF,0,23.85,71,Two year,Mailed check,No,0.0152090807,False
2050-ONYDQ,0,26.0,65,Two year,Credit card (automatic),No,0.0150271295,False
5804-JMYIO,0,19.75,39,Two year,Mailed check,No,0.0150117965,False
6923-AQONU,0,20.9,23,Two year,Mailed check,No,0.014837971,False
1167-OYZJF,0,20.05,67,Two year,Bank transfer (automatic),No,0.0147299725,False
3865-ZFZIB,0,19.65,19,Two year,Mailed check,No,0.0145561972,False
5124-EOGYE,0,20.45,31,Two year,Mailed check,No,0.0144868854,False
8540-ZQGEA,0,20.05,54,Two year,Credit card (automatic),No,0.0144602322,False
5902-WBLSE,0,20.15,70,Two year,Credit card (automatic),No,0.0144583406,False
6685-XSHHU,0,20.95,60,Two year,Bank transfer (automatic),No,0.0144112178,False
7162-WPHPM,0,71.6,58,Two year,Credit card (automatic),DSL,0.0144103609,False
3642-BYHDO,0,19.9,71,Two year,Bank transfer (automatic),No,0.0144073255,False
1293-BSEUN,0,20.7,72,Two year,Mailed check,No,0.014372138,False
2990-IAJSV,0,92.0,72,Two year,Bank transfer (automatic),DSL,0.0143434835,False
2545-LXYVJ,0,20.7,72,Two year,Bank transfer (automatic),No,0.0143230872,False
3308-DGHKL,0,19.3,69,Two year,Bank transfer (automatic),No,0.0142404719,False
2400-FEQME,0,20.5,55,Two year,Mailed check,No,0.0142301138,False
3810-PJUHR,0,25.35,70,Two year,Mailed check,No,0.01409194,False
6010-DDPPW,0,25.15,70,Two year,Bank transfer (automatic),No,0.0140758731,False
9838-BFCQT,0,26.1,72,Two year,Mailed check,No,0.0140463314,False
1555-HAPSU,0,23.9,71,Two year,Credit card (automatic),No,0.0140163447,False
5799-JRCZO,0,19.5,63,Two year,Credit card (automatic),No,0.0138402185,False
7096-ZNBZI,0,26.45,72,Two year,Credit card (automatic),No,0.0136621515,False
1657-DYMBM,0,19.9,53,Two year,Credit card (automatic),No,0.0136279619,False
6651-RLGGM,0,26.3,67,Two year,Mailed check,No,0.0134949821,False
7898-PDWQE,0,80.4,71,Two year,Credit card (automatic),DSL,0.0133589665,False
9081-WWXKP,0,20.25,47,Two year,Credit card (automatic),No,0.0133520269,False
8197-BFWVU,0,93.25,72,Two year,Bank transfer (automatic),DSL,0.0133097547,False
2169-RRLFW,0,25.6,71,Two year,Credit card (automatic),No,0.0132088979,False
5242-UOWHD,0,20.35,45,Two year,Mailed check,No,0.0131435825,False
0936-NQLJU,0,20.65,41,Two year,Credit card (automatic),No,0.0131402407,False
6139-ZZRBQ,0,20.05,64,Two year,Bank transfer (automatic),No,0.0130774666,False
3027-YNWZU,0,25.0,64,Two year,Credit card (automatic),No,0.0130756895,False
7225-IILWY,0,25.75,68,Two year,Mailed check,No,0.0129764456,False
5854-KSRBJ,0,25.4,70,Two year,Mailed check,No,0.0129764456,False
2718-YSKCS,0,19.6,71,Two year,Bank transfer (automatic),No,0.0129270788,False
4589-IUAJB,0,24.25,70,Two year,Bank transfer (automatic),No,0.0129117742,False
8735-SDUFN,0,24.3,72,Two year,Bank transfer (automatic),No,0.0128668842,False
0505-SPOOW,0,19.8,70,Two year,Bank transfer (automatic),No,0.0127256688,False
2236-HILPA,0,20.65,62,Two year,Credit card (automatic),No,0.0127066583,False
6181-AXXYF,0,24.75,72,Two year,Credit card (automatic),No,0.0126768073,False
8164-OCKUJ,0,20.6,59,Two year,Mailed check,No,0.0125269479,False
0562-HKHML,0,23.9,71,Two year,Credit card (automatic),No,0.0125145085,False
0704-VCUMB,0,20.25,61,Two year,Credit card (automatic),No,0.012472956,False
1820-DJFPH,0,24.05,72,Two year,Bank transfer (automatic),No,0.0124599868,False
8749-TZYEC,0,24.8,72,Two year,Credit card (automatic),No,0.0124400096,False
0971-QIFJK,0,24.25,69,Two year,Bank transfer (automatic),No,0.0124176084,False
5567-GZKQY,0,20.3,58,Two year,Credit card (automatic),No,0.0123967367,False
5884-FBCTL,0,25.1,72,Two year,Bank transfer (automatic),No,0.0122482302,False
0508-SQWPL,0,20.1,57,Two year,Bank transfer (automatic),No,0.0121708215,False
4565-NLZBV,0,24.65,71,Two year,Bank transfer (automatic),No,0.0121118732,False
0480-KYJVA,0,24.25,72,Two year,Credit card (automatic),No,0.0120327456,False
3373-DIUUN,0,21.25,30,Two year,Mailed check,No,0.0118413358,False
4836-WNFNO,0,25.0,72,Two year,Credit card (automatic),No,0.0117895221,False
6621-NRZAK,0,20.0,63,Two year,Credit card (automatic),No,0.0117573857,False
3646-ITDGM,0,19.7,56,Two year,Bank transfer (automatic),No,0.0117498196,False
1241-EZFMJ,0,25.45,61,Two year,Bank transfer (automatic),No,0.0116507555,False
8347-GDTMP,0,19.45,64,Two year,Credit card (automatic),No,0.0115780401,False
1591-XWLGB,0,19.85,71,Two year,Credit card (automatic),No,0.0115742378,False
0264-CNITK,0,20.1,71,Two year,Bank transfer (automatic),No,0.0115271701,False
4609-KNNWG,0,19.9,27,Two year,Mailed check,No,0.0114576743,False
6340-DACFT,0,20.55,50,Two year,Credit card (automatic),No,0.0114472726,False
4231-LZUYM,0,25.65,72,Two year,Bank transfer (automatic),No,0.011445436,False
8780-IHCRN,0,24.65,63,Two year,Credit card (automatic),No,0.0114320807,False
7695-PKLCZ,0,20.5,68,Two year,Credit card (automatic),No,0.0114262801,False
2696-RZVZW,0,25.05,68,Two year,Credit card (automatic),No,0.0113994106,False
2230-XTUWL,0,19.55,48,Two year,Mailed check,No,0.011348545,False
0640-YJTPY,0,21.0,72,Two year,Bank transfer (automatic),No,0.0112708619,False
3764-MNMOI,0,19.2,46,Two year,Credit card (automatic),No,0.0112593604,False
0902-XKXPN,0,20.2,69,Two year,Bank transfer (automatic),No,0.011245701,False
2346-LOCWC,0,20.5,58,Two year,Credit card (automatic),No,0.0111928612,False
1299-AURJA,0,24.7,70,Two year,Bank transfer (automatic),No,0.0111423559,False
9065-ZCPQX,0,78.85,72,Two year,Bank transfer (automatic),DSL,0.0110963733,False
5766-FTRTS,0,84.45,72,Two year,Mailed check,DSL,0.0110720586,False
1987-AUELQ,0,25.05,71,Two year,Credit card (automatic),No,0.0110441462,False
3910-MRQOY,0,19.4,72,Two year,Bank transfer (automatic),No,0.0109823247,False
0825-CPPQH,0,19.1,71,Two year,Credit card (automatic),No,0.0109761934,False
7602-DBTOU,0,19.6,71,Two year,Mailed check,No,0.0109215585,False
4193-IBKSW,0,24.75,72,Two year,Bank transfer (automatic),No,0.0108798881,False
4878-BUNFV,0,20.7,42,Two year,Mailed check,No,0.0107371902,False
6857-TKDJV,0,24.65,67,Two year,Bank transfer (automatic),No,0.0107004457,False
5845-BZZIB,0,20.1,35,Two year,Mailed check,No,0.0106901819,False
5377-NDTOU,0,91.05,71,Two year,Mailed check,DSL,0.0106500713,False
0464-WJTKO,0,20.1,72,Two year,Bank transfer (automatic),No,0.0106192367,False
8229-BUJHX,0,20.5,71,Two year,Bank transfer (automatic),No,0.0105376454,False
3508-VLHCZ,0,90.55,71,Two year,Credit card (automatic),DSL,0.0104968025,False
1098-KFQEC,0,19.4,55,Two year,Credit card (automatic),No,0.0104789163,False
0794-YVSGE,0,20.3,72,Two year,Bank transfer (automatic),No,0.0104367335,False
2300-RQGOI,0,20.05,38,Two year,Mailed check,No,0.010252278,False
3261-CQXOL,0,25.45,71,Two year,Bank transfer (automatic),No,0.0101158521,False
8224-KDLKN,0,25.0,72,Two year,Bank transfer (automatic),No,0.0100759034,False
1166-PQLGG,0,19.55,72,Two year,Bank transfer (automatic),No,0.0100054179,False
6848-HJTXY,0,19.45,64,Two year,Credit card (automatic),No,0.0098852259,False
3777-XROBG,0,19.55,58,Two year,Credit card (automatic),No,0.0097736139,False
7717-BICXI,0,20.55,60,Two year,Mailed check,No,0.0097646253,False
3173-WSSUE,0,19.7,71,Two year,Credit card (automatic),No,0.0096426913,False
9153-BTBVV,0,25.0,71,Two year,Bank transfer (automatic),No,0.0095527963,False
9574-BOSMD,0,25.4,68,Two year,Bank transfer (automatic),No,0.009500107,False
7711-GQBZC,0,24.7,71,Two year,Bank transfer (automatic),No,0.0094952314,False
0402-OAMEN,0,24.45,72,Two year,Bank transfer (automatic),No,0.009485735,False
6963-KQYQB,0,24.05,70,Two year,Mailed check,No,0.0094835503,False
7115-IRDHS,0,24.65,72,Two year,Bank transfer (automatic),No,0.0093971261,False
2632-TACXW,0,23.65,62,Two year,Bank transfer (automatic),No,0.009390069,False
9489-JMTTN,0,89.75,72,Two year,Credit card (automatic),DSL,0.0093893574,False
2925-VDZHY,0,88.7,72,Two year,Credit card (automatic),DSL,0.0093031824,False
3996-ZNWYK,0,19.8,71,Two year,Credit card (automatic),No,0.0092677612,False
7463-IFMQU,0,20.05,72,Two year,Bank transfer (automatic),No,0.0092503086,False
7876-DNYAP,0,19.8,69,Two year,Credit card (automatic),No,0.0092264499,False
1830-IPXVJ,0,19.75,61,Two year,Credit card (automatic),No,0.0092193571,False
8165-ZJRNM,0,23.75,72,Two year,Bank transfer (automatic),No,0.0091174611,False
4195-PNGZS,0,24.45,69,Two year,Bank transfer (automatic),No,0.0090605509,False
8750-QWZAJ,0,19.8,70,Two year,Bank transfer (automatic),No,0.0089776366,False
0582-AVCLN,0,20.3,38,Two year,Mailed check,No,0.0089096331,False
2984-RGEYA,0,19.75,69,Two year,Bank transfer (automatic),No,0.0088210654,False
6734-PSBAW,0,23.55,72,Two year,Bank transfer (automatic),No,0.008698294,False
6285-FTQBF,0,25.55,72,Two year,Credit card (automatic),No,0.0086824611,False
5117-ZSMHQ,0,89.9,71,Two year,Bank transfer (automatic),DSL,0.0086491031,False
1403-GYAFU,0,20.05,70,Two year,Credit card (automatic),No,0.0086439662,False
6976-BWGLQ,0,25.2,72,Two year,Bank transfer (automatic),No,0.0085762518,False
1052-QJIBV,0,19.9,71,Two year,Credit card (automatic),No,0.0085688086,False
7684-XSZIY,0,24.3,72,Two year,Bank transfer (automatic),No,0.0085233035,False
6060-QBMGV,0,19.85,70,Two year,Credit card (automatic),No,0.0084799996,False
0238-WHBIQ,0,89.7,72,Two year,Credit card (automatic),DSL,0.008462647,False
4443-EMBNA,0,24.75,71,Two year,Bank transfer (automatic),No,0.0084311012,False
3678-MNGZX,0,19.95,68,Two year,Bank transfer (automatic),No,0.008391462,False
0394-YONDK,0,25.15,70,Two year,Credit card (automatic),No,0.0083423389,False
0607-DAAHE,1,19.75,53,Two year,Bank transfer (automatic),No,0.0083359757,True
0042-RLHYP,0,19.7,69,Two year,Bank transfer (automatic),No,0.0082095812,False
6323-AYBRX,1,19.35,59,Two year,Mailed check,No,0.0081335122,True
2075-PUEPR,0,19.35,55,Two year,Bank transfer (automatic),No,0.0078519281,False
1574-DYCWE,0,19.95,51,Two year,Mailed check,No,0.0076679313,False
9251-AWQGT,0,20.0,48,Two year,Mailed check,No,0.007477018,False
6928-ONTRW,0,19.7,72,Two year,Credit card (automatic),No,0.0073778915,False
7010-BRBUU,0,24.1,72,Two year,Credit card (automatic),No,0.00721611,False
6701-YVNQG,0,88.7,72,Two year,Credit card (automatic),DSL,0.0071073264,False
7673-BQGKU,0,20.15,69,Two year,Bank transfer (automatic),No,0.0067666595,False
3457-PQBYH,0,20.3,58,Two year,Credit card (automatic),No,0.0067154061,False
0374-FIUCA,0,20.4,65,Two year,Credit card (automatic),No,0.0066770455,False
9800-OUIGR,0,20.0,66,Two year,Credit card (automatic),No,0.0064979782,False
6582-PLFUU,0,19.55,51,Two year,Credit card (automatic),No,0.0064763568,False
4817-KEQSP,0,19.85,71,Two year,Bank transfer (automatic),No,0.0063733075,False
5146-YYFRZ,0,19.95,67,Two year,Bank transfer (automatic),No,0.0063223771,False
6980-IMXXE,0,20.2,69,Two year,Bank transfer (automatic),No,0.0062973037,False
4957-SREEC,0,20.35,70,Two year,Credit card (automatic),No,0.0061941222,False
9537-JALFH,0,19.9,69,Two year,Bank transfer (automatic),No,0.0060979422,False
8917-SZTTJ,0,19.65,60,Two year,Credit card (automatic),No,0.006076529,False
8285-ABVLB,0,19.85,70,Two year,Credit card (automatic),No,0.0060051694,False
0962-CQPWQ,0,20.3,62,Two year,Bank transfer (automatic),No,0.0054635818,False
4277-BWBML,0,19.95,72,Two year,Bank transfer (automatic),No,0.00542261,False
7268-WNTCP,0,20.45,62,Two year,Bank transfer (automatic),No,0.0052341619,False
3507-GASNP,0,19.95,60,Two year,Mailed check,No,0.0050300001,False
1927-QEWMY,0,20.5,72,Two year,Credit card (automatic),No,0.0046496716,False
7064-JHXCE,0,20.05,62,Two year,Credit card (automatic),No,0.0041593945,False
8434-VGEQQ,0,20.55,61,Two year,Credit card (automatic),No,0.0036787163,False
